observed_at,society_litres_per_hour
2026-01-01T00:00:00+00:00,6547.28
2026-01-01T00:15:00+00:00,5481.6
2026-01-01T00:30:00+00:00,4144.0
2026-01-01T00:45:00+00:00,2851.88
2026-01-01T01:00:00+00:00,1414.44
2026-01-01T01:15:00+00:00,1409.76
2026-01-01T01:30:00+00:00,1412.76
2026-01-01T01:45:00+00:00,1400.6
2026-01-01T02:00:00+00:00,1416.52
2026-01-01T02:15:00+00:00,1415.84
2026-01-01T02:30:00+00:00,1392.96
2026-01-01T02:45:00+00:00,1413.0
2026-01-01T03:00:00+00:00,1404.16
2026-01-01T03:15:00+00:00,1417.6
2026-01-01T03:30:00+00:00,1391.96
2026-01-01T03:45:00+00:00,1417.88
2026-01-01T04:00:00+00:00,1406.28
2026-01-01T04:15:00+00:00,1417.24
2026-01-01T04:30:00+00:00,1426.6
2026-01-01T04:45:00+00:00,1422.88
2026-01-01T05:00:00+00:00,1408.2
2026-01-01T05:15:00+00:00,3748.36
2026-01-01T05:30:00+00:00,5899.84
2026-01-01T05:45:00+00:00,8109.16
2026-01-01T06:00:00+00:00,9978.52
2026-01-01T06:15:00+00:00,11482.64
2026-01-01T06:30:00+00:00,13083.0
2026-01-01T06:45:00+00:00,14003.24
2026-01-01T07:00:00+00:00,14557.88
2026-01-01T07:15:00+00:00,14904.28
2026-01-01T07:30:00+00:00,14756.6
2026-01-01T07:45:00+00:00,14335.32
2026-01-01T08:00:00+00:00,15942.2
2026-01-01T08:15:00+00:00,14670.6
2026-01-01T08:30:00+00:00,12801.56
2026-01-01T08:45:00+00:00,10964.0
2026-01-01T09:00:00+00:00,8670.24
2026-01-01T09:15:00+00:00,8154.08
2026-01-01T09:30:00+00:00,7406.44
2026-01-01T09:45:00+00:00,6639.92
2026-01-01T10:00:00+00:00,5758.76
2026-01-01T10:15:00+00:00,4817.84
2026-01-01T10:30:00+00:00,3755.92
2026-01-01T10:45:00+00:00,2740.84
2026-01-01T11:00:00+00:00,1683.64
2026-01-01T11:15:00+00:00,1670.52
2026-01-01T11:30:00+00:00,1686.0
2026-01-01T11:45:00+00:00,1654.48
2026-01-01T12:00:00+00:00,1669.28
2026-01-01T12:15:00+00:00,1658.44
2026-01-01T12:30:00+00:00,1683.44
2026-01-01T12:45:00+00:00,1673.96
2026-01-01T13:00:00+00:00,1674.76
2026-01-01T13:15:00+00:00,3348.84
2026-01-01T13:30:00+00:00,4925.32
2026-01-01T13:45:00+00:00,6389.24
2026-01-01T14:00:00+00:00,7785.68
2026-01-01T14:15:00+00:00,8846.84
2026-01-01T14:30:00+00:00,9670.52
2026-01-01T14:45:00+00:00,10133.8
2026-01-01T15:00:00+00:00,10345.4
2026-01-01T15:15:00+00:00,10265.84
2026-01-01T15:30:00+00:00,9697.68
2026-01-01T15:45:00+00:00,8888.36
2026-01-01T16:00:00+00:00,7749.48
2026-01-01T16:15:00+00:00,6515.44
2026-01-01T16:30:00+00:00,4949.2
2026-01-01T16:45:00+00:00,3372.52
2026-01-01T17:00:00+00:00,1409.6
2026-01-01T17:15:00+00:00,2305.36
2026-01-01T17:30:00+00:00,3204.08
2026-01-01T17:45:00+00:00,4075.4
2026-01-01T18:00:00+00:00,4774.88
2026-01-01T18:15:00+00:00,5577.04
2026-01-01T18:30:00+00:00,6277.88
2026-01-01T18:45:00+00:00,6791.64
2026-01-01T19:00:00+00:00,7336.48
2026-01-01T19:15:00+00:00,7738.64
2026-01-01T19:30:00+00:00,8000.88
2026-01-01T19:45:00+00:00,8240.48
2026-01-01T20:00:00+00:00,8209.44
2026-01-01T20:15:00+00:00,8157.0
2026-01-01T20:30:00+00:00,7994.8
2026-01-01T20:45:00+00:00,7650.24
2026-01-01T21:00:00+00:00,7264.36
2026-01-01T21:15:00+00:00,8263.04
2026-01-01T21:30:00+00:00,9053.84
2026-01-01T21:45:00+00:00,9546.44
2026-01-01T22:00:00+00:00,9828.92
2026-01-01T22:15:00+00:00,10056.4
2026-01-01T22:30:00+00:00,9787.28
2026-01-01T22:45:00+00:00,9373.6
2026-01-01T23:00:00+00:00,8636.44
2026-01-01T23:15:00+00:00,8693.76
2026-01-01T23:30:00+00:00,8139.36
2026-01-01T23:45:00+00:00,7333.8
2026-01-02T00:00:00+00:00,6460.84
2026-01-02T00:15:00+00:00,5374.12
2026-01-02T00:30:00+00:00,4215.64
2026-01-02T00:45:00+00:00,2829.68
2026-01-02T01:00:00+00:00,1402.84
2026-01-02T01:15:00+00:00,1417.88
2026-01-02T01:30:00+00:00,1410.44
2026-01-02T01:45:00+00:00,1412.36
2026-01-02T02:00:00+00:00,1403.68
2026-01-02T02:15:00+00:00,1410.84
2026-01-02T02:30:00+00:00,1393.72
2026-01-02T02:45:00+00:00,1416.24
2026-01-02T03:00:00+00:00,1400.68
2026-01-02T03:15:00+00:00,1396.32
2026-01-02T03:30:00+00:00,1398.0
2026-01-02T03:45:00+00:00,1414.92
2026-01-02T04:00:00+00:00,1424.32
2026-01-02T04:15:00+00:00,1405.2
2026-01-02T04:30:00+00:00,1413.0
2026-01-02T04:45:00+00:00,1410.76
2026-01-02T05:00:00+00:00,1387.6
2026-01-02T05:15:00+00:00,3704.48
2026-01-02T05:30:00+00:00,5963.32
2026-01-02T05:45:00+00:00,7995.96
2026-01-02T06:00:00+00:00,10062.16
2026-01-02T06:15:00+00:00,11544.72
2026-01-02T06:30:00+00:00,12947.12
2026-01-02T06:45:00+00:00,13917.52
2026-01-02T07:00:00+00:00,14676.92
2026-01-02T07:15:00+00:00,14770.72
2026-01-02T07:30:00+00:00,14954.76
2026-01-02T07:45:00+00:00,14108.36
2026-01-02T08:00:00+00:00,15906.2
2026-01-02T08:15:00+00:00,14458.56
2026-01-02T08:30:00+00:00,12873.64
2026-01-02T08:45:00+00:00,11031.44
2026-01-02T09:00:00+00:00,8722.8
2026-01-02T09:15:00+00:00,8057.32
2026-01-02T09:30:00+00:00,7444.0
2026-01-02T09:45:00+00:00,6626.44
2026-01-02T10:00:00+00:00,5790.32
2026-01-02T10:15:00+00:00,4773.68
2026-01-02T10:30:00+00:00,3755.84
2026-01-02T10:45:00+00:00,2739.4
2026-01-02T11:00:00+00:00,1682.2
2026-01-02T11:15:00+00:00,1699.64
2026-01-02T11:30:00+00:00,1666.76
2026-01-02T11:45:00+00:00,1685.8
2026-01-02T12:00:00+00:00,1658.6
2026-01-02T12:15:00+00:00,1657.44
2026-01-02T12:30:00+00:00,1698.04
2026-01-02T12:45:00+00:00,1661.6
2026-01-02T13:00:00+00:00,1710.68
2026-01-02T13:15:00+00:00,3349.52
2026-01-02T13:30:00+00:00,5015.6
2026-01-02T13:45:00+00:00,6482.96
2026-01-02T14:00:00+00:00,7761.28
2026-01-02T14:15:00+00:00,9012.72
2026-01-02T14:30:00+00:00,9585.52
2026-01-02T14:45:00+00:00,10158.96
2026-01-02T15:00:00+00:00,10347.36
2026-01-02T15:15:00+00:00,10085.76
2026-01-02T15:30:00+00:00,9689.84
2026-01-02T15:45:00+00:00,8872.92
2026-01-02T16:00:00+00:00,7745.04
2026-01-02T16:15:00+00:00,6507.28
2026-01-02T16:30:00+00:00,4983.68
2026-01-02T16:45:00+00:00,3369.92
2026-01-02T17:00:00+00:00,1392.44
2026-01-02T17:15:00+00:00,2306.56
2026-01-02T17:30:00+00:00,3170.08
2026-01-02T17:45:00+00:00,4064.28
2026-01-02T18:00:00+00:00,4846.96
2026-01-02T18:15:00+00:00,5573.44
2026-01-02T18:30:00+00:00,6200.48
2026-01-02T18:45:00+00:00,6827.24
2026-01-02T19:00:00+00:00,7388.88
2026-01-02T19:15:00+00:00,7759.32
2026-01-02T19:30:00+00:00,7957.48
2026-01-02T19:45:00+00:00,8101.08
2026-01-02T20:00:00+00:00,8235.76
2026-01-02T20:15:00+00:00,8085.28
2026-01-02T20:30:00+00:00,8077.4
2026-01-02T20:45:00+00:00,7660.76
2026-01-02T21:00:00+00:00,7291.88
2026-01-02T21:15:00+00:00,8335.52
2026-01-02T21:30:00+00:00,8936.0
2026-01-02T21:45:00+00:00,9558.24
2026-01-02T22:00:00+00:00,9920.52
2026-01-02T22:15:00+00:00,10102.0
2026-01-02T22:30:00+00:00,9858.32
2026-01-02T22:45:00+00:00,9496.28
2026-01-02T23:00:00+00:00,8668.12
2026-01-02T23:15:00+00:00,8539.88
2026-01-02T23:30:00+00:00,8174.24
2026-01-02T23:45:00+00:00,7377.64
2026-01-03T00:00:00+00:00,6540.24
2026-01-03T00:15:00+00:00,5488.16
2026-01-03T00:30:00+00:00,4212.2
2026-01-03T00:45:00+00:00,2847.2
2026-01-03T01:00:00+00:00,1414.08
2026-01-03T01:15:00+00:00,1402.92
2026-01-03T01:30:00+00:00,1409.32
2026-01-03T01:45:00+00:00,1415.12
2026-01-03T02:00:00+00:00,1433.64
2026-01-03T02:15:00+00:00,1408.76
2026-01-03T02:30:00+00:00,1413.88
2026-01-03T02:45:00+00:00,1410.08
2026-01-03T03:00:00+00:00,1423.4
2026-01-03T03:15:00+00:00,1407.48
2026-01-03T03:30:00+00:00,1415.04
2026-01-03T03:45:00+00:00,1418.04
2026-01-03T04:00:00+00:00,1404.12
2026-01-03T04:15:00+00:00,1400.6
2026-01-03T04:30:00+00:00,1408.32
2026-01-03T04:45:00+00:00,1409.56
2026-01-03T05:00:00+00:00,1418.48
2026-01-03T05:15:00+00:00,3732.72
2026-01-03T05:30:00+00:00,5979.56
2026-01-03T05:45:00+00:00,8021.04
2026-01-03T06:00:00+00:00,9896.4
2026-01-03T06:15:00+00:00,11595.6
2026-01-03T06:30:00+00:00,12966.32
2026-01-03T06:45:00+00:00,13901.04
2026-01-03T07:00:00+00:00,14373.52
2026-01-03T07:15:00+00:00,14823.4
2026-01-03T07:30:00+00:00,14567.24
2026-01-03T07:45:00+00:00,14257.28
2026-01-03T08:00:00+00:00,13367.72
2026-01-03T08:15:00+00:00,12105.36
2026-01-03T08:30:00+00:00,10770.48
2026-01-03T08:45:00+00:00,9045.0
2026-01-03T09:00:00+00:00,7285.52
2026-01-03T09:15:00+00:00,6714.4
2026-01-03T09:30:00+00:00,6329.32
2026-01-03T09:45:00+00:00,5568.2
2026-01-03T10:00:00+00:00,4816.2
2026-01-03T10:15:00+00:00,3990.44
2026-01-03T10:30:00+00:00,3196.72
2026-01-03T10:45:00+00:00,2304.24
2026-01-03T11:00:00+00:00,1402.76
2026-01-03T11:15:00+00:00,1398.04
2026-01-03T11:30:00+00:00,1405.64
2026-01-03T11:45:00+00:00,1393.88
2026-01-03T12:00:00+00:00,1424.0
2026-01-03T12:15:00+00:00,1400.48
2026-01-03T12:30:00+00:00,1431.88
2026-01-03T12:45:00+00:00,1392.0
2026-01-03T13:00:00+00:00,1398.84
2026-01-03T13:15:00+00:00,2827.72
2026-01-03T13:30:00+00:00,4160.56
2026-01-03T13:45:00+00:00,5361.68
2026-01-03T14:00:00+00:00,6511.36
2026-01-03T14:15:00+00:00,7512.76
2026-01-03T14:30:00+00:00,8073.12
2026-01-03T14:45:00+00:00,8460.0
2026-01-03T15:00:00+00:00,8649.96
2026-01-03T15:15:00+00:00,8496.44
2026-01-03T15:30:00+00:00,8020.0
2026-01-03T15:45:00+00:00,7386.64
2026-01-03T16:00:00+00:00,6579.12
2026-01-03T16:15:00+00:00,5401.92
2026-01-03T16:30:00+00:00,4179.72
2026-01-03T16:45:00+00:00,2847.4
2026-01-03T17:00:00+00:00,1409.6
2026-01-03T17:15:00+00:00,2318.28
2026-01-03T17:30:00+00:00,3181.32
2026-01-03T17:45:00+00:00,4080.92
2026-01-03T18:00:00+00:00,4952.44
2026-01-03T18:15:00+00:00,5551.24
2026-01-03T18:30:00+00:00,6291.76
2026-01-03T18:45:00+00:00,6738.32
2026-01-03T19:00:00+00:00,7319.88
2026-01-03T19:15:00+00:00,7698.92
2026-01-03T19:30:00+00:00,8000.84
2026-01-03T19:45:00+00:00,8023.76
2026-01-03T20:00:00+00:00,8255.2
2026-01-03T20:15:00+00:00,8242.4
2026-01-03T20:30:00+00:00,7956.92
2026-01-03T20:45:00+00:00,7626.0
2026-01-03T21:00:00+00:00,7448.96
2026-01-03T21:15:00+00:00,8105.36
2026-01-03T21:30:00+00:00,8839.44
2026-01-03T21:45:00+00:00,9511.4
2026-01-03T22:00:00+00:00,9930.84
2026-01-03T22:15:00+00:00,10104.88
2026-01-03T22:30:00+00:00,9797.36
2026-01-03T22:45:00+00:00,9277.96
2026-01-03T23:00:00+00:00,8725.24
2026-01-03T23:15:00+00:00,8535.2
2026-01-03T23:30:00+00:00,8088.08
2026-01-03T23:45:00+00:00,7552.16
2026-01-04T00:00:00+00:00,6553.92
2026-01-04T00:15:00+00:00,5406.48
2026-01-04T00:30:00+00:00,4160.76
2026-01-04T00:45:00+00:00,2850.48
2026-01-04T01:00:00+00:00,1427.28
2026-01-04T01:15:00+00:00,1397.8
2026-01-04T01:30:00+00:00,1381.0
2026-01-04T01:45:00+00:00,1409.0
2026-01-04T02:00:00+00:00,1400.2
2026-01-04T02:15:00+00:00,1416.32
2026-01-04T02:30:00+00:00,1412.28
2026-01-04T02:45:00+00:00,1425.48
2026-01-04T03:00:00+00:00,1410.28
2026-01-04T03:15:00+00:00,1417.04
2026-01-04T03:30:00+00:00,1424.76
2026-01-04T03:45:00+00:00,1411.44
2026-01-04T04:00:00+00:00,1414.76
2026-01-04T04:15:00+00:00,1432.88
2026-01-04T04:30:00+00:00,1414.88
2026-01-04T04:45:00+00:00,1422.12
2026-01-04T05:00:00+00:00,1396.2
2026-01-04T05:15:00+00:00,3725.0
2026-01-04T05:30:00+00:00,5990.52
2026-01-04T05:45:00+00:00,7971.08
2026-01-04T06:00:00+00:00,9932.32
2026-01-04T06:15:00+00:00,11604.08
2026-01-04T06:30:00+00:00,12988.12
2026-01-04T06:45:00+00:00,13819.64
2026-01-04T07:00:00+00:00,14667.52
2026-01-04T07:15:00+00:00,14869.96
2026-01-04T07:30:00+00:00,14788.6
2026-01-04T07:45:00+00:00,14054.32
2026-01-04T08:00:00+00:00,13302.4
2026-01-04T08:15:00+00:00,12336.4
2026-01-04T08:30:00+00:00,10740.4
2026-01-04T08:45:00+00:00,9065.36
2026-01-04T09:00:00+00:00,7416.16
2026-01-04T09:15:00+00:00,6717.8
2026-01-04T09:30:00+00:00,6211.76
2026-01-04T09:45:00+00:00,5537.24
2026-01-04T10:00:00+00:00,4871.44
2026-01-04T10:15:00+00:00,4091.96
2026-01-04T10:30:00+00:00,3168.52
2026-01-04T10:45:00+00:00,2312.72
2026-01-04T11:00:00+00:00,1410.44
2026-01-04T11:15:00+00:00,1425.64
2026-01-04T11:30:00+00:00,1406.08
2026-01-04T11:45:00+00:00,1410.4
2026-01-04T12:00:00+00:00,1407.72
2026-01-04T12:15:00+00:00,1385.52
2026-01-04T12:30:00+00:00,1397.64
2026-01-04T12:45:00+00:00,1398.0
2026-01-04T13:00:00+00:00,1429.24
2026-01-04T13:15:00+00:00,2780.36
2026-01-04T13:30:00+00:00,4189.0
2026-01-04T13:45:00+00:00,5369.12
2026-01-04T14:00:00+00:00,6543.36
2026-01-04T14:15:00+00:00,7507.04
2026-01-04T14:30:00+00:00,8088.2
2026-01-04T14:45:00+00:00,8492.96
2026-01-04T15:00:00+00:00,8589.84
2026-01-04T15:15:00+00:00,8509.96
2026-01-04T15:30:00+00:00,8152.04
2026-01-04T15:45:00+00:00,7391.76
2026-01-04T16:00:00+00:00,6659.68
2026-01-04T16:15:00+00:00,5438.96
2026-01-04T16:30:00+00:00,4216.12
2026-01-04T16:45:00+00:00,2852.0
2026-01-04T17:00:00+00:00,1410.04
2026-01-04T17:15:00+00:00,2295.04
2026-01-04T17:30:00+00:00,3152.44
2026-01-04T17:45:00+00:00,3989.56
2026-01-04T18:00:00+00:00,4755.6
2026-01-04T18:15:00+00:00,5537.12
2026-01-04T18:30:00+00:00,6194.72
2026-01-04T18:45:00+00:00,6894.68
2026-01-04T19:00:00+00:00,7364.84
2026-01-04T19:15:00+00:00,7683.04
2026-01-04T19:30:00+00:00,7952.52
2026-01-04T19:45:00+00:00,8209.52
2026-01-04T20:00:00+00:00,8286.12
2026-01-04T20:15:00+00:00,8287.32
2026-01-04T20:30:00+00:00,7986.04
2026-01-04T20:45:00+00:00,7726.68
2026-01-04T21:00:00+00:00,7315.16
2026-01-04T21:15:00+00:00,8336.64
2026-01-04T21:30:00+00:00,8967.0
2026-01-04T21:45:00+00:00,9584.56
2026-01-04T22:00:00+00:00,9827.28
2026-01-04T22:15:00+00:00,9905.68
2026-01-04T22:30:00+00:00,9807.6
2026-01-04T22:45:00+00:00,9389.48
2026-01-04T23:00:00+00:00,8553.08
2026-01-04T23:15:00+00:00,8498.36
2026-01-04T23:30:00+00:00,8125.92
2026-01-04T23:45:00+00:00,7509.12
2026-01-05T00:00:00+00:00,6470.76
2026-01-05T00:15:00+00:00,5454.52
2026-01-05T00:30:00+00:00,4214.8
2026-01-05T00:45:00+00:00,2825.24
2026-01-05T01:00:00+00:00,1413.44
2026-01-05T01:15:00+00:00,1420.8
2026-01-05T01:30:00+00:00,1412.16
2026-01-05T01:45:00+00:00,1413.32
2026-01-05T02:00:00+00:00,1406.52
2026-01-05T02:15:00+00:00,1397.0
2026-01-05T02:30:00+00:00,1394.12
2026-01-05T02:45:00+00:00,1406.92
2026-01-05T03:00:00+00:00,1399.28
2026-01-05T03:15:00+00:00,1410.68
2026-01-05T03:30:00+00:00,1432.12
2026-01-05T03:45:00+00:00,1392.96
2026-01-05T04:00:00+00:00,1402.4
2026-01-05T04:15:00+00:00,1413.16
2026-01-05T04:30:00+00:00,1404.6
2026-01-05T04:45:00+00:00,1412.24
2026-01-05T05:00:00+00:00,1390.56
2026-01-05T05:15:00+00:00,3704.88
2026-01-05T05:30:00+00:00,5918.96
2026-01-05T05:45:00+00:00,8094.32
2026-01-05T06:00:00+00:00,9896.96
2026-01-05T06:15:00+00:00,11485.68
2026-01-05T06:30:00+00:00,13141.96
2026-01-05T06:45:00+00:00,13889.28
2026-01-05T07:00:00+00:00,14590.92
2026-01-05T07:15:00+00:00,14879.4
2026-01-05T07:30:00+00:00,14734.48
2026-01-05T07:45:00+00:00,14359.76
2026-01-05T08:00:00+00:00,15952.12
2026-01-05T08:15:00+00:00,14600.28
2026-01-05T08:30:00+00:00,12710.32
2026-01-05T08:45:00+00:00,10933.68
2026-01-05T09:00:00+00:00,8816.08
2026-01-05T09:15:00+00:00,8168.56
2026-01-05T09:30:00+00:00,7419.68
2026-01-05T09:45:00+00:00,6580.0
2026-01-05T10:00:00+00:00,5773.36
2026-01-05T10:15:00+00:00,4800.2
2026-01-05T10:30:00+00:00,3776.08
2026-01-05T10:45:00+00:00,2784.64
2026-01-05T11:00:00+00:00,1680.44
2026-01-05T11:15:00+00:00,1696.96
2026-01-05T11:30:00+00:00,1695.48
2026-01-05T11:45:00+00:00,1658.36
2026-01-05T12:00:00+00:00,1686.88
2026-01-05T12:15:00+00:00,1694.44
2026-01-05T12:30:00+00:00,1686.72
2026-01-05T12:45:00+00:00,1676.0
2026-01-05T13:00:00+00:00,1674.48
2026-01-05T13:15:00+00:00,3363.52
2026-01-05T13:30:00+00:00,4990.56
2026-01-05T13:45:00+00:00,6517.76
2026-01-05T14:00:00+00:00,7796.6
2026-01-05T14:15:00+00:00,8818.76
2026-01-05T14:30:00+00:00,9724.84
2026-01-05T14:45:00+00:00,10180.64
2026-01-05T15:00:00+00:00,10302.64
2026-01-05T15:15:00+00:00,9959.0
2026-01-05T15:30:00+00:00,9752.84
2026-01-05T15:45:00+00:00,8840.84
2026-01-05T16:00:00+00:00,7679.52
2026-01-05T16:15:00+00:00,6447.52
2026-01-05T16:30:00+00:00,4945.68
2026-01-05T16:45:00+00:00,3327.88
2026-01-05T17:00:00+00:00,1413.36
2026-01-05T17:15:00+00:00,2292.92
2026-01-05T17:30:00+00:00,3186.72
2026-01-05T17:45:00+00:00,3991.6
2026-01-05T18:00:00+00:00,4780.44
2026-01-05T18:15:00+00:00,5625.64
2026-01-05T18:30:00+00:00,6208.16
2026-01-05T18:45:00+00:00,6798.64
2026-01-05T19:00:00+00:00,7273.88
2026-01-05T19:15:00+00:00,7683.64
2026-01-05T19:30:00+00:00,8011.6
2026-01-05T19:45:00+00:00,8155.92
2026-01-05T20:00:00+00:00,8155.64
2026-01-05T20:15:00+00:00,8083.76
2026-01-05T20:30:00+00:00,8065.92
2026-01-05T20:45:00+00:00,7660.0
2026-01-05T21:00:00+00:00,7242.12
2026-01-05T21:15:00+00:00,8313.84
2026-01-05T21:30:00+00:00,8979.16
2026-01-05T21:45:00+00:00,9609.56
2026-01-05T22:00:00+00:00,9942.2
2026-01-05T22:15:00+00:00,10173.16
2026-01-05T22:30:00+00:00,9891.08
2026-01-05T22:45:00+00:00,9468.2
2026-01-05T23:00:00+00:00,8673.16
2026-01-05T23:15:00+00:00,8410.0
2026-01-05T23:30:00+00:00,8143.32
2026-01-05T23:45:00+00:00,7493.56
2026-01-06T00:00:00+00:00,6519.04
2026-01-06T00:15:00+00:00,5464.44
2026-01-06T00:30:00+00:00,4151.76
2026-01-06T00:45:00+00:00,2822.04
2026-01-06T01:00:00+00:00,1407.52
2026-01-06T01:15:00+00:00,1408.12
2026-01-06T01:30:00+00:00,1396.28
2026-01-06T01:45:00+00:00,1403.44
2026-01-06T02:00:00+00:00,1417.32
2026-01-06T02:15:00+00:00,1386.28
2026-01-06T02:30:00+00:00,1409.52
2026-01-06T02:45:00+00:00,1399.4
2026-01-06T03:00:00+00:00,1390.88
2026-01-06T03:15:00+00:00,1400.92
2026-01-06T03:30:00+00:00,1395.2
2026-01-06T03:45:00+00:00,1420.6
2026-01-06T04:00:00+00:00,1392.68
2026-01-06T04:15:00+00:00,1429.12
2026-01-06T04:30:00+00:00,1423.0
2026-01-06T04:45:00+00:00,1404.52
2026-01-06T05:00:00+00:00,1399.12
2026-01-06T05:15:00+00:00,3748.36
2026-01-06T05:30:00+00:00,5898.68
2026-01-06T05:45:00+00:00,7978.68
2026-01-06T06:00:00+00:00,9935.92
2026-01-06T06:15:00+00:00,11671.72
2026-01-06T06:30:00+00:00,13002.52
2026-01-06T06:45:00+00:00,13931.84
2026-01-06T07:00:00+00:00,14499.0
2026-01-06T07:15:00+00:00,14977.92
2026-01-06T07:30:00+00:00,14746.16
2026-01-06T07:45:00+00:00,14304.96
2026-01-06T08:00:00+00:00,15855.56
2026-01-06T08:15:00+00:00,14869.64
2026-01-06T08:30:00+00:00,12883.2
2026-01-06T08:45:00+00:00,10798.0
2026-01-06T09:00:00+00:00,8719.76
2026-01-06T09:15:00+00:00,8150.36
2026-01-06T09:30:00+00:00,7474.2
2026-01-06T09:45:00+00:00,6704.0
2026-01-06T10:00:00+00:00,5725.36
2026-01-06T10:15:00+00:00,4808.92
2026-01-06T10:30:00+00:00,3769.04
2026-01-06T10:45:00+00:00,2725.28
2026-01-06T11:00:00+00:00,1670.48
2026-01-06T11:15:00+00:00,1678.96
2026-01-06T11:30:00+00:00,1675.64
2026-01-06T11:45:00+00:00,1677.84
2026-01-06T12:00:00+00:00,1668.8
2026-01-06T12:15:00+00:00,1672.08
2026-01-06T12:30:00+00:00,1672.64
2026-01-06T12:45:00+00:00,1671.28
2026-01-06T13:00:00+00:00,1689.64
2026-01-06T13:15:00+00:00,3361.08
2026-01-06T13:30:00+00:00,4951.24
2026-01-06T13:45:00+00:00,6453.24
2026-01-06T14:00:00+00:00,7741.44
2026-01-06T14:15:00+00:00,8768.16
2026-01-06T14:30:00+00:00,9655.96
2026-01-06T14:45:00+00:00,10076.76
2026-01-06T15:00:00+00:00,10429.72
2026-01-06T15:15:00+00:00,10070.36
2026-01-06T15:30:00+00:00,9692.08
2026-01-06T15:45:00+00:00,8707.48
2026-01-06T16:00:00+00:00,7788.04
2026-01-06T16:15:00+00:00,6417.92
2026-01-06T16:30:00+00:00,4902.32
2026-01-06T16:45:00+00:00,3338.56
2026-01-06T17:00:00+00:00,1395.36
2026-01-06T17:15:00+00:00,2345.88
2026-01-06T17:30:00+00:00,3147.88
2026-01-06T17:45:00+00:00,4031.12
2026-01-06T18:00:00+00:00,4803.76
2026-01-06T18:15:00+00:00,5559.36
2026-01-06T18:30:00+00:00,6253.76
2026-01-06T18:45:00+00:00,6827.52
2026-01-06T19:00:00+00:00,7336.92
2026-01-06T19:15:00+00:00,7851.44
2026-01-06T19:30:00+00:00,7897.96
2026-01-06T19:45:00+00:00,8310.88
2026-01-06T20:00:00+00:00,8305.32
2026-01-06T20:15:00+00:00,8110.68
2026-01-06T20:30:00+00:00,8017.64
2026-01-06T20:45:00+00:00,7661.08
2026-01-06T21:00:00+00:00,7320.92
2026-01-06T21:15:00+00:00,8178.0
2026-01-06T21:30:00+00:00,9084.84
2026-01-06T21:45:00+00:00,9635.68
2026-01-06T22:00:00+00:00,10073.16
2026-01-06T22:15:00+00:00,9941.96
2026-01-06T22:30:00+00:00,9971.0
2026-01-06T22:45:00+00:00,9396.92
2026-01-06T23:00:00+00:00,8665.44
2026-01-06T23:15:00+00:00,8315.08
2026-01-06T23:30:00+00:00,8036.0
2026-01-06T23:45:00+00:00,7425.56
2026-01-07T00:00:00+00:00,6429.2
2026-01-07T00:15:00+00:00,5433.52
2026-01-07T00:30:00+00:00,4190.52
2026-01-07T00:45:00+00:00,2845.52
2026-01-07T01:00:00+00:00,1416.32
2026-01-07T01:15:00+00:00,1410.56
2026-01-07T01:30:00+00:00,1413.0
2026-01-07T01:45:00+00:00,1391.36
2026-01-07T02:00:00+00:00,1414.0
2026-01-07T02:15:00+00:00,1411.08
2026-01-07T02:30:00+00:00,1407.16
2026-01-07T02:45:00+00:00,1408.44
2026-01-07T03:00:00+00:00,1401.56
2026-01-07T03:15:00+00:00,1393.56
2026-01-07T03:30:00+00:00,1405.56
2026-01-07T03:45:00+00:00,1411.32
2026-01-07T04:00:00+00:00,1415.2
2026-01-07T04:15:00+00:00,1417.32
2026-01-07T04:30:00+00:00,1411.08
2026-01-07T04:45:00+00:00,1397.96
2026-01-07T05:00:00+00:00,1389.44
2026-01-07T05:15:00+00:00,3657.48
2026-01-07T05:30:00+00:00,6033.88
2026-01-07T05:45:00+00:00,7999.68
2026-01-07T06:00:00+00:00,9946.72
2026-01-07T06:15:00+00:00,11403.44
2026-01-07T06:30:00+00:00,12969.12
2026-01-07T06:45:00+00:00,13940.08
2026-01-07T07:00:00+00:00,14551.0
2026-01-07T07:15:00+00:00,14880.72
2026-01-07T07:30:00+00:00,14590.92
2026-01-07T07:45:00+00:00,14086.2
2026-01-07T08:00:00+00:00,15919.72
2026-01-07T08:15:00+00:00,14647.12
2026-01-07T08:30:00+00:00,12828.24
2026-01-07T08:45:00+00:00,11027.8
2026-01-07T09:00:00+00:00,8857.28
2026-01-07T09:15:00+00:00,8153.44
2026-01-07T09:30:00+00:00,7598.72
2026-01-07T09:45:00+00:00,6566.2
2026-01-07T10:00:00+00:00,5864.8
2026-01-07T10:15:00+00:00,4837.76
2026-01-07T10:30:00+00:00,3744.96
2026-01-07T10:45:00+00:00,2741.32
2026-01-07T11:00:00+00:00,1670.56
2026-01-07T11:15:00+00:00,1667.2
2026-01-07T11:30:00+00:00,1670.88
2026-01-07T11:45:00+00:00,1704.76
2026-01-07T12:00:00+00:00,1685.32
2026-01-07T12:15:00+00:00,1667.04
2026-01-07T12:30:00+00:00,1707.32
2026-01-07T12:45:00+00:00,1672.32
2026-01-07T13:00:00+00:00,1681.72
2026-01-07T13:15:00+00:00,3382.52
2026-01-07T13:30:00+00:00,4941.68
2026-01-07T13:45:00+00:00,6453.24
2026-01-07T14:00:00+00:00,7856.16
2026-01-07T14:15:00+00:00,8747.48
2026-01-07T14:30:00+00:00,9721.6
2026-01-07T14:45:00+00:00,10081.2
2026-01-07T15:00:00+00:00,10243.76
2026-01-07T15:15:00+00:00,10048.96
2026-01-07T15:30:00+00:00,9738.44
2026-01-07T15:45:00+00:00,8792.76
2026-01-07T16:00:00+00:00,7747.64
2026-01-07T16:15:00+00:00,6414.12
2026-01-07T16:30:00+00:00,5014.96
2026-01-07T16:45:00+00:00,3361.2
2026-01-07T17:00:00+00:00,1410.6
2026-01-07T17:15:00+00:00,2322.92
2026-01-07T17:30:00+00:00,3149.12
2026-01-07T17:45:00+00:00,4000.76
2026-01-07T18:00:00+00:00,4864.56
2026-01-07T18:15:00+00:00,5591.0
2026-01-07T18:30:00+00:00,6374.16
2026-01-07T18:45:00+00:00,6815.44
2026-01-07T19:00:00+00:00,7274.16
2026-01-07T19:15:00+00:00,7756.04
2026-01-07T19:30:00+00:00,7977.64
2026-01-07T19:45:00+00:00,8087.48
2026-01-07T20:00:00+00:00,8272.44
2026-01-07T20:15:00+00:00,8124.32
2026-01-07T20:30:00+00:00,7985.88
2026-01-07T20:45:00+00:00,7708.84
2026-01-07T21:00:00+00:00,7368.84
2026-01-07T21:15:00+00:00,8230.4
2026-01-07T21:30:00+00:00,9089.72
2026-01-07T21:45:00+00:00,9691.96
2026-01-07T22:00:00+00:00,10041.16
2026-01-07T22:15:00+00:00,10052.8
2026-01-07T22:30:00+00:00,9699.04
2026-01-07T22:45:00+00:00,9336.76
2026-01-07T23:00:00+00:00,8636.2
2026-01-07T23:15:00+00:00,8558.08
2026-01-07T23:30:00+00:00,7990.44
2026-01-07T23:45:00+00:00,7424.8
2026-01-08T00:00:00+00:00,6527.76
2026-01-08T00:15:00+00:00,5433.36
2026-01-08T00:30:00+00:00,4193.68
2026-01-08T00:45:00+00:00,2812.36
2026-01-08T01:00:00+00:00,1408.84
2026-01-08T01:15:00+00:00,1415.48
2026-01-08T01:30:00+00:00,1415.88
2026-01-08T01:45:00+00:00,1411.68
2026-01-08T02:00:00+00:00,1409.24
2026-01-08T02:15:00+00:00,1405.96
2026-01-08T02:30:00+00:00,1402.92
2026-01-08T02:45:00+00:00,1389.8
2026-01-08T03:00:00+00:00,1414.48
2026-01-08T03:15:00+00:00,1413.36
2026-01-08T03:30:00+00:00,1413.72
2026-01-08T03:45:00+00:00,1395.16
2026-01-08T04:00:00+00:00,1402.6
2026-01-08T04:15:00+00:00,1409.0
2026-01-08T04:30:00+00:00,1413.44
2026-01-08T04:45:00+00:00,1389.88
2026-01-08T05:00:00+00:00,1412.8
2026-01-08T05:15:00+00:00,3717.8
2026-01-08T05:30:00+00:00,5996.88
2026-01-08T05:45:00+00:00,8057.16
2026-01-08T06:00:00+00:00,9944.92
2026-01-08T06:15:00+00:00,11570.36
2026-01-08T06:30:00+00:00,13014.96
2026-01-08T06:45:00+00:00,13882.92
2026-01-08T07:00:00+00:00,14583.04
2026-01-08T07:15:00+00:00,14801.92
2026-01-08T07:30:00+00:00,14524.36
2026-01-08T07:45:00+00:00,14397.28
2026-01-08T08:00:00+00:00,15944.48
2026-01-08T08:15:00+00:00,14453.84
2026-01-08T08:30:00+00:00,12718.88
2026-01-08T08:45:00+00:00,10820.68
2026-01-08T09:00:00+00:00,8775.6
2026-01-08T09:15:00+00:00,8231.08
2026-01-08T09:30:00+00:00,7350.08
2026-01-08T09:45:00+00:00,6656.12
2026-01-08T10:00:00+00:00,5761.96
2026-01-08T10:15:00+00:00,4887.36
2026-01-08T10:30:00+00:00,3762.48
2026-01-08T10:45:00+00:00,2716.92
2026-01-08T11:00:00+00:00,1696.0
2026-01-08T11:15:00+00:00,1663.48
2026-01-08T11:30:00+00:00,1683.0
2026-01-08T11:45:00+00:00,1673.48
2026-01-08T12:00:00+00:00,1686.4
2026-01-08T12:15:00+00:00,1674.64
2026-01-08T12:30:00+00:00,1661.48
2026-01-08T12:45:00+00:00,1681.4
2026-01-08T13:00:00+00:00,1687.4
2026-01-08T13:15:00+00:00,3356.6
2026-01-08T13:30:00+00:00,4946.96
2026-01-08T13:45:00+00:00,6429.16
2026-01-08T14:00:00+00:00,7767.72
2026-01-08T14:15:00+00:00,8780.64
2026-01-08T14:30:00+00:00,9541.68
2026-01-08T14:45:00+00:00,10101.56
2026-01-08T15:00:00+00:00,10408.72
2026-01-08T15:15:00+00:00,10222.2
2026-01-08T15:30:00+00:00,9803.84
2026-01-08T15:45:00+00:00,8764.56
2026-01-08T16:00:00+00:00,7729.2
2026-01-08T16:15:00+00:00,6527.08
2026-01-08T16:30:00+00:00,4997.4
2026-01-08T16:45:00+00:00,3323.4
2026-01-08T17:00:00+00:00,1421.92
2026-01-08T17:15:00+00:00,2306.4
2026-01-08T17:30:00+00:00,3237.36
2026-01-08T17:45:00+00:00,4034.48
2026-01-08T18:00:00+00:00,4828.92
2026-01-08T18:15:00+00:00,5568.28
2026-01-08T18:30:00+00:00,6266.24
2026-01-08T18:45:00+00:00,6863.4
2026-01-08T19:00:00+00:00,7251.4
2026-01-08T19:15:00+00:00,7869.64
2026-01-08T19:30:00+00:00,8058.64
2026-01-08T19:45:00+00:00,8240.44
2026-01-08T20:00:00+00:00,8097.32
2026-01-08T20:15:00+00:00,8143.92
2026-01-08T20:30:00+00:00,7961.8
2026-01-08T20:45:00+00:00,7836.8
2026-01-08T21:00:00+00:00,7322.36
2026-01-08T21:15:00+00:00,8300.92
2026-01-08T21:30:00+00:00,9014.28
2026-01-08T21:45:00+00:00,9700.8
2026-01-08T22:00:00+00:00,9883.8
2026-01-08T22:15:00+00:00,9970.52
2026-01-08T22:30:00+00:00,9744.96
2026-01-08T22:45:00+00:00,9405.72
2026-01-08T23:00:00+00:00,8705.32
2026-01-08T23:15:00+00:00,8520.6
2026-01-08T23:30:00+00:00,8084.4
2026-01-08T23:45:00+00:00,7467.68
2026-01-09T00:00:00+00:00,6553.24
2026-01-09T00:15:00+00:00,5530.12
2026-01-09T00:30:00+00:00,4165.24
2026-01-09T00:45:00+00:00,2855.12
2026-01-09T01:00:00+00:00,1410.6
2026-01-09T01:15:00+00:00,1399.68
2026-01-09T01:30:00+00:00,1414.04
2026-01-09T01:45:00+00:00,1402.32
2026-01-09T02:00:00+00:00,1421.28
2026-01-09T02:15:00+00:00,1418.4
2026-01-09T02:30:00+00:00,1417.84
2026-01-09T02:45:00+00:00,1404.76
2026-01-09T03:00:00+00:00,1387.28
2026-01-09T03:15:00+00:00,1390.84
2026-01-09T03:30:00+00:00,1427.68
2026-01-09T03:45:00+00:00,1410.96
2026-01-09T04:00:00+00:00,1401.0
2026-01-09T04:15:00+00:00,1418.56
2026-01-09T04:30:00+00:00,1409.96
2026-01-09T04:45:00+00:00,1424.08
2026-01-09T05:00:00+00:00,1389.08
2026-01-09T05:15:00+00:00,3704.4
2026-01-09T05:30:00+00:00,5955.6
2026-01-09T05:45:00+00:00,7859.64
2026-01-09T06:00:00+00:00,10025.56
2026-01-09T06:15:00+00:00,11708.04
2026-01-09T06:30:00+00:00,12805.16
2026-01-09T06:45:00+00:00,13969.68
2026-01-09T07:00:00+00:00,14521.72
2026-01-09T07:15:00+00:00,14682.88
2026-01-09T07:30:00+00:00,14749.12
2026-01-09T07:45:00+00:00,14283.88
2026-01-09T08:00:00+00:00,16061.44
2026-01-09T08:15:00+00:00,14784.04
2026-01-09T08:30:00+00:00,12876.04
2026-01-09T08:45:00+00:00,10849.12
2026-01-09T09:00:00+00:00,8726.16
2026-01-09T09:15:00+00:00,8024.52
2026-01-09T09:30:00+00:00,7248.68
2026-01-09T09:45:00+00:00,6545.52
2026-01-09T10:00:00+00:00,5735.2
2026-01-09T10:15:00+00:00,4806.16
2026-01-09T10:30:00+00:00,3787.36
2026-01-09T10:45:00+00:00,2741.76
2026-01-09T11:00:00+00:00,1661.32
2026-01-09T11:15:00+00:00,1692.32
2026-01-09T11:30:00+00:00,1687.12
2026-01-09T11:45:00+00:00,1694.12
2026-01-09T12:00:00+00:00,1686.0
2026-01-09T12:15:00+00:00,1678.72
2026-01-09T12:30:00+00:00,1663.96
2026-01-09T12:45:00+00:00,1694.76
2026-01-09T13:00:00+00:00,1676.76
2026-01-09T13:15:00+00:00,3319.04
2026-01-09T13:30:00+00:00,4973.12
2026-01-09T13:45:00+00:00,6537.08
2026-01-09T14:00:00+00:00,7786.92
2026-01-09T14:15:00+00:00,8758.4
2026-01-09T14:30:00+00:00,9551.64
2026-01-09T14:45:00+00:00,10098.36
2026-01-09T15:00:00+00:00,10443.92
2026-01-09T15:15:00+00:00,10226.16
2026-01-09T15:30:00+00:00,9648.04
2026-01-09T15:45:00+00:00,8987.2
2026-01-09T16:00:00+00:00,7848.88
2026-01-09T16:15:00+00:00,6470.4
2026-01-09T16:30:00+00:00,4965.88
2026-01-09T16:45:00+00:00,3390.0
2026-01-09T17:00:00+00:00,1436.16
2026-01-09T17:15:00+00:00,2288.28
2026-01-09T17:30:00+00:00,3223.16
2026-01-09T17:45:00+00:00,4071.56
2026-01-09T18:00:00+00:00,4810.96
2026-01-09T18:15:00+00:00,5581.68
2026-01-09T18:30:00+00:00,6286.44
2026-01-09T18:45:00+00:00,6856.2
2026-01-09T19:00:00+00:00,7311.0
2026-01-09T19:15:00+00:00,7810.72
2026-01-09T19:30:00+00:00,8008.68
2026-01-09T19:45:00+00:00,8101.24
2026-01-09T20:00:00+00:00,8157.2
2026-01-09T20:15:00+00:00,8176.96
2026-01-09T20:30:00+00:00,7974.24
2026-01-09T20:45:00+00:00,7629.64
2026-01-09T21:00:00+00:00,7260.24
2026-01-09T21:15:00+00:00,8348.52
2026-01-09T21:30:00+00:00,9069.72
2026-01-09T21:45:00+00:00,9453.44
2026-01-09T22:00:00+00:00,9913.92
2026-01-09T22:15:00+00:00,10016.28
2026-01-09T22:30:00+00:00,9959.32
2026-01-09T22:45:00+00:00,9371.72
2026-01-09T23:00:00+00:00,8663.92
2026-01-09T23:15:00+00:00,8626.04
2026-01-09T23:30:00+00:00,8063.52
2026-01-09T23:45:00+00:00,7447.72
2026-01-10T00:00:00+00:00,6502.2
2026-01-10T00:15:00+00:00,5454.08
2026-01-10T00:30:00+00:00,4221.36
2026-01-10T00:45:00+00:00,2820.8
2026-01-10T01:00:00+00:00,1404.64
2026-01-10T01:15:00+00:00,1401.4
2026-01-10T01:30:00+00:00,1421.32
2026-01-10T01:45:00+00:00,1405.36
2026-01-10T02:00:00+00:00,1405.56
2026-01-10T02:15:00+00:00,1416.6
2026-01-10T02:30:00+00:00,1409.36
2026-01-10T02:45:00+00:00,1412.32
2026-01-10T03:00:00+00:00,1403.84
2026-01-10T03:15:00+00:00,1395.56
2026-01-10T03:30:00+00:00,1405.12
2026-01-10T03:45:00+00:00,1408.68
2026-01-10T04:00:00+00:00,1401.4
2026-01-10T04:15:00+00:00,1397.8
2026-01-10T04:30:00+00:00,1393.12
2026-01-10T04:45:00+00:00,1398.64
2026-01-10T05:00:00+00:00,1426.04
2026-01-10T05:15:00+00:00,3695.44
2026-01-10T05:30:00+00:00,5889.44
2026-01-10T05:45:00+00:00,7982.32
2026-01-10T06:00:00+00:00,9932.2
2026-01-10T06:15:00+00:00,11671.16
2026-01-10T06:30:00+00:00,12776.56
2026-01-10T06:45:00+00:00,14008.48
2026-01-10T07:00:00+00:00,14690.28
2026-01-10T07:15:00+00:00,14794.52
2026-01-10T07:30:00+00:00,14582.0
2026-01-10T07:45:00+00:00,14118.72
2026-01-10T08:00:00+00:00,13554.44
2026-01-10T08:15:00+00:00,11999.92
2026-01-10T08:30:00+00:00,10660.88
2026-01-10T08:45:00+00:00,9065.12
2026-01-10T09:00:00+00:00,7433.92
2026-01-10T09:15:00+00:00,6855.76
2026-01-10T09:30:00+00:00,6161.52
2026-01-10T09:45:00+00:00,5517.68
2026-01-10T10:00:00+00:00,4811.64
2026-01-10T10:15:00+00:00,3997.84
2026-01-10T10:30:00+00:00,3214.44
2026-01-10T10:45:00+00:00,2285.0
2026-01-10T11:00:00+00:00,1408.04
2026-01-10T11:15:00+00:00,1399.72
2026-01-10T11:30:00+00:00,1407.72
2026-01-10T11:45:00+00:00,1384.68
2026-01-10T12:00:00+00:00,1390.6
2026-01-10T12:15:00+00:00,1399.92
2026-01-10T12:30:00+00:00,1399.08
2026-01-10T12:45:00+00:00,1411.4
2026-01-10T13:00:00+00:00,1405.04
2026-01-10T13:15:00+00:00,2798.68
2026-01-10T13:30:00+00:00,4154.68
2026-01-10T13:45:00+00:00,5355.32
2026-01-10T14:00:00+00:00,6485.56
2026-01-10T14:15:00+00:00,7420.96
2026-01-10T14:30:00+00:00,8116.2
2026-01-10T14:45:00+00:00,8485.4
2026-01-10T15:00:00+00:00,8633.16
2026-01-10T15:15:00+00:00,8536.64
2026-01-10T15:30:00+00:00,7998.52
2026-01-10T15:45:00+00:00,7399.0
2026-01-10T16:00:00+00:00,6476.08
2026-01-10T16:15:00+00:00,5397.32
2026-01-10T16:30:00+00:00,4200.32
2026-01-10T16:45:00+00:00,2835.84
2026-01-10T17:00:00+00:00,1402.16
2026-01-10T17:15:00+00:00,2285.28
2026-01-10T17:30:00+00:00,3190.2
2026-01-10T17:45:00+00:00,3940.24
2026-01-10T18:00:00+00:00,4865.4
2026-01-10T18:15:00+00:00,5576.2
2026-01-10T18:30:00+00:00,6237.44
2026-01-10T18:45:00+00:00,6773.76
2026-01-10T19:00:00+00:00,7401.92
2026-01-10T19:15:00+00:00,7759.6
2026-01-10T19:30:00+00:00,7870.32
2026-01-10T19:45:00+00:00,8200.12
2026-01-10T20:00:00+00:00,8398.72
2026-01-10T20:15:00+00:00,8259.56
2026-01-10T20:30:00+00:00,8062.92
2026-01-10T20:45:00+00:00,7741.68
2026-01-10T21:00:00+00:00,7314.36
2026-01-10T21:15:00+00:00,8365.36
2026-01-10T21:30:00+00:00,9069.8
2026-01-10T21:45:00+00:00,9458.8
2026-01-10T22:00:00+00:00,9933.96
2026-01-10T22:15:00+00:00,9997.2
2026-01-10T22:30:00+00:00,9840.0
2026-01-10T22:45:00+00:00,9411.16
2026-01-10T23:00:00+00:00,8837.08
2026-01-10T23:15:00+00:00,8359.08
2026-01-10T23:30:00+00:00,7976.32
2026-01-10T23:45:00+00:00,7445.48
2026-01-11T00:00:00+00:00,6551.8
2026-01-11T00:15:00+00:00,5432.36
2026-01-11T00:30:00+00:00,4150.92
2026-01-11T00:45:00+00:00,2842.24
2026-01-11T01:00:00+00:00,1395.64
2026-01-11T01:15:00+00:00,1409.72
2026-01-11T01:30:00+00:00,1399.92
2026-01-11T01:45:00+00:00,1405.48
2026-01-11T02:00:00+00:00,1402.28
2026-01-11T02:15:00+00:00,1413.04
2026-01-11T02:30:00+00:00,1400.36
2026-01-11T02:45:00+00:00,1416.88
2026-01-11T03:00:00+00:00,1411.96
2026-01-11T03:15:00+00:00,1400.52
2026-01-11T03:30:00+00:00,1418.08
2026-01-11T03:45:00+00:00,1395.08
2026-01-11T04:00:00+00:00,1408.2
2026-01-11T04:15:00+00:00,1401.6
2026-01-11T04:30:00+00:00,1432.72
2026-01-11T04:45:00+00:00,1416.84
2026-01-11T05:00:00+00:00,1418.0
2026-01-11T05:15:00+00:00,3704.76
2026-01-11T05:30:00+00:00,5947.36
2026-01-11T05:45:00+00:00,7976.68
2026-01-11T06:00:00+00:00,9927.08
2026-01-11T06:15:00+00:00,11554.04
2026-01-11T06:30:00+00:00,12861.16
2026-01-11T06:45:00+00:00,13921.96
2026-01-11T07:00:00+00:00,14457.48
2026-01-11T07:15:00+00:00,14931.04
2026-01-11T07:30:00+00:00,14670.72
2026-01-11T07:45:00+00:00,14307.0
2026-01-11T08:00:00+00:00,13229.04
2026-01-11T08:15:00+00:00,12203.76
2026-01-11T08:30:00+00:00,10807.52
2026-01-11T08:45:00+00:00,9131.52
2026-01-11T09:00:00+00:00,7329.24
2026-01-11T09:15:00+00:00,6791.56
2026-01-11T09:30:00+00:00,6226.8
2026-01-11T09:45:00+00:00,5589.4
2026-01-11T10:00:00+00:00,4839.24
2026-01-11T10:15:00+00:00,4039.56
2026-01-11T10:30:00+00:00,3207.88
2026-01-11T10:45:00+00:00,2293.08
2026-01-11T11:00:00+00:00,1411.52
2026-01-11T11:15:00+00:00,1400.6
2026-01-11T11:30:00+00:00,1401.88
2026-01-11T11:45:00+00:00,1409.12
2026-01-11T12:00:00+00:00,1417.68
2026-01-11T12:15:00+00:00,1400.36
2026-01-11T12:30:00+00:00,1402.88
2026-01-11T12:45:00+00:00,1410.8
2026-01-11T13:00:00+00:00,1437.8
2026-01-11T13:15:00+00:00,2807.28
2026-01-11T13:30:00+00:00,4139.8
2026-01-11T13:45:00+00:00,5354.96
2026-01-11T14:00:00+00:00,6479.24
2026-01-11T14:15:00+00:00,7386.32
2026-01-11T14:30:00+00:00,8050.96
2026-01-11T14:45:00+00:00,8529.56
2026-01-11T15:00:00+00:00,8604.64
2026-01-11T15:15:00+00:00,8534.08
2026-01-11T15:30:00+00:00,7985.24
2026-01-11T15:45:00+00:00,7442.08
2026-01-11T16:00:00+00:00,6426.56
2026-01-11T16:15:00+00:00,5470.36
2026-01-11T16:30:00+00:00,4121.12
2026-01-11T16:45:00+00:00,2826.12
2026-01-11T17:00:00+00:00,1396.8
2026-01-11T17:15:00+00:00,2262.92
2026-01-11T17:30:00+00:00,3165.56
2026-01-11T17:45:00+00:00,4021.92
2026-01-11T18:00:00+00:00,4830.08
2026-01-11T18:15:00+00:00,5588.32
2026-01-11T18:30:00+00:00,6250.32
2026-01-11T18:45:00+00:00,6770.96
2026-01-11T19:00:00+00:00,7371.12
2026-01-11T19:15:00+00:00,7744.68
2026-01-11T19:30:00+00:00,7955.48
2026-01-11T19:45:00+00:00,8152.8
2026-01-11T20:00:00+00:00,8250.48
2026-01-11T20:15:00+00:00,8178.84
2026-01-11T20:30:00+00:00,7972.2
2026-01-11T20:45:00+00:00,7724.8
2026-01-11T21:00:00+00:00,7240.48
2026-01-11T21:15:00+00:00,8190.36
2026-01-11T21:30:00+00:00,9021.08
2026-01-11T21:45:00+00:00,9544.6
2026-01-11T22:00:00+00:00,9851.76
2026-01-11T22:15:00+00:00,9852.88
2026-01-11T22:30:00+00:00,10064.44
2026-01-11T22:45:00+00:00,9342.16
2026-01-11T23:00:00+00:00,8611.96
2026-01-11T23:15:00+00:00,8555.12
2026-01-11T23:30:00+00:00,8065.76
2026-01-11T23:45:00+00:00,7401.12
2026-01-12T00:00:00+00:00,6525.4
2026-01-12T00:15:00+00:00,5466.52
2026-01-12T00:30:00+00:00,4131.6
2026-01-12T00:45:00+00:00,2821.4
2026-01-12T01:00:00+00:00,1417.16
2026-01-12T01:15:00+00:00,1400.68
2026-01-12T01:30:00+00:00,1421.16
2026-01-12T01:45:00+00:00,1408.0
2026-01-12T02:00:00+00:00,1398.0
2026-01-12T02:15:00+00:00,1402.72
2026-01-12T02:30:00+00:00,1397.08
2026-01-12T02:45:00+00:00,1406.32
2026-01-12T03:00:00+00:00,1414.24
2026-01-12T03:15:00+00:00,1411.4
2026-01-12T03:30:00+00:00,1416.72
2026-01-12T03:45:00+00:00,1412.4
2026-01-12T04:00:00+00:00,1416.08
2026-01-12T04:15:00+00:00,1395.96
2026-01-12T04:30:00+00:00,1413.6
2026-01-12T04:45:00+00:00,1414.84
2026-01-12T05:00:00+00:00,1406.2
2026-01-12T05:15:00+00:00,3678.28
2026-01-12T05:30:00+00:00,5999.44
2026-01-12T05:45:00+00:00,8040.76
2026-01-12T06:00:00+00:00,9943.48
2026-01-12T06:15:00+00:00,11762.64
2026-01-12T06:30:00+00:00,13004.36
2026-01-12T06:45:00+00:00,13841.56
2026-01-12T07:00:00+00:00,14724.48
2026-01-12T07:15:00+00:00,14747.8
2026-01-12T07:30:00+00:00,14538.2
2026-01-12T07:45:00+00:00,14288.44
2026-01-12T08:00:00+00:00,15971.2
2026-01-12T08:15:00+00:00,14615.0
2026-01-12T08:30:00+00:00,12706.64
2026-01-12T08:45:00+00:00,10962.4
2026-01-12T09:00:00+00:00,8746.32
2026-01-12T09:15:00+00:00,8157.56
2026-01-12T09:30:00+00:00,7396.12
2026-01-12T09:45:00+00:00,6629.64
2026-01-12T10:00:00+00:00,5768.4
2026-01-12T10:15:00+00:00,4844.04
2026-01-12T10:30:00+00:00,3793.48
2026-01-12T10:45:00+00:00,2754.16
2026-01-12T11:00:00+00:00,1673.68
2026-01-12T11:15:00+00:00,1681.56
2026-01-12T11:30:00+00:00,1672.6
2026-01-12T11:45:00+00:00,1673.32
2026-01-12T12:00:00+00:00,1682.92
2026-01-12T12:15:00+00:00,1681.44
2026-01-12T12:30:00+00:00,1669.48
2026-01-12T12:45:00+00:00,1681.64
2026-01-12T13:00:00+00:00,1670.4
2026-01-12T13:15:00+00:00,3329.56
2026-01-12T13:30:00+00:00,4958.92
2026-01-12T13:45:00+00:00,6542.84
2026-01-12T14:00:00+00:00,7734.04
2026-01-12T14:15:00+00:00,8954.64
2026-01-12T14:30:00+00:00,9720.76
2026-01-12T14:45:00+00:00,10045.52
2026-01-12T15:00:00+00:00,10273.64
2026-01-12T15:15:00+00:00,10147.96
2026-01-12T15:30:00+00:00,9671.84
2026-01-12T15:45:00+00:00,8806.56
2026-01-12T16:00:00+00:00,7831.04
2026-01-12T16:15:00+00:00,6425.68
2026-01-12T16:30:00+00:00,4983.76
2026-01-12T16:45:00+00:00,3349.28
2026-01-12T17:00:00+00:00,1405.76
2026-01-12T17:15:00+00:00,2295.96
2026-01-12T17:30:00+00:00,3189.08
2026-01-12T17:45:00+00:00,4069.04
2026-01-12T18:00:00+00:00,4801.52
2026-01-12T18:15:00+00:00,5510.64
2026-01-12T18:30:00+00:00,6340.16
2026-01-12T18:45:00+00:00,6820.4
2026-01-12T19:00:00+00:00,7270.84
2026-01-12T19:15:00+00:00,7705.4
2026-01-12T19:30:00+00:00,8045.04
2026-01-12T19:45:00+00:00,8299.16
2026-01-12T20:00:00+00:00,8299.4
2026-01-12T20:15:00+00:00,8216.64
2026-01-12T20:30:00+00:00,8049.4
2026-01-12T20:45:00+00:00,7783.2
2026-01-12T21:00:00+00:00,7351.48
2026-01-12T21:15:00+00:00,8200.92
2026-01-12T21:30:00+00:00,9032.32
2026-01-12T21:45:00+00:00,9516.48
2026-01-12T22:00:00+00:00,10027.96
2026-01-12T22:15:00+00:00,10051.36
2026-01-12T22:30:00+00:00,9847.0
2026-01-12T22:45:00+00:00,9314.84
2026-01-12T23:00:00+00:00,8700.24
2026-01-12T23:15:00+00:00,8395.8
2026-01-12T23:30:00+00:00,8060.84
2026-01-12T23:45:00+00:00,7220.36
2026-01-13T00:00:00+00:00,6613.76
2026-01-13T00:15:00+00:00,5451.88
2026-01-13T00:30:00+00:00,4164.64
2026-01-13T00:45:00+00:00,2838.92
2026-01-13T01:00:00+00:00,1430.8
2026-01-13T01:15:00+00:00,1388.32
2026-01-13T01:30:00+00:00,1416.6
2026-01-13T01:45:00+00:00,1419.0
2026-01-13T02:00:00+00:00,1420.4
2026-01-13T02:15:00+00:00,1410.96
2026-01-13T02:30:00+00:00,1399.76
2026-01-13T02:45:00+00:00,1401.08
2026-01-13T03:00:00+00:00,1410.8
2026-01-13T03:15:00+00:00,1413.0
2026-01-13T03:30:00+00:00,1427.32
2026-01-13T03:45:00+00:00,1402.52
2026-01-13T04:00:00+00:00,1396.88
2026-01-13T04:15:00+00:00,1403.88
2026-01-13T04:30:00+00:00,1397.48
2026-01-13T04:45:00+00:00,1408.24
2026-01-13T05:00:00+00:00,1423.12
2026-01-13T05:15:00+00:00,3766.92
2026-01-13T05:30:00+00:00,6000.52
2026-01-13T05:45:00+00:00,8172.36
2026-01-13T06:00:00+00:00,9816.84
2026-01-13T06:15:00+00:00,11441.88
2026-01-13T06:30:00+00:00,12986.76
2026-01-13T06:45:00+00:00,13903.84
2026-01-13T07:00:00+00:00,14527.72
2026-01-13T07:15:00+00:00,14719.28
2026-01-13T07:30:00+00:00,14836.76
2026-01-13T07:45:00+00:00,14287.44
2026-01-13T08:00:00+00:00,15816.92
2026-01-13T08:15:00+00:00,14407.08
2026-01-13T08:30:00+00:00,12630.56
2026-01-13T08:45:00+00:00,10963.52
2026-01-13T09:00:00+00:00,8734.88
2026-01-13T09:15:00+00:00,8121.28
2026-01-13T09:30:00+00:00,7457.68
2026-01-13T09:45:00+00:00,6635.28
2026-01-13T10:00:00+00:00,5780.2
2026-01-13T10:15:00+00:00,4735.92
2026-01-13T10:30:00+00:00,3806.2
2026-01-13T10:45:00+00:00,2700.88
2026-01-13T11:00:00+00:00,1694.44
2026-01-13T11:15:00+00:00,1691.76
2026-01-13T11:30:00+00:00,1676.36
2026-01-13T11:45:00+00:00,1680.48
2026-01-13T12:00:00+00:00,1702.36
2026-01-13T12:15:00+00:00,1693.48
2026-01-13T12:30:00+00:00,1673.56
2026-01-13T12:45:00+00:00,1662.48
2026-01-13T13:00:00+00:00,1682.72
2026-01-13T13:15:00+00:00,3324.44
2026-01-13T13:30:00+00:00,4942.84
2026-01-13T13:45:00+00:00,6446.52
2026-01-13T14:00:00+00:00,7644.24
2026-01-13T14:15:00+00:00,8781.72
2026-01-13T14:30:00+00:00,9595.6
2026-01-13T14:45:00+00:00,10094.36
2026-01-13T15:00:00+00:00,10504.76
2026-01-13T15:15:00+00:00,10096.2
2026-01-13T15:30:00+00:00,9772.92
2026-01-13T15:45:00+00:00,8794.96
2026-01-13T16:00:00+00:00,7659.48
2026-01-13T16:15:00+00:00,6460.92
2026-01-13T16:30:00+00:00,4973.4
2026-01-13T16:45:00+00:00,3387.0
2026-01-13T17:00:00+00:00,1437.44
2026-01-13T17:15:00+00:00,2273.44
2026-01-13T17:30:00+00:00,3171.04
2026-01-13T17:45:00+00:00,3990.24
2026-01-13T18:00:00+00:00,4856.56
2026-01-13T18:15:00+00:00,5564.96
2026-01-13T18:30:00+00:00,6338.96
2026-01-13T18:45:00+00:00,6753.96
2026-01-13T19:00:00+00:00,7389.76
2026-01-13T19:15:00+00:00,7685.0
2026-01-13T19:30:00+00:00,8089.12
2026-01-13T19:45:00+00:00,8243.88
2026-01-13T20:00:00+00:00,8239.64
2026-01-13T20:15:00+00:00,8224.64
2026-01-13T20:30:00+00:00,8026.52
2026-01-13T20:45:00+00:00,7796.0
2026-01-13T21:00:00+00:00,7431.24
2026-01-13T21:15:00+00:00,8265.92
2026-01-13T21:30:00+00:00,8956.88
2026-01-13T21:45:00+00:00,9614.92
2026-01-13T22:00:00+00:00,9849.88
2026-01-13T22:15:00+00:00,10016.28
2026-01-13T22:30:00+00:00,10038.36
2026-01-13T22:45:00+00:00,9413.08
2026-01-13T23:00:00+00:00,8716.76
2026-01-13T23:15:00+00:00,8467.56
2026-01-13T23:30:00+00:00,8187.0
2026-01-13T23:45:00+00:00,7362.04
2026-01-14T00:00:00+00:00,6459.6
2026-01-14T00:15:00+00:00,5411.28
2026-01-14T00:30:00+00:00,4211.88
2026-01-14T00:45:00+00:00,2818.24
2026-01-14T01:00:00+00:00,1407.8
2026-01-14T01:15:00+00:00,1400.48
2026-01-14T01:30:00+00:00,1402.6
2026-01-14T01:45:00+00:00,1391.52
2026-01-14T02:00:00+00:00,1404.48
2026-01-14T02:15:00+00:00,1406.44
2026-01-14T02:30:00+00:00,1417.32
2026-01-14T02:45:00+00:00,1408.76
2026-01-14T03:00:00+00:00,1374.0
2026-01-14T03:15:00+00:00,1408.0
2026-01-14T03:30:00+00:00,1414.2
2026-01-14T03:45:00+00:00,1423.92
2026-01-14T04:00:00+00:00,1422.4
2026-01-14T04:15:00+00:00,1398.84
2026-01-14T04:30:00+00:00,1400.08
2026-01-14T04:45:00+00:00,1399.04
2026-01-14T05:00:00+00:00,1405.32
2026-01-14T05:15:00+00:00,3709.2
2026-01-14T05:30:00+00:00,5892.04
2026-01-14T05:45:00+00:00,8194.28
2026-01-14T06:00:00+00:00,9894.84
2026-01-14T06:15:00+00:00,11553.96
2026-01-14T06:30:00+00:00,13107.04
2026-01-14T06:45:00+00:00,13785.56
2026-01-14T07:00:00+00:00,14702.92
2026-01-14T07:15:00+00:00,14768.04
2026-01-14T07:30:00+00:00,14482.0
2026-01-14T07:45:00+00:00,14338.88
2026-01-14T08:00:00+00:00,15998.56
2026-01-14T08:15:00+00:00,14536.64
2026-01-14T08:30:00+00:00,12895.88
2026-01-14T08:45:00+00:00,10965.44
2026-01-14T09:00:00+00:00,8771.08
2026-01-14T09:15:00+00:00,8049.96
2026-01-14T09:30:00+00:00,7443.24
2026-01-14T09:45:00+00:00,6718.56
2026-01-14T10:00:00+00:00,5716.12
2026-01-14T10:15:00+00:00,4793.2
2026-01-14T10:30:00+00:00,3784.0
2026-01-14T10:45:00+00:00,2722.12
2026-01-14T11:00:00+00:00,1672.12
2026-01-14T11:15:00+00:00,1674.36
2026-01-14T11:30:00+00:00,1686.36
2026-01-14T11:45:00+00:00,1650.6
2026-01-14T12:00:00+00:00,1704.04
2026-01-14T12:15:00+00:00,1670.68
2026-01-14T12:30:00+00:00,1681.08
2026-01-14T12:45:00+00:00,1682.04
2026-01-14T13:00:00+00:00,1685.24
2026-01-14T13:15:00+00:00,3333.92
2026-01-14T13:30:00+00:00,5013.36
2026-01-14T13:45:00+00:00,6577.72
2026-01-14T14:00:00+00:00,7878.04
2026-01-14T14:15:00+00:00,8860.88
2026-01-14T14:30:00+00:00,9966.32
2026-01-14T14:45:00+00:00,10079.84
2026-01-14T15:00:00+00:00,10317.92
2026-01-14T15:15:00+00:00,10184.12
2026-01-14T15:30:00+00:00,9548.24
2026-01-14T15:45:00+00:00,8892.12
2026-01-14T16:00:00+00:00,7633.36
2026-01-14T16:15:00+00:00,6458.36
2026-01-14T16:30:00+00:00,4982.84
2026-01-14T16:45:00+00:00,3375.16
2026-01-14T17:00:00+00:00,1404.6
2026-01-14T17:15:00+00:00,2295.64
2026-01-14T17:30:00+00:00,3170.64
2026-01-14T17:45:00+00:00,4018.92
2026-01-14T18:00:00+00:00,4870.04
2026-01-14T18:15:00+00:00,5527.48
2026-01-14T18:30:00+00:00,6194.96
2026-01-14T18:45:00+00:00,6839.32
2026-01-14T19:00:00+00:00,7322.64
2026-01-14T19:15:00+00:00,7716.96
2026-01-14T19:30:00+00:00,7947.0
2026-01-14T19:45:00+00:00,8190.4
2026-01-14T20:00:00+00:00,8192.12
2026-01-14T20:15:00+00:00,8148.88
2026-01-14T20:30:00+00:00,8006.16
2026-01-14T20:45:00+00:00,7676.96
2026-01-14T21:00:00+00:00,7384.4
2026-01-14T21:15:00+00:00,8193.4
2026-01-14T21:30:00+00:00,8994.6
2026-01-14T21:45:00+00:00,9580.76
2026-01-14T22:00:00+00:00,9918.56
2026-01-14T22:15:00+00:00,9898.48
2026-01-14T22:30:00+00:00,9949.32
2026-01-14T22:45:00+00:00,9460.2
2026-01-14T23:00:00+00:00,8690.2
2026-01-14T23:15:00+00:00,8429.76
2026-01-14T23:30:00+00:00,8075.52
2026-01-14T23:45:00+00:00,7388.6
2026-01-15T00:00:00+00:00,6595.44
2026-01-15T00:15:00+00:00,5437.32
2026-01-15T00:30:00+00:00,4204.56
2026-01-15T00:45:00+00:00,2835.04
2026-01-15T01:00:00+00:00,1393.04
2026-01-15T01:15:00+00:00,1409.88
2026-01-15T01:30:00+00:00,1420.8
2026-01-15T01:45:00+00:00,1402.8
2026-01-15T02:00:00+00:00,1409.68
2026-01-15T02:15:00+00:00,1396.08
2026-01-15T02:30:00+00:00,1411.76
2026-01-15T02:45:00+00:00,1407.64
2026-01-15T03:00:00+00:00,1425.04
2026-01-15T03:15:00+00:00,1396.84
2026-01-15T03:30:00+00:00,1405.0
2026-01-15T03:45:00+00:00,1438.16
2026-01-15T04:00:00+00:00,1400.72
2026-01-15T04:15:00+00:00,1431.56
2026-01-15T04:30:00+00:00,1406.76
2026-01-15T04:45:00+00:00,1384.92
2026-01-15T05:00:00+00:00,1393.8
2026-01-15T05:15:00+00:00,3688.92
2026-01-15T05:30:00+00:00,5907.12
2026-01-15T05:45:00+00:00,7872.44
2026-01-15T06:00:00+00:00,10019.56
2026-01-15T06:15:00+00:00,11503.48
2026-01-15T06:30:00+00:00,12953.04
2026-01-15T06:45:00+00:00,13954.32
2026-01-15T07:00:00+00:00,14672.12
2026-01-15T07:15:00+00:00,14942.68
2026-01-15T07:30:00+00:00,14943.36
2026-01-15T07:45:00+00:00,14181.44
2026-01-15T08:00:00+00:00,15734.64
2026-01-15T08:15:00+00:00,14761.48
2026-01-15T08:30:00+00:00,12932.68
2026-01-15T08:45:00+00:00,10954.88
2026-01-15T09:00:00+00:00,8703.56
2026-01-15T09:15:00+00:00,8174.28
2026-01-15T09:30:00+00:00,7389.12
2026-01-15T09:45:00+00:00,6599.32
2026-01-15T10:00:00+00:00,5754.44
2026-01-15T10:15:00+00:00,4824.12
2026-01-15T10:30:00+00:00,3750.44
2026-01-15T10:45:00+00:00,2751.56
2026-01-15T11:00:00+00:00,1661.64
2026-01-15T11:15:00+00:00,1670.0
2026-01-15T11:30:00+00:00,1690.32
2026-01-15T11:45:00+00:00,1671.6
2026-01-15T12:00:00+00:00,1676.92
2026-01-15T12:15:00+00:00,1685.12
2026-01-15T12:30:00+00:00,1674.96
2026-01-15T12:45:00+00:00,1669.84
2026-01-15T13:00:00+00:00,1681.76
2026-01-15T13:15:00+00:00,3413.92
2026-01-15T13:30:00+00:00,5041.88
2026-01-15T13:45:00+00:00,6467.2
2026-01-15T14:00:00+00:00,7693.44
2026-01-15T14:15:00+00:00,8890.4
2026-01-15T14:30:00+00:00,9727.12
2026-01-15T14:45:00+00:00,10230.12
2026-01-15T15:00:00+00:00,10309.2
2026-01-15T15:15:00+00:00,10029.72
2026-01-15T15:30:00+00:00,9730.12
2026-01-15T15:45:00+00:00,8891.48
2026-01-15T16:00:00+00:00,7772.12
2026-01-15T16:15:00+00:00,6428.92
2026-01-15T16:30:00+00:00,4973.04
2026-01-15T16:45:00+00:00,3361.6
2026-01-15T17:00:00+00:00,1421.68
2026-01-15T17:15:00+00:00,2295.8
2026-01-15T17:30:00+00:00,3164.08
2026-01-15T17:45:00+00:00,3992.32
2026-01-15T18:00:00+00:00,4855.28
2026-01-15T18:15:00+00:00,5546.4
2026-01-15T18:30:00+00:00,6191.08
2026-01-15T18:45:00+00:00,6838.24
2026-01-15T19:00:00+00:00,7392.44
2026-01-15T19:15:00+00:00,7632.56
2026-01-15T19:30:00+00:00,7959.8
2026-01-15T19:45:00+00:00,8232.44
2026-01-15T20:00:00+00:00,8160.32
2026-01-15T20:15:00+00:00,8152.32
2026-01-15T20:30:00+00:00,8186.72
2026-01-15T20:45:00+00:00,7700.04
2026-01-15T21:00:00+00:00,7346.6
2026-01-15T21:15:00+00:00,8095.36
2026-01-15T21:30:00+00:00,8978.96
2026-01-15T21:45:00+00:00,9574.12
2026-01-15T22:00:00+00:00,9981.92
2026-01-15T22:15:00+00:00,10079.4
2026-01-15T22:30:00+00:00,9825.92
2026-01-15T22:45:00+00:00,9360.96
2026-01-15T23:00:00+00:00,8646.96
2026-01-15T23:15:00+00:00,8633.16
2026-01-15T23:30:00+00:00,8021.92
2026-01-15T23:45:00+00:00,7475.88
2026-01-16T00:00:00+00:00,6574.68
2026-01-16T00:15:00+00:00,5385.96
2026-01-16T00:30:00+00:00,4165.16
2026-01-16T00:45:00+00:00,2816.92
2026-01-16T01:00:00+00:00,1420.8
2026-01-16T01:15:00+00:00,1406.24
2026-01-16T01:30:00+00:00,1405.72
2026-01-16T01:45:00+00:00,1420.12
2026-01-16T02:00:00+00:00,1409.52
2026-01-16T02:15:00+00:00,1401.72
2026-01-16T02:30:00+00:00,1381.44
2026-01-16T02:45:00+00:00,1406.8
2026-01-16T03:00:00+00:00,1392.24
2026-01-16T03:15:00+00:00,1416.48
2026-01-16T03:30:00+00:00,1409.0
2026-01-16T03:45:00+00:00,1408.56
2026-01-16T04:00:00+00:00,1435.68
2026-01-16T04:15:00+00:00,1407.28
2026-01-16T04:30:00+00:00,1413.8
2026-01-16T04:45:00+00:00,1430.68
2026-01-16T05:00:00+00:00,1422.36
2026-01-16T05:15:00+00:00,3718.08
2026-01-16T05:30:00+00:00,5949.0
2026-01-16T05:45:00+00:00,8053.16
2026-01-16T06:00:00+00:00,9945.2
2026-01-16T06:15:00+00:00,11456.76
2026-01-16T06:30:00+00:00,12941.44
2026-01-16T06:45:00+00:00,13842.92
2026-01-16T07:00:00+00:00,14771.72
2026-01-16T07:15:00+00:00,14900.44
2026-01-16T07:30:00+00:00,14705.64
2026-01-16T07:45:00+00:00,14169.08
2026-01-16T08:00:00+00:00,15929.88
2026-01-16T08:15:00+00:00,14706.12
2026-01-16T08:30:00+00:00,12757.08
2026-01-16T08:45:00+00:00,10868.04
2026-01-16T09:00:00+00:00,8667.28
2026-01-16T09:15:00+00:00,8059.88
2026-01-16T09:30:00+00:00,7454.2
2026-01-16T09:45:00+00:00,6697.36
2026-01-16T10:00:00+00:00,5703.92
2026-01-16T10:15:00+00:00,4782.96
2026-01-16T10:30:00+00:00,3788.76
2026-01-16T10:45:00+00:00,2721.56
2026-01-16T11:00:00+00:00,1684.96
2026-01-16T11:15:00+00:00,1648.28
2026-01-16T11:30:00+00:00,1639.76
2026-01-16T11:45:00+00:00,1685.2
2026-01-16T12:00:00+00:00,1679.52
2026-01-16T12:15:00+00:00,1678.0
2026-01-16T12:30:00+00:00,1696.2
2026-01-16T12:45:00+00:00,1673.36
2026-01-16T13:00:00+00:00,1687.8
2026-01-16T13:15:00+00:00,3374.04
2026-01-16T13:30:00+00:00,4906.2
2026-01-16T13:45:00+00:00,6535.4
2026-01-16T14:00:00+00:00,7726.68
2026-01-16T14:15:00+00:00,8832.2
2026-01-16T14:30:00+00:00,9667.2
2026-01-16T14:45:00+00:00,10264.2
2026-01-16T15:00:00+00:00,10186.12
2026-01-16T15:15:00+00:00,10109.76
2026-01-16T15:30:00+00:00,9540.68
2026-01-16T15:45:00+00:00,8791.8
2026-01-16T16:00:00+00:00,7855.92
2026-01-16T16:15:00+00:00,6448.36
2026-01-16T16:30:00+00:00,5021.68
2026-01-16T16:45:00+00:00,3327.84
2026-01-16T17:00:00+00:00,1406.36
2026-01-16T17:15:00+00:00,2281.64
2026-01-16T17:30:00+00:00,3155.76
2026-01-16T17:45:00+00:00,4004.0
2026-01-16T18:00:00+00:00,4826.16
2026-01-16T18:15:00+00:00,5536.44
2026-01-16T18:30:00+00:00,6268.76
2026-01-16T18:45:00+00:00,6828.96
2026-01-16T19:00:00+00:00,7289.68
2026-01-16T19:15:00+00:00,7692.32
2026-01-16T19:30:00+00:00,7942.2
2026-01-16T19:45:00+00:00,8124.08
2026-01-16T20:00:00+00:00,8203.0
2026-01-16T20:15:00+00:00,8189.6
2026-01-16T20:30:00+00:00,7984.56
2026-01-16T20:45:00+00:00,7658.44
2026-01-16T21:00:00+00:00,7307.68
2026-01-16T21:15:00+00:00,8160.88
2026-01-16T21:30:00+00:00,9048.88
2026-01-16T21:45:00+00:00,9586.12
2026-01-16T22:00:00+00:00,9994.72
2026-01-16T22:15:00+00:00,10019.48
2026-01-16T22:30:00+00:00,9891.88
2026-01-16T22:45:00+00:00,9217.84
2026-01-16T23:00:00+00:00,8564.72
2026-01-16T23:15:00+00:00,8381.28
2026-01-16T23:30:00+00:00,8071.24
2026-01-16T23:45:00+00:00,7506.36
2026-01-17T00:00:00+00:00,6604.56
2026-01-17T00:15:00+00:00,5449.16
2026-01-17T00:30:00+00:00,4247.28
2026-01-17T00:45:00+00:00,2832.28
2026-01-17T01:00:00+00:00,1398.96
2026-01-17T01:15:00+00:00,1410.96
2026-01-17T01:30:00+00:00,1389.32
2026-01-17T01:45:00+00:00,1432.0
2026-01-17T02:00:00+00:00,1384.32
2026-01-17T02:15:00+00:00,1408.6
2026-01-17T02:30:00+00:00,1403.84
2026-01-17T02:45:00+00:00,1400.8
2026-01-17T03:00:00+00:00,1377.6
2026-01-17T03:15:00+00:00,1395.36
2026-01-17T03:30:00+00:00,1430.28
2026-01-17T03:45:00+00:00,1387.0
2026-01-17T04:00:00+00:00,1415.4
2026-01-17T04:15:00+00:00,1401.56
2026-01-17T04:30:00+00:00,1409.6
2026-01-17T04:45:00+00:00,1408.12
2026-01-17T05:00:00+00:00,1404.52
2026-01-17T05:15:00+00:00,3712.32
2026-01-17T05:30:00+00:00,5945.8
2026-01-17T05:45:00+00:00,7997.8
2026-01-17T06:00:00+00:00,9921.76
2026-01-17T06:15:00+00:00,11568.6
2026-01-17T06:30:00+00:00,12968.92
2026-01-17T06:45:00+00:00,13997.52
2026-01-17T07:00:00+00:00,14577.0
2026-01-17T07:15:00+00:00,14738.08
2026-01-17T07:30:00+00:00,14610.76
2026-01-17T07:45:00+00:00,14213.48
2026-01-17T08:00:00+00:00,13523.72
2026-01-17T08:15:00+00:00,12122.64
2026-01-17T08:30:00+00:00,10940.44
2026-01-17T08:45:00+00:00,9313.84
2026-01-17T09:00:00+00:00,7314.28
2026-01-17T09:15:00+00:00,6863.0
2026-01-17T09:30:00+00:00,6199.68
2026-01-17T09:45:00+00:00,5635.44
2026-01-17T10:00:00+00:00,4873.48
2026-01-17T10:15:00+00:00,4017.16
2026-01-17T10:30:00+00:00,3173.32
2026-01-17T10:45:00+00:00,2285.68
2026-01-17T11:00:00+00:00,1416.48
2026-01-17T11:15:00+00:00,1402.0
2026-01-17T11:30:00+00:00,1412.52
2026-01-17T11:45:00+00:00,1404.04
2026-01-17T12:00:00+00:00,1406.88
2026-01-17T12:15:00+00:00,1396.92
2026-01-17T12:30:00+00:00,1407.68
2026-01-17T12:45:00+00:00,1408.04
2026-01-17T13:00:00+00:00,1401.68
2026-01-17T13:15:00+00:00,2828.04
2026-01-17T13:30:00+00:00,4177.64
2026-01-17T13:45:00+00:00,5444.16
2026-01-17T14:00:00+00:00,6598.16
2026-01-17T14:15:00+00:00,7523.72
2026-01-17T14:30:00+00:00,8132.04
2026-01-17T14:45:00+00:00,8366.32
2026-01-17T15:00:00+00:00,8749.08
2026-01-17T15:15:00+00:00,8508.6
2026-01-17T15:30:00+00:00,8002.6
2026-01-17T15:45:00+00:00,7395.68
2026-01-17T16:00:00+00:00,6553.72
2026-01-17T16:15:00+00:00,5441.24
2026-01-17T16:30:00+00:00,4090.56
2026-01-17T16:45:00+00:00,2823.8
2026-01-17T17:00:00+00:00,1401.56
2026-01-17T17:15:00+00:00,2326.96
2026-01-17T17:30:00+00:00,3163.36
2026-01-17T17:45:00+00:00,4067.32
2026-01-17T18:00:00+00:00,4751.68
2026-01-17T18:15:00+00:00,5603.24
2026-01-17T18:30:00+00:00,6309.8
2026-01-17T18:45:00+00:00,6849.64
2026-01-17T19:00:00+00:00,7289.6
2026-01-17T19:15:00+00:00,7679.68
2026-01-17T19:30:00+00:00,8018.52
2026-01-17T19:45:00+00:00,8194.16
2026-01-17T20:00:00+00:00,8225.64
2026-01-17T20:15:00+00:00,8135.92
2026-01-17T20:30:00+00:00,7911.56
2026-01-17T20:45:00+00:00,7693.2
2026-01-17T21:00:00+00:00,7300.2
2026-01-17T21:15:00+00:00,8178.92
2026-01-17T21:30:00+00:00,9141.56
2026-01-17T21:45:00+00:00,9585.16
2026-01-17T22:00:00+00:00,10019.72
2026-01-17T22:15:00+00:00,9998.12
2026-01-17T22:30:00+00:00,9945.4
2026-01-17T22:45:00+00:00,9467.08
2026-01-17T23:00:00+00:00,8720.88
2026-01-17T23:15:00+00:00,8516.36
2026-01-17T23:30:00+00:00,8152.8
2026-01-17T23:45:00+00:00,7326.6
2026-01-18T00:00:00+00:00,6511.8
2026-01-18T00:15:00+00:00,5455.16
2026-01-18T00:30:00+00:00,4222.4
2026-01-18T00:45:00+00:00,2796.72
2026-01-18T01:00:00+00:00,1410.48
2026-01-18T01:15:00+00:00,1408.68
2026-01-18T01:30:00+00:00,1407.6
2026-01-18T01:45:00+00:00,1407.92
2026-01-18T02:00:00+00:00,1418.44
2026-01-18T02:15:00+00:00,1419.56
2026-01-18T02:30:00+00:00,1410.44
2026-01-18T02:45:00+00:00,1405.16
2026-01-18T03:00:00+00:00,1392.36
2026-01-18T03:15:00+00:00,1406.08
2026-01-18T03:30:00+00:00,1409.88
2026-01-18T03:45:00+00:00,1386.0
2026-01-18T04:00:00+00:00,1422.4
2026-01-18T04:15:00+00:00,1413.36
2026-01-18T04:30:00+00:00,1403.8
2026-01-18T04:45:00+00:00,1382.28
2026-01-18T05:00:00+00:00,1422.48
2026-01-18T05:15:00+00:00,3720.92
2026-01-18T05:30:00+00:00,5883.88
2026-01-18T05:45:00+00:00,8138.2
2026-01-18T06:00:00+00:00,9920.72
2026-01-18T06:15:00+00:00,11534.6
2026-01-18T06:30:00+00:00,12979.84
2026-01-18T06:45:00+00:00,13946.36
2026-01-18T07:00:00+00:00,14825.24
2026-01-18T07:15:00+00:00,14889.56
2026-01-18T07:30:00+00:00,14797.04
2026-01-18T07:45:00+00:00,14181.28
2026-01-18T08:00:00+00:00,13341.72
2026-01-18T08:15:00+00:00,12103.88
2026-01-18T08:30:00+00:00,10735.88
2026-01-18T08:45:00+00:00,9161.0
2026-01-18T09:00:00+00:00,7289.24
2026-01-18T09:15:00+00:00,6895.12
2026-01-18T09:30:00+00:00,6216.48
2026-01-18T09:45:00+00:00,5539.64
2026-01-18T10:00:00+00:00,4816.88
2026-01-18T10:15:00+00:00,4025.48
2026-01-18T10:30:00+00:00,3221.24
2026-01-18T10:45:00+00:00,2272.68
2026-01-18T11:00:00+00:00,1421.2
2026-01-18T11:15:00+00:00,1422.64
2026-01-18T11:30:00+00:00,1401.28
2026-01-18T11:45:00+00:00,1412.04
2026-01-18T12:00:00+00:00,1408.24
2026-01-18T12:15:00+00:00,1428.8
2026-01-18T12:30:00+00:00,1410.84
2026-01-18T12:45:00+00:00,1418.68
2026-01-18T13:00:00+00:00,1410.56
2026-01-18T13:15:00+00:00,2827.12
2026-01-18T13:30:00+00:00,4183.6
2026-01-18T13:45:00+00:00,5552.88
2026-01-18T14:00:00+00:00,6515.16
2026-01-18T14:15:00+00:00,7458.84
2026-01-18T14:30:00+00:00,8173.84
2026-01-18T14:45:00+00:00,8544.04
2026-01-18T15:00:00+00:00,8706.8
2026-01-18T15:15:00+00:00,8481.6
2026-01-18T15:30:00+00:00,8049.72
2026-01-18T15:45:00+00:00,7383.68
2026-01-18T16:00:00+00:00,6517.24
2026-01-18T16:15:00+00:00,5436.24
2026-01-18T16:30:00+00:00,4224.24
2026-01-18T16:45:00+00:00,2876.08
2026-01-18T17:00:00+00:00,1407.72
2026-01-18T17:15:00+00:00,2276.12
2026-01-18T17:30:00+00:00,3177.44
2026-01-18T17:45:00+00:00,4026.96
2026-01-18T18:00:00+00:00,4812.84
2026-01-18T18:15:00+00:00,5538.56
2026-01-18T18:30:00+00:00,6197.24
2026-01-18T18:45:00+00:00,6814.28
2026-01-18T19:00:00+00:00,7238.84
2026-01-18T19:15:00+00:00,7725.44
2026-01-18T19:30:00+00:00,7966.36
2026-01-18T19:45:00+00:00,8111.84
2026-01-18T20:00:00+00:00,8207.24
2026-01-18T20:15:00+00:00,8198.12
2026-01-18T20:30:00+00:00,8074.08
2026-01-18T20:45:00+00:00,7688.92
2026-01-18T21:00:00+00:00,7353.32
2026-01-18T21:15:00+00:00,8264.72
2026-01-18T21:30:00+00:00,9124.68
2026-01-18T21:45:00+00:00,9548.64
2026-01-18T22:00:00+00:00,9900.04
2026-01-18T22:15:00+00:00,10144.56
2026-01-18T22:30:00+00:00,10001.24
2026-01-18T22:45:00+00:00,9511.4
2026-01-18T23:00:00+00:00,8527.48
2026-01-18T23:15:00+00:00,8644.4
2026-01-18T23:30:00+00:00,8098.56
2026-01-18T23:45:00+00:00,7380.04
2026-01-19T00:00:00+00:00,6564.36
2026-01-19T00:15:00+00:00,5419.96
2026-01-19T00:30:00+00:00,4147.56
2026-01-19T00:45:00+00:00,2825.08
2026-01-19T01:00:00+00:00,1409.76
2026-01-19T01:15:00+00:00,1400.68
2026-01-19T01:30:00+00:00,1401.44
2026-01-19T01:45:00+00:00,1403.36
2026-01-19T02:00:00+00:00,1405.24
2026-01-19T02:15:00+00:00,1402.24
2026-01-19T02:30:00+00:00,1394.88
2026-01-19T02:45:00+00:00,1409.12
2026-01-19T03:00:00+00:00,1410.96
2026-01-19T03:15:00+00:00,1405.64
2026-01-19T03:30:00+00:00,1397.68
2026-01-19T03:45:00+00:00,1410.52
2026-01-19T04:00:00+00:00,1403.48
2026-01-19T04:15:00+00:00,1394.6
2026-01-19T04:30:00+00:00,1393.24
2026-01-19T04:45:00+00:00,1400.4
2026-01-19T05:00:00+00:00,1423.32
2026-01-19T05:15:00+00:00,3702.04
2026-01-19T05:30:00+00:00,5888.84
2026-01-19T05:45:00+00:00,8071.6
2026-01-19T06:00:00+00:00,9940.16
2026-01-19T06:15:00+00:00,11770.8
2026-01-19T06:30:00+00:00,13022.96
2026-01-19T06:45:00+00:00,13848.16
2026-01-19T07:00:00+00:00,14593.56
2026-01-19T07:15:00+00:00,14836.72
2026-01-19T07:30:00+00:00,14632.64
2026-01-19T07:45:00+00:00,14245.64
2026-01-19T08:00:00+00:00,16105.12
2026-01-19T08:15:00+00:00,14766.52
2026-01-19T08:30:00+00:00,12681.84
2026-01-19T08:45:00+00:00,10938.24
2026-01-19T09:00:00+00:00,8762.08
2026-01-19T09:15:00+00:00,8137.72
2026-01-19T09:30:00+00:00,7463.24
2026-01-19T09:45:00+00:00,6603.36
2026-01-19T10:00:00+00:00,5737.4
2026-01-19T10:15:00+00:00,4826.4
2026-01-19T10:30:00+00:00,3797.12
2026-01-19T10:45:00+00:00,2733.36
2026-01-19T11:00:00+00:00,1674.52
2026-01-19T11:15:00+00:00,1673.8
2026-01-19T11:30:00+00:00,1666.04
2026-01-19T11:45:00+00:00,1674.0
2026-01-19T12:00:00+00:00,1678.4
2026-01-19T12:15:00+00:00,1678.56
2026-01-19T12:30:00+00:00,1678.0
2026-01-19T12:45:00+00:00,1695.08
2026-01-19T13:00:00+00:00,1676.12
2026-01-19T13:15:00+00:00,3382.76
2026-01-19T13:30:00+00:00,4982.44
2026-01-19T13:45:00+00:00,6532.2
2026-01-19T14:00:00+00:00,7788.52
2026-01-19T14:15:00+00:00,8797.48
2026-01-19T14:30:00+00:00,9603.28
2026-01-19T14:45:00+00:00,10244.16
2026-01-19T15:00:00+00:00,10161.56
2026-01-19T15:15:00+00:00,9988.6
2026-01-19T15:30:00+00:00,9675.8
2026-01-19T15:45:00+00:00,8835.76
2026-01-19T16:00:00+00:00,7864.16
2026-01-19T16:15:00+00:00,6408.72
2026-01-19T16:30:00+00:00,5038.28
2026-01-19T16:45:00+00:00,3328.52
2026-01-19T17:00:00+00:00,1413.12
2026-01-19T17:15:00+00:00,2280.84
2026-01-19T17:30:00+00:00,3166.8
2026-01-19T17:45:00+00:00,4011.08
2026-01-19T18:00:00+00:00,4831.72
2026-01-19T18:15:00+00:00,5576.56
2026-01-19T18:30:00+00:00,6264.76
2026-01-19T18:45:00+00:00,6774.52
2026-01-19T19:00:00+00:00,7399.24
2026-01-19T19:15:00+00:00,7825.2
2026-01-19T19:30:00+00:00,8036.68
2026-01-19T19:45:00+00:00,8136.2
2026-01-19T20:00:00+00:00,8165.76
2026-01-19T20:15:00+00:00,8113.92
2026-01-19T20:30:00+00:00,7962.32
2026-01-19T20:45:00+00:00,7696.8
2026-01-19T21:00:00+00:00,7391.56
2026-01-19T21:15:00+00:00,8299.16
2026-01-19T21:30:00+00:00,8957.72
2026-01-19T21:45:00+00:00,9644.28
2026-01-19T22:00:00+00:00,10035.96
2026-01-19T22:15:00+00:00,9774.32
2026-01-19T22:30:00+00:00,9763.76
2026-01-19T22:45:00+00:00,9618.8
2026-01-19T23:00:00+00:00,8596.76
2026-01-19T23:15:00+00:00,8617.24
2026-01-19T23:30:00+00:00,8009.52
2026-01-19T23:45:00+00:00,7356.96
2026-01-20T00:00:00+00:00,6569.16
2026-01-20T00:15:00+00:00,5409.68
2026-01-20T00:30:00+00:00,4192.16
2026-01-20T00:45:00+00:00,2824.16
2026-01-20T01:00:00+00:00,1428.64
2026-01-20T01:15:00+00:00,1403.12
2026-01-20T01:30:00+00:00,1390.92
2026-01-20T01:45:00+00:00,1416.96
2026-01-20T02:00:00+00:00,1410.36
2026-01-20T02:15:00+00:00,1398.56
2026-01-20T02:30:00+00:00,1430.08
2026-01-20T02:45:00+00:00,1407.36
2026-01-20T03:00:00+00:00,1412.64
2026-01-20T03:15:00+00:00,1416.68
2026-01-20T03:30:00+00:00,1411.56
2026-01-20T03:45:00+00:00,1402.64
2026-01-20T04:00:00+00:00,1403.56
2026-01-20T04:15:00+00:00,1421.92
2026-01-20T04:30:00+00:00,1410.88
2026-01-20T04:45:00+00:00,1405.48
2026-01-20T05:00:00+00:00,1398.84
2026-01-20T05:15:00+00:00,3736.12
2026-01-20T05:30:00+00:00,5913.72
2026-01-20T05:45:00+00:00,8079.32
2026-01-20T06:00:00+00:00,9992.4
2026-01-20T06:15:00+00:00,11608.92
2026-01-20T06:30:00+00:00,12753.24
2026-01-20T06:45:00+00:00,14095.92
2026-01-20T07:00:00+00:00,14665.24
2026-01-20T07:15:00+00:00,14838.28
2026-01-20T07:30:00+00:00,14541.2
2026-01-20T07:45:00+00:00,14052.6
2026-01-20T08:00:00+00:00,15852.0
2026-01-20T08:15:00+00:00,14563.08
2026-01-20T08:30:00+00:00,12649.92
2026-01-20T08:45:00+00:00,10923.44
2026-01-20T09:00:00+00:00,8692.88
2026-01-20T09:15:00+00:00,8091.36
2026-01-20T09:30:00+00:00,7438.08
2026-01-20T09:45:00+00:00,6634.52
2026-01-20T10:00:00+00:00,5721.12
2026-01-20T10:15:00+00:00,4752.96
2026-01-20T10:30:00+00:00,3764.84
2026-01-20T10:45:00+00:00,2771.32
2026-01-20T11:00:00+00:00,1674.56
2026-01-20T11:15:00+00:00,1649.04
2026-01-20T11:30:00+00:00,1676.6
2026-01-20T11:45:00+00:00,1695.2
2026-01-20T12:00:00+00:00,1705.72
2026-01-20T12:15:00+00:00,1678.72
2026-01-20T12:30:00+00:00,1682.72
2026-01-20T12:45:00+00:00,1657.56
2026-01-20T13:00:00+00:00,1662.72
2026-01-20T13:15:00+00:00,3354.68
2026-01-20T13:30:00+00:00,4942.32
2026-01-20T13:45:00+00:00,6485.64
2026-01-20T14:00:00+00:00,7674.8
2026-01-20T14:15:00+00:00,8937.64
2026-01-20T14:30:00+00:00,9646.0
2026-01-20T14:45:00+00:00,10151.76
2026-01-20T15:00:00+00:00,10341.52
2026-01-20T15:15:00+00:00,10076.92
2026-01-20T15:30:00+00:00,9604.16
2026-01-20T15:45:00+00:00,8836.04
2026-01-20T16:00:00+00:00,7805.08
2026-01-20T16:15:00+00:00,6440.48
2026-01-20T16:30:00+00:00,4942.32
2026-01-20T16:45:00+00:00,3361.4
2026-01-20T17:00:00+00:00,1399.56
2026-01-20T17:15:00+00:00,2274.44
2026-01-20T17:30:00+00:00,3205.16
2026-01-20T17:45:00+00:00,4032.88
2026-01-20T18:00:00+00:00,4867.56
2026-01-20T18:15:00+00:00,5534.92
2026-01-20T18:30:00+00:00,6270.44
2026-01-20T18:45:00+00:00,6817.8
2026-01-20T19:00:00+00:00,7286.0
2026-01-20T19:15:00+00:00,7776.4
2026-01-20T19:30:00+00:00,7984.88
2026-01-20T19:45:00+00:00,8258.28
2026-01-20T20:00:00+00:00,8322.68
2026-01-20T20:15:00+00:00,8103.44
2026-01-20T20:30:00+00:00,7954.2
2026-01-20T20:45:00+00:00,7791.2
2026-01-20T21:00:00+00:00,7267.4
2026-01-20T21:15:00+00:00,8269.04
2026-01-20T21:30:00+00:00,9064.48
2026-01-20T21:45:00+00:00,9502.4
2026-01-20T22:00:00+00:00,9865.68
2026-01-20T22:15:00+00:00,10205.68
2026-01-20T22:30:00+00:00,9991.28
2026-01-20T22:45:00+00:00,9565.28
2026-01-20T23:00:00+00:00,8637.04
2026-01-20T23:15:00+00:00,8451.52
2026-01-20T23:30:00+00:00,8124.04
2026-01-20T23:45:00+00:00,7384.32
2026-01-21T00:00:00+00:00,6515.72
2026-01-21T00:15:00+00:00,5455.04
2026-01-21T00:30:00+00:00,4206.52
2026-01-21T00:45:00+00:00,2810.28
2026-01-21T01:00:00+00:00,1439.64
2026-01-21T01:15:00+00:00,1390.0
2026-01-21T01:30:00+00:00,1394.48
2026-01-21T01:45:00+00:00,1402.24
2026-01-21T02:00:00+00:00,1410.84
2026-01-21T02:15:00+00:00,1365.24
2026-01-21T02:30:00+00:00,1414.2
2026-01-21T02:45:00+00:00,1413.2
2026-01-21T03:00:00+00:00,1413.08
2026-01-21T03:15:00+00:00,1401.04
2026-01-21T03:30:00+00:00,1408.12
2026-01-21T03:45:00+00:00,1409.36
2026-01-21T04:00:00+00:00,1401.48
2026-01-21T04:15:00+00:00,1379.6
2026-01-21T04:30:00+00:00,1410.72
2026-01-21T04:45:00+00:00,1404.72
2026-01-21T05:00:00+00:00,1410.08
2026-01-21T05:15:00+00:00,3720.32
2026-01-21T05:30:00+00:00,5978.44
2026-01-21T05:45:00+00:00,8112.44
2026-01-21T06:00:00+00:00,9899.6
2026-01-21T06:15:00+00:00,11613.52
2026-01-21T06:30:00+00:00,12966.84
2026-01-21T06:45:00+00:00,13951.24
2026-01-21T07:00:00+00:00,14465.0
2026-01-21T07:15:00+00:00,15095.2
2026-01-21T07:30:00+00:00,14795.6
2026-01-21T07:45:00+00:00,14224.76
2026-01-21T08:00:00+00:00,15882.48
2026-01-21T08:15:00+00:00,14390.96
2026-01-21T08:30:00+00:00,12825.64
2026-01-21T08:45:00+00:00,10938.24
2026-01-21T09:00:00+00:00,8772.6
2026-01-21T09:15:00+00:00,8201.04
2026-01-21T09:30:00+00:00,7457.84
2026-01-21T09:45:00+00:00,6614.0
2026-01-21T10:00:00+00:00,5780.96
2026-01-21T10:15:00+00:00,4830.4
2026-01-21T10:30:00+00:00,3798.68
2026-01-21T10:45:00+00:00,2708.92
2026-01-21T11:00:00+00:00,1675.12
2026-01-21T11:15:00+00:00,1660.92
2026-01-21T11:30:00+00:00,1648.2
2026-01-21T11:45:00+00:00,1693.36
2026-01-21T12:00:00+00:00,1684.32
2026-01-21T12:15:00+00:00,1678.84
2026-01-21T12:30:00+00:00,1673.44
2026-01-21T12:45:00+00:00,1679.48
2026-01-21T13:00:00+00:00,1678.4
2026-01-21T13:15:00+00:00,3310.96
2026-01-21T13:30:00+00:00,5030.28
2026-01-21T13:45:00+00:00,6460.88
2026-01-21T14:00:00+00:00,7700.32
2026-01-21T14:15:00+00:00,8891.0
2026-01-21T14:30:00+00:00,9563.6
2026-01-21T14:45:00+00:00,10187.92
2026-01-21T15:00:00+00:00,10189.48
2026-01-21T15:15:00+00:00,10223.44
2026-01-21T15:30:00+00:00,9647.8
2026-01-21T15:45:00+00:00,8762.0
2026-01-21T16:00:00+00:00,7718.2
2026-01-21T16:15:00+00:00,6519.2
2026-01-21T16:30:00+00:00,5035.08
2026-01-21T16:45:00+00:00,3373.96
2026-01-21T17:00:00+00:00,1403.04
2026-01-21T17:15:00+00:00,2263.36
2026-01-21T17:30:00+00:00,3168.28
2026-01-21T17:45:00+00:00,4075.76
2026-01-21T18:00:00+00:00,4870.56
2026-01-21T18:15:00+00:00,5527.24
2026-01-21T18:30:00+00:00,6209.96
2026-01-21T18:45:00+00:00,6829.52
2026-01-21T19:00:00+00:00,7380.24
2026-01-21T19:15:00+00:00,7753.92
2026-01-21T19:30:00+00:00,8067.0
2026-01-21T19:45:00+00:00,8241.0
2026-01-21T20:00:00+00:00,8248.2
2026-01-21T20:15:00+00:00,8252.32
2026-01-21T20:30:00+00:00,8046.24
2026-01-21T20:45:00+00:00,7795.64
2026-01-21T21:00:00+00:00,7230.32
2026-01-21T21:15:00+00:00,8262.44
2026-01-21T21:30:00+00:00,9175.64
2026-01-21T21:45:00+00:00,9555.04
2026-01-21T22:00:00+00:00,9907.0
2026-01-21T22:15:00+00:00,10058.12
2026-01-21T22:30:00+00:00,9767.6
2026-01-21T22:45:00+00:00,9536.56
2026-01-21T23:00:00+00:00,8703.64
2026-01-21T23:15:00+00:00,8618.76
2026-01-21T23:30:00+00:00,8133.84
2026-01-21T23:45:00+00:00,7444.76
2026-01-22T00:00:00+00:00,6467.88
2026-01-22T00:15:00+00:00,5428.28
2026-01-22T00:30:00+00:00,4255.96
2026-01-22T00:45:00+00:00,2807.12
2026-01-22T01:00:00+00:00,1395.84
2026-01-22T01:15:00+00:00,1391.8
2026-01-22T01:30:00+00:00,1415.28
2026-01-22T01:45:00+00:00,1418.96
2026-01-22T02:00:00+00:00,1420.04
2026-01-22T02:15:00+00:00,1399.32
2026-01-22T02:30:00+00:00,1401.24
2026-01-22T02:45:00+00:00,1393.2
2026-01-22T03:00:00+00:00,1411.0
2026-01-22T03:15:00+00:00,1411.08
2026-01-22T03:30:00+00:00,1401.0
2026-01-22T03:45:00+00:00,1414.96
2026-01-22T04:00:00+00:00,1427.08
2026-01-22T04:15:00+00:00,1416.2
2026-01-22T04:30:00+00:00,1389.72
2026-01-22T04:45:00+00:00,1412.28
2026-01-22T05:00:00+00:00,1406.0
2026-01-22T05:15:00+00:00,3705.08
2026-01-22T05:30:00+00:00,5985.96
2026-01-22T05:45:00+00:00,8024.36
2026-01-22T06:00:00+00:00,10008.52
2026-01-22T06:15:00+00:00,11756.8
2026-01-22T06:30:00+00:00,12890.28
2026-01-22T06:45:00+00:00,14017.96
2026-01-22T07:00:00+00:00,14646.84
2026-01-22T07:15:00+00:00,14659.92
2026-01-22T07:30:00+00:00,14662.52
2026-01-22T07:45:00+00:00,14257.48
2026-01-22T08:00:00+00:00,15871.24
2026-01-22T08:15:00+00:00,14550.8
2026-01-22T08:30:00+00:00,12813.48
2026-01-22T08:45:00+00:00,10823.6
2026-01-22T09:00:00+00:00,8708.24
2026-01-22T09:15:00+00:00,8079.88
2026-01-22T09:30:00+00:00,7348.8
2026-01-22T09:45:00+00:00,6672.88
2026-01-22T10:00:00+00:00,5751.96
2026-01-22T10:15:00+00:00,4727.76
2026-01-22T10:30:00+00:00,3764.04
2026-01-22T10:45:00+00:00,2766.8
2026-01-22T11:00:00+00:00,1655.44
2026-01-22T11:15:00+00:00,1668.16
2026-01-22T11:30:00+00:00,1677.36
2026-01-22T11:45:00+00:00,1700.08
2026-01-22T12:00:00+00:00,1683.4
2026-01-22T12:15:00+00:00,1684.24
2026-01-22T12:30:00+00:00,1687.56
2026-01-22T12:45:00+00:00,1674.08
2026-01-22T13:00:00+00:00,1676.28
2026-01-22T13:15:00+00:00,3345.08
2026-01-22T13:30:00+00:00,5018.04
2026-01-22T13:45:00+00:00,6388.72
2026-01-22T14:00:00+00:00,7805.6
2026-01-22T14:15:00+00:00,8859.52
2026-01-22T14:30:00+00:00,9755.24
2026-01-22T14:45:00+00:00,10221.0
2026-01-22T15:00:00+00:00,10193.2
2026-01-22T15:15:00+00:00,10007.8
2026-01-22T15:30:00+00:00,9630.96
2026-01-22T15:45:00+00:00,8930.6
2026-01-22T16:00:00+00:00,7823.76
2026-01-22T16:15:00+00:00,6568.8
2026-01-22T16:30:00+00:00,4951.88
2026-01-22T16:45:00+00:00,3370.16
2026-01-22T17:00:00+00:00,1405.4
2026-01-22T17:15:00+00:00,2285.36
2026-01-22T17:30:00+00:00,3212.16
2026-01-22T17:45:00+00:00,4031.68
2026-01-22T18:00:00+00:00,4851.32
2026-01-22T18:15:00+00:00,5597.68
2026-01-22T18:30:00+00:00,6145.32
2026-01-22T18:45:00+00:00,6902.48
2026-01-22T19:00:00+00:00,7341.2
2026-01-22T19:15:00+00:00,7759.72
2026-01-22T19:30:00+00:00,7927.08
2026-01-22T19:45:00+00:00,8089.8
2026-01-22T20:00:00+00:00,8189.0
2026-01-22T20:15:00+00:00,8214.32
2026-01-22T20:30:00+00:00,7993.52
2026-01-22T20:45:00+00:00,7753.96
2026-01-22T21:00:00+00:00,7457.92
2026-01-22T21:15:00+00:00,8227.36
2026-01-22T21:30:00+00:00,9082.6
2026-01-22T21:45:00+00:00,9616.28
2026-01-22T22:00:00+00:00,9767.4
2026-01-22T22:15:00+00:00,9975.48
2026-01-22T22:30:00+00:00,10016.44
2026-01-22T22:45:00+00:00,9328.04
2026-01-22T23:00:00+00:00,8627.2
2026-01-22T23:15:00+00:00,8470.92
2026-01-22T23:30:00+00:00,8073.32
2026-01-22T23:45:00+00:00,7373.56
2026-01-23T00:00:00+00:00,6467.76
2026-01-23T00:15:00+00:00,5462.28
2026-01-23T00:30:00+00:00,4212.6
2026-01-23T00:45:00+00:00,2841.92
2026-01-23T01:00:00+00:00,1412.52
2026-01-23T01:15:00+00:00,1403.88
2026-01-23T01:30:00+00:00,1387.84
2026-01-23T01:45:00+00:00,1414.92
2026-01-23T02:00:00+00:00,1421.0
2026-01-23T02:15:00+00:00,1424.32
2026-01-23T02:30:00+00:00,1392.4
2026-01-23T02:45:00+00:00,1417.28
2026-01-23T03:00:00+00:00,1424.96
2026-01-23T03:15:00+00:00,1394.72
2026-01-23T03:30:00+00:00,1415.92
2026-01-23T03:45:00+00:00,1398.76
2026-01-23T04:00:00+00:00,1400.24
2026-01-23T04:15:00+00:00,1385.92
2026-01-23T04:30:00+00:00,1395.96
2026-01-23T04:45:00+00:00,1402.84
2026-01-23T05:00:00+00:00,1398.56
2026-01-23T05:15:00+00:00,3734.2
2026-01-23T05:30:00+00:00,5949.6
2026-01-23T05:45:00+00:00,8080.52
2026-01-23T06:00:00+00:00,9958.28
2026-01-23T06:15:00+00:00,11828.2
2026-01-23T06:30:00+00:00,12864.8
2026-01-23T06:45:00+00:00,13796.8
2026-01-23T07:00:00+00:00,14378.8
2026-01-23T07:15:00+00:00,14797.76
2026-01-23T07:30:00+00:00,14661.12
2026-01-23T07:45:00+00:00,14150.44
2026-01-23T08:00:00+00:00,15859.76
2026-01-23T08:15:00+00:00,14737.48
2026-01-23T08:30:00+00:00,12769.72
2026-01-23T08:45:00+00:00,10926.52
2026-01-23T09:00:00+00:00,8802.32
2026-01-23T09:15:00+00:00,8213.04
2026-01-23T09:30:00+00:00,7444.36
2026-01-23T09:45:00+00:00,6557.28
2026-01-23T10:00:00+00:00,5748.84
2026-01-23T10:15:00+00:00,4796.52
2026-01-23T10:30:00+00:00,3789.0
2026-01-23T10:45:00+00:00,2734.28
2026-01-23T11:00:00+00:00,1663.4
2026-01-23T11:15:00+00:00,1689.28
2026-01-23T11:30:00+00:00,1684.92
2026-01-23T11:45:00+00:00,1677.64
2026-01-23T12:00:00+00:00,1670.24
2026-01-23T12:15:00+00:00,1675.56
2026-01-23T12:30:00+00:00,1684.04
2026-01-23T12:45:00+00:00,1697.92
2026-01-23T13:00:00+00:00,1683.36
2026-01-23T13:15:00+00:00,3336.08
2026-01-23T13:30:00+00:00,4963.0
2026-01-23T13:45:00+00:00,6419.84
2026-01-23T14:00:00+00:00,7768.56
2026-01-23T14:15:00+00:00,8894.08
2026-01-23T14:30:00+00:00,9697.96
2026-01-23T14:45:00+00:00,10120.84
2026-01-23T15:00:00+00:00,10366.8
2026-01-23T15:15:00+00:00,10188.08
2026-01-23T15:30:00+00:00,9531.92
2026-01-23T15:45:00+00:00,8716.4
2026-01-23T16:00:00+00:00,7769.44
2026-01-23T16:15:00+00:00,6545.56
2026-01-23T16:30:00+00:00,4966.84
2026-01-23T16:45:00+00:00,3357.56
2026-01-23T17:00:00+00:00,1401.84
2026-01-23T17:15:00+00:00,2288.92
2026-01-23T17:30:00+00:00,3217.08
2026-01-23T17:45:00+00:00,4042.28
2026-01-23T18:00:00+00:00,4824.0
2026-01-23T18:15:00+00:00,5622.8
2026-01-23T18:30:00+00:00,6311.84
2026-01-23T18:45:00+00:00,6916.6
2026-01-23T19:00:00+00:00,7272.72
2026-01-23T19:15:00+00:00,7636.04
2026-01-23T19:30:00+00:00,7956.2
2026-01-23T19:45:00+00:00,8152.8
2026-01-23T20:00:00+00:00,8327.96
2026-01-23T20:15:00+00:00,8182.08
2026-01-23T20:30:00+00:00,8014.92
2026-01-23T20:45:00+00:00,7779.36
2026-01-23T21:00:00+00:00,7256.32
2026-01-23T21:15:00+00:00,8111.52
2026-01-23T21:30:00+00:00,9016.4
2026-01-23T21:45:00+00:00,9644.36
2026-01-23T22:00:00+00:00,9931.48
2026-01-23T22:15:00+00:00,10025.72
2026-01-23T22:30:00+00:00,10029.4
2026-01-23T22:45:00+00:00,9465.36
2026-01-23T23:00:00+00:00,8552.84
2026-01-23T23:15:00+00:00,8509.4
2026-01-23T23:30:00+00:00,7993.72
2026-01-23T23:45:00+00:00,7415.28
2026-01-24T00:00:00+00:00,6484.32
2026-01-24T00:15:00+00:00,5497.16
2026-01-24T00:30:00+00:00,4195.0
2026-01-24T00:45:00+00:00,2852.52
2026-01-24T01:00:00+00:00,1391.56
2026-01-24T01:15:00+00:00,1404.96
2026-01-24T01:30:00+00:00,1408.36
2026-01-24T01:45:00+00:00,1399.84
2026-01-24T02:00:00+00:00,1425.0
2026-01-24T02:15:00+00:00,1391.08
2026-01-24T02:30:00+00:00,1405.0
2026-01-24T02:45:00+00:00,1413.04
2026-01-24T03:00:00+00:00,1407.52
2026-01-24T03:15:00+00:00,1420.48
2026-01-24T03:30:00+00:00,1385.12
2026-01-24T03:45:00+00:00,1410.2
2026-01-24T04:00:00+00:00,1382.04
2026-01-24T04:15:00+00:00,1399.08
2026-01-24T04:30:00+00:00,1403.08
2026-01-24T04:45:00+00:00,1413.08
2026-01-24T05:00:00+00:00,1400.56
2026-01-24T05:15:00+00:00,3671.32
2026-01-24T05:30:00+00:00,5928.36
2026-01-24T05:45:00+00:00,8002.12
2026-01-24T06:00:00+00:00,9960.12
2026-01-24T06:15:00+00:00,11410.16
2026-01-24T06:30:00+00:00,12888.64
2026-01-24T06:45:00+00:00,13845.04
2026-01-24T07:00:00+00:00,14477.56
2026-01-24T07:15:00+00:00,14828.2
2026-01-24T07:30:00+00:00,14527.92
2026-01-24T07:45:00+00:00,14362.48
2026-01-24T08:00:00+00:00,13486.08
2026-01-24T08:15:00+00:00,12300.92
2026-01-24T08:30:00+00:00,10793.72
2026-01-24T08:45:00+00:00,9129.44
2026-01-24T09:00:00+00:00,7318.8
2026-01-24T09:15:00+00:00,6869.96
2026-01-24T09:30:00+00:00,6277.8
2026-01-24T09:45:00+00:00,5474.84
2026-01-24T10:00:00+00:00,4846.2
2026-01-24T10:15:00+00:00,4034.56
2026-01-24T10:30:00+00:00,3187.56
2026-01-24T10:45:00+00:00,2282.24
2026-01-24T11:00:00+00:00,1425.4
2026-01-24T11:15:00+00:00,1393.08
2026-01-24T11:30:00+00:00,1393.8
2026-01-24T11:45:00+00:00,1404.76
2026-01-24T12:00:00+00:00,1419.56
2026-01-24T12:15:00+00:00,1408.84
2026-01-24T12:30:00+00:00,1412.72
2026-01-24T12:45:00+00:00,1414.8
2026-01-24T13:00:00+00:00,1417.76
2026-01-24T13:15:00+00:00,2828.24
2026-01-24T13:30:00+00:00,4243.36
2026-01-24T13:45:00+00:00,5368.36
2026-01-24T14:00:00+00:00,6413.08
2026-01-24T14:15:00+00:00,7469.04
2026-01-24T14:30:00+00:00,8114.2
2026-01-24T14:45:00+00:00,8547.44
2026-01-24T15:00:00+00:00,8640.64
2026-01-24T15:15:00+00:00,8535.84
2026-01-24T15:30:00+00:00,8163.12
2026-01-24T15:45:00+00:00,7369.68
2026-01-24T16:00:00+00:00,6464.16
2026-01-24T16:15:00+00:00,5521.52
2026-01-24T16:30:00+00:00,4203.0
2026-01-24T16:45:00+00:00,2812.44
2026-01-24T17:00:00+00:00,1414.52
2026-01-24T17:15:00+00:00,2303.96
2026-01-24T17:30:00+00:00,3170.48
2026-01-24T17:45:00+00:00,4000.88
2026-01-24T18:00:00+00:00,4839.96
2026-01-24T18:15:00+00:00,5619.76
2026-01-24T18:30:00+00:00,6215.48
2026-01-24T18:45:00+00:00,6856.16
2026-01-24T19:00:00+00:00,7439.28
2026-01-24T19:15:00+00:00,7777.76
2026-01-24T19:30:00+00:00,8016.6
2026-01-24T19:45:00+00:00,8208.04
2026-01-24T20:00:00+00:00,8253.44
2026-01-24T20:15:00+00:00,8273.16
2026-01-24T20:30:00+00:00,7992.44
2026-01-24T20:45:00+00:00,7753.8
2026-01-24T21:00:00+00:00,7242.0
2026-01-24T21:15:00+00:00,8240.08
2026-01-24T21:30:00+00:00,8983.76
2026-01-24T21:45:00+00:00,9653.48
2026-01-24T22:00:00+00:00,9848.68
2026-01-24T22:15:00+00:00,10088.32
2026-01-24T22:30:00+00:00,9933.56
2026-01-24T22:45:00+00:00,9354.2
2026-01-24T23:00:00+00:00,8702.76
2026-01-24T23:15:00+00:00,8659.96
2026-01-24T23:30:00+00:00,8070.08
2026-01-24T23:45:00+00:00,7394.56
2026-01-25T00:00:00+00:00,6394.6
2026-01-25T00:15:00+00:00,5466.36
2026-01-25T00:30:00+00:00,4139.36
2026-01-25T00:45:00+00:00,2803.36
2026-01-25T01:00:00+00:00,1396.48
2026-01-25T01:15:00+00:00,1382.24
2026-01-25T01:30:00+00:00,1414.92
2026-01-25T01:45:00+00:00,1396.08
2026-01-25T02:00:00+00:00,1384.48
2026-01-25T02:15:00+00:00,1414.36
2026-01-25T02:30:00+00:00,1405.12
2026-01-25T02:45:00+00:00,1414.52
2026-01-25T03:00:00+00:00,1408.68
2026-01-25T03:15:00+00:00,1403.6
2026-01-25T03:30:00+00:00,1397.04
2026-01-25T03:45:00+00:00,1406.16
2026-01-25T04:00:00+00:00,1403.76
2026-01-25T04:15:00+00:00,1412.16
2026-01-25T04:30:00+00:00,1419.52
2026-01-25T04:45:00+00:00,1397.0
2026-01-25T05:00:00+00:00,1387.68
2026-01-25T05:15:00+00:00,3646.04
2026-01-25T05:30:00+00:00,5959.0
2026-01-25T05:45:00+00:00,8085.88
2026-01-25T06:00:00+00:00,10039.84
2026-01-25T06:15:00+00:00,11575.32
2026-01-25T06:30:00+00:00,13164.88
2026-01-25T06:45:00+00:00,13887.76
2026-01-25T07:00:00+00:00,14647.36
2026-01-25T07:15:00+00:00,14879.84
2026-01-25T07:30:00+00:00,14900.44
2026-01-25T07:45:00+00:00,14227.4
2026-01-25T08:00:00+00:00,13412.24
2026-01-25T08:15:00+00:00,12235.72
2026-01-25T08:30:00+00:00,10707.08
2026-01-25T08:45:00+00:00,9093.88
2026-01-25T09:00:00+00:00,7344.76
2026-01-25T09:15:00+00:00,6811.32
2026-01-25T09:30:00+00:00,6355.08
2026-01-25T09:45:00+00:00,5589.96
2026-01-25T10:00:00+00:00,4841.96
2026-01-25T10:15:00+00:00,3999.2
2026-01-25T10:30:00+00:00,3195.84
2026-01-25T10:45:00+00:00,2315.96
2026-01-25T11:00:00+00:00,1408.48
2026-01-25T11:15:00+00:00,1420.68
2026-01-25T11:30:00+00:00,1375.6
2026-01-25T11:45:00+00:00,1416.88
2026-01-25T12:00:00+00:00,1416.36
2026-01-25T12:15:00+00:00,1401.68
2026-01-25T12:30:00+00:00,1377.52
2026-01-25T12:45:00+00:00,1410.92
2026-01-25T13:00:00+00:00,1419.0
2026-01-25T13:15:00+00:00,2813.44
2026-01-25T13:30:00+00:00,4185.76
2026-01-25T13:45:00+00:00,5449.32
2026-01-25T14:00:00+00:00,6558.68
2026-01-25T14:15:00+00:00,7462.12
2026-01-25T14:30:00+00:00,8143.24
2026-01-25T14:45:00+00:00,8430.48
2026-01-25T15:00:00+00:00,8687.56
2026-01-25T15:15:00+00:00,8518.92
2026-01-25T15:30:00+00:00,8126.48
2026-01-25T15:45:00+00:00,7413.24
2026-01-25T16:00:00+00:00,6509.12
2026-01-25T16:15:00+00:00,5380.84
2026-01-25T16:30:00+00:00,4153.12
2026-01-25T16:45:00+00:00,2798.28
2026-01-25T17:00:00+00:00,1396.68
2026-01-25T17:15:00+00:00,2287.64
2026-01-25T17:30:00+00:00,3207.68
2026-01-25T17:45:00+00:00,4027.16
2026-01-25T18:00:00+00:00,4812.52
2026-01-25T18:15:00+00:00,5517.36
2026-01-25T18:30:00+00:00,6252.92
2026-01-25T18:45:00+00:00,6804.68
2026-01-25T19:00:00+00:00,7393.28
2026-01-25T19:15:00+00:00,7639.12
2026-01-25T19:30:00+00:00,8074.56
2026-01-25T19:45:00+00:00,8203.0
2026-01-25T20:00:00+00:00,8091.48
2026-01-25T20:15:00+00:00,8309.96
2026-01-25T20:30:00+00:00,8054.08
2026-01-25T20:45:00+00:00,7662.08
2026-01-25T21:00:00+00:00,7364.88
2026-01-25T21:15:00+00:00,8204.8
2026-01-25T21:30:00+00:00,8973.88
2026-01-25T21:45:00+00:00,9551.6
2026-01-25T22:00:00+00:00,9940.52
2026-01-25T22:15:00+00:00,9988.64
2026-01-25T22:30:00+00:00,9939.84
2026-01-25T22:45:00+00:00,9331.8
2026-01-25T23:00:00+00:00,8725.92
2026-01-25T23:15:00+00:00,8443.12
2026-01-25T23:30:00+00:00,8034.12
2026-01-25T23:45:00+00:00,7490.44
2026-01-26T00:00:00+00:00,6471.56
2026-01-26T00:15:00+00:00,5400.48
2026-01-26T00:30:00+00:00,4195.6
2026-01-26T00:45:00+00:00,2765.16
2026-01-26T01:00:00+00:00,1396.6
2026-01-26T01:15:00+00:00,1406.16
2026-01-26T01:30:00+00:00,1399.8
2026-01-26T01:45:00+00:00,1388.2
2026-01-26T02:00:00+00:00,1400.88
2026-01-26T02:15:00+00:00,1395.24
2026-01-26T02:30:00+00:00,1425.04
2026-01-26T02:45:00+00:00,1404.48
2026-01-26T03:00:00+00:00,1387.44
2026-01-26T03:15:00+00:00,1404.2
2026-01-26T03:30:00+00:00,1419.76
2026-01-26T03:45:00+00:00,1409.72
2026-01-26T04:00:00+00:00,1400.52
2026-01-26T04:15:00+00:00,1407.8
2026-01-26T04:30:00+00:00,1402.56
2026-01-26T04:45:00+00:00,1402.96
2026-01-26T05:00:00+00:00,1405.36
2026-01-26T05:15:00+00:00,3682.96
2026-01-26T05:30:00+00:00,6021.44
2026-01-26T05:45:00+00:00,7902.92
2026-01-26T06:00:00+00:00,9868.88
2026-01-26T06:15:00+00:00,11383.84
2026-01-26T06:30:00+00:00,13203.76
2026-01-26T06:45:00+00:00,14193.2
2026-01-26T07:00:00+00:00,14606.12
2026-01-26T07:15:00+00:00,14745.24
2026-01-26T07:30:00+00:00,14684.0
2026-01-26T07:45:00+00:00,14315.0
2026-01-26T08:00:00+00:00,15705.96
2026-01-26T08:15:00+00:00,14452.04
2026-01-26T08:30:00+00:00,12781.2
2026-01-26T08:45:00+00:00,10904.64
2026-01-26T09:00:00+00:00,8789.6
2026-01-26T09:15:00+00:00,8058.0
2026-01-26T09:30:00+00:00,7381.56
2026-01-26T09:45:00+00:00,6620.44
2026-01-26T10:00:00+00:00,5748.4
2026-01-26T10:15:00+00:00,4740.6
2026-01-26T10:30:00+00:00,3717.08
2026-01-26T10:45:00+00:00,2761.36
2026-01-26T11:00:00+00:00,1661.4
2026-01-26T11:15:00+00:00,1685.48
2026-01-26T11:30:00+00:00,1690.88
2026-01-26T11:45:00+00:00,1699.0
2026-01-26T12:00:00+00:00,1661.6
2026-01-26T12:15:00+00:00,1709.24
2026-01-26T12:30:00+00:00,1680.84
2026-01-26T12:45:00+00:00,1686.2
2026-01-26T13:00:00+00:00,1682.76
2026-01-26T13:15:00+00:00,3370.84
2026-01-26T13:30:00+00:00,4923.16
2026-01-26T13:45:00+00:00,6442.76
2026-01-26T14:00:00+00:00,7892.28
2026-01-26T14:15:00+00:00,8904.68
2026-01-26T14:30:00+00:00,9720.84
2026-01-26T14:45:00+00:00,10179.56
2026-01-26T15:00:00+00:00,10201.76
2026-01-26T15:15:00+00:00,9983.96
2026-01-26T15:30:00+00:00,9642.48
2026-01-26T15:45:00+00:00,8834.52
2026-01-26T16:00:00+00:00,7680.72
2026-01-26T16:15:00+00:00,6443.68
2026-01-26T16:30:00+00:00,4988.76
2026-01-26T16:45:00+00:00,3363.08
2026-01-26T17:00:00+00:00,1401.08
2026-01-26T17:15:00+00:00,2316.2
2026-01-26T17:30:00+00:00,3186.6
2026-01-26T17:45:00+00:00,3988.84
2026-01-26T18:00:00+00:00,4749.56
2026-01-26T18:15:00+00:00,5600.76
2026-01-26T18:30:00+00:00,6270.48
2026-01-26T18:45:00+00:00,6801.28
2026-01-26T19:00:00+00:00,7215.2
2026-01-26T19:15:00+00:00,7809.2
2026-01-26T19:30:00+00:00,8013.6
2026-01-26T19:45:00+00:00,8251.76
2026-01-26T20:00:00+00:00,8188.44
2026-01-26T20:15:00+00:00,8185.8
2026-01-26T20:30:00+00:00,8063.36
2026-01-26T20:45:00+00:00,7698.76
2026-01-26T21:00:00+00:00,7381.36
2026-01-26T21:15:00+00:00,8282.52
2026-01-26T21:30:00+00:00,9122.64
2026-01-26T21:45:00+00:00,9674.56
2026-01-26T22:00:00+00:00,9876.04
2026-01-26T22:15:00+00:00,9955.56
2026-01-26T22:30:00+00:00,9816.64
2026-01-26T22:45:00+00:00,9382.52
2026-01-26T23:00:00+00:00,8592.92
2026-01-26T23:15:00+00:00,8462.64
2026-01-26T23:30:00+00:00,8106.16
2026-01-26T23:45:00+00:00,7515.4
2026-01-27T00:00:00+00:00,6520.68
2026-01-27T00:15:00+00:00,5462.76
2026-01-27T00:30:00+00:00,4164.76
2026-01-27T00:45:00+00:00,2858.52
2026-01-27T01:00:00+00:00,1391.96
2026-01-27T01:15:00+00:00,1405.6
2026-01-27T01:30:00+00:00,1398.44
2026-01-27T01:45:00+00:00,1406.6
2026-01-27T02:00:00+00:00,1410.0
2026-01-27T02:15:00+00:00,1423.24
2026-01-27T02:30:00+00:00,1411.24
2026-01-27T02:45:00+00:00,1423.44
2026-01-27T03:00:00+00:00,1395.44
2026-01-27T03:15:00+00:00,1376.12
2026-01-27T03:30:00+00:00,1422.36
2026-01-27T03:45:00+00:00,1408.72
2026-01-27T04:00:00+00:00,1405.48
2026-01-27T04:15:00+00:00,1406.56
2026-01-27T04:30:00+00:00,1417.52
2026-01-27T04:45:00+00:00,1412.0
2026-01-27T05:00:00+00:00,1403.84
2026-01-27T05:15:00+00:00,3746.76
2026-01-27T05:30:00+00:00,6038.0
2026-01-27T05:45:00+00:00,8036.44
2026-01-27T06:00:00+00:00,9932.8
2026-01-27T06:15:00+00:00,11335.36
2026-01-27T06:30:00+00:00,12993.36
2026-01-27T06:45:00+00:00,13955.0
2026-01-27T07:00:00+00:00,14563.8
2026-01-27T07:15:00+00:00,14964.92
2026-01-27T07:30:00+00:00,14752.88
2026-01-27T07:45:00+00:00,14186.88
2026-01-27T08:00:00+00:00,15829.16
2026-01-27T08:15:00+00:00,14446.08
2026-01-27T08:30:00+00:00,12952.8
2026-01-27T08:45:00+00:00,10889.24
2026-01-27T09:00:00+00:00,8734.68
2026-01-27T09:15:00+00:00,8265.2
2026-01-27T09:30:00+00:00,7465.2
2026-01-27T09:45:00+00:00,6747.12
2026-01-27T10:00:00+00:00,5728.76
2026-01-27T10:15:00+00:00,4808.24
2026-01-27T10:30:00+00:00,3793.92
2026-01-27T10:45:00+00:00,2761.6
2026-01-27T11:00:00+00:00,1665.84
2026-01-27T11:15:00+00:00,1657.08
2026-01-27T11:30:00+00:00,1672.92
2026-01-27T11:45:00+00:00,1684.32
2026-01-27T12:00:00+00:00,1664.08
2026-01-27T12:15:00+00:00,1686.28
2026-01-27T12:30:00+00:00,1667.32
2026-01-27T12:45:00+00:00,1683.56
2026-01-27T13:00:00+00:00,1683.08
2026-01-27T13:15:00+00:00,3365.76
2026-01-27T13:30:00+00:00,4987.2
2026-01-27T13:45:00+00:00,6456.64
2026-01-27T14:00:00+00:00,7682.4
2026-01-27T14:15:00+00:00,8875.08
2026-01-27T14:30:00+00:00,9533.4
2026-01-27T14:45:00+00:00,10187.6
2026-01-27T15:00:00+00:00,10355.16
2026-01-27T15:15:00+00:00,10132.8
2026-01-27T15:30:00+00:00,9767.52
2026-01-27T15:45:00+00:00,8927.44
2026-01-27T16:00:00+00:00,7692.68
2026-01-27T16:15:00+00:00,6470.64
2026-01-27T16:30:00+00:00,4936.32
2026-01-27T16:45:00+00:00,3358.32
2026-01-27T17:00:00+00:00,1417.76
2026-01-27T17:15:00+00:00,2329.32
2026-01-27T17:30:00+00:00,3198.76
2026-01-27T17:45:00+00:00,4009.72
2026-01-27T18:00:00+00:00,4797.92
2026-01-27T18:15:00+00:00,5521.88
2026-01-27T18:30:00+00:00,6300.76
2026-01-27T18:45:00+00:00,6789.44
2026-01-27T19:00:00+00:00,7335.76
2026-01-27T19:15:00+00:00,7780.04
2026-01-27T19:30:00+00:00,8026.44
2026-01-27T19:45:00+00:00,8104.12
2026-01-27T20:00:00+00:00,8289.04
2026-01-27T20:15:00+00:00,8272.16
2026-01-27T20:30:00+00:00,8003.28
2026-01-27T20:45:00+00:00,7719.32
2026-01-27T21:00:00+00:00,7385.96
2026-01-27T21:15:00+00:00,8281.88
2026-01-27T21:30:00+00:00,9010.44
2026-01-27T21:45:00+00:00,9432.48
2026-01-27T22:00:00+00:00,9896.64
2026-01-27T22:15:00+00:00,10164.44
2026-01-27T22:30:00+00:00,9969.0
2026-01-27T22:45:00+00:00,9462.92
2026-01-27T23:00:00+00:00,8536.92
2026-01-27T23:15:00+00:00,8547.6
2026-01-27T23:30:00+00:00,8126.88
2026-01-27T23:45:00+00:00,7341.12
2026-01-28T00:00:00+00:00,6476.12
2026-01-28T00:15:00+00:00,5439.72
2026-01-28T00:30:00+00:00,4145.32
2026-01-28T00:45:00+00:00,2861.92
2026-01-28T01:00:00+00:00,1408.72
2026-01-28T01:15:00+00:00,1419.76
2026-01-28T01:30:00+00:00,1406.0
2026-01-28T01:45:00+00:00,1417.0
2026-01-28T02:00:00+00:00,1436.4
2026-01-28T02:15:00+00:00,1425.32
2026-01-28T02:30:00+00:00,1437.56
2026-01-28T02:45:00+00:00,1404.52
2026-01-28T03:00:00+00:00,1424.64
2026-01-28T03:15:00+00:00,1403.24
2026-01-28T03:30:00+00:00,1420.64
2026-01-28T03:45:00+00:00,1423.92
2026-01-28T04:00:00+00:00,1393.72
2026-01-28T04:15:00+00:00,1415.84
2026-01-28T04:30:00+00:00,1407.8
2026-01-28T04:45:00+00:00,1410.32
2026-01-28T05:00:00+00:00,1427.24
2026-01-28T05:15:00+00:00,3747.44
2026-01-28T05:30:00+00:00,5906.48
2026-01-28T05:45:00+00:00,8104.92
2026-01-28T06:00:00+00:00,9866.52
2026-01-28T06:15:00+00:00,11636.88
2026-01-28T06:30:00+00:00,12845.08
2026-01-28T06:45:00+00:00,14067.6
2026-01-28T07:00:00+00:00,14441.2
2026-01-28T07:15:00+00:00,14966.24
2026-01-28T07:30:00+00:00,14501.12
2026-01-28T07:45:00+00:00,14202.96
2026-01-28T08:00:00+00:00,16140.24
2026-01-28T08:15:00+00:00,14634.16
2026-01-28T08:30:00+00:00,12821.88
2026-01-28T08:45:00+00:00,10765.6
2026-01-28T09:00:00+00:00,8645.72
2026-01-28T09:15:00+00:00,8204.4
2026-01-28T09:30:00+00:00,7438.96
2026-01-28T09:45:00+00:00,6683.64
2026-01-28T10:00:00+00:00,5726.08
2026-01-28T10:15:00+00:00,4805.68
2026-01-28T10:30:00+00:00,3774.88
2026-01-28T10:45:00+00:00,2732.08
2026-01-28T11:00:00+00:00,1683.04
2026-01-28T11:15:00+00:00,1683.96
2026-01-28T11:30:00+00:00,1691.24
2026-01-28T11:45:00+00:00,1671.04
2026-01-28T12:00:00+00:00,1681.16
2026-01-28T12:15:00+00:00,1685.88
2026-01-28T12:30:00+00:00,1669.56
2026-01-28T12:45:00+00:00,1679.92
2026-01-28T13:00:00+00:00,1674.44
2026-01-28T13:15:00+00:00,3422.28
2026-01-28T13:30:00+00:00,5045.56
2026-01-28T13:45:00+00:00,6546.6
2026-01-28T14:00:00+00:00,7758.0
2026-01-28T14:15:00+00:00,8792.0
2026-01-28T14:30:00+00:00,9653.84
2026-01-28T14:45:00+00:00,10199.64
2026-01-28T15:00:00+00:00,10335.96
2026-01-28T15:15:00+00:00,10098.8
2026-01-28T15:30:00+00:00,9697.84
2026-01-28T15:45:00+00:00,8906.16
2026-01-28T16:00:00+00:00,7829.2
2026-01-28T16:15:00+00:00,6524.84
2026-01-28T16:30:00+00:00,4960.68
2026-01-28T16:45:00+00:00,3340.44
2026-01-28T17:00:00+00:00,1404.52
2026-01-28T17:15:00+00:00,2298.24
2026-01-28T17:30:00+00:00,3194.44
2026-01-28T17:45:00+00:00,4036.08
2026-01-28T18:00:00+00:00,4822.84
2026-01-28T18:15:00+00:00,5557.44
2026-01-28T18:30:00+00:00,6194.36
2026-01-28T18:45:00+00:00,6911.64
2026-01-28T19:00:00+00:00,7243.52
2026-01-28T19:15:00+00:00,7773.64
2026-01-28T19:30:00+00:00,8068.04
2026-01-28T19:45:00+00:00,8290.2
2026-01-28T20:00:00+00:00,8155.2
2026-01-28T20:15:00+00:00,8227.4
2026-01-28T20:30:00+00:00,7996.6
2026-01-28T20:45:00+00:00,7657.84
2026-01-28T21:00:00+00:00,7210.12
2026-01-28T21:15:00+00:00,8327.96
2026-01-28T21:30:00+00:00,9068.32
2026-01-28T21:45:00+00:00,9622.32
2026-01-28T22:00:00+00:00,9942.36
2026-01-28T22:15:00+00:00,10067.12
2026-01-28T22:30:00+00:00,9922.68
2026-01-28T22:45:00+00:00,9513.28
2026-01-28T23:00:00+00:00,8536.8
2026-01-28T23:15:00+00:00,8426.24
2026-01-28T23:30:00+00:00,8146.4
2026-01-28T23:45:00+00:00,7525.04
2026-01-29T00:00:00+00:00,6580.28
2026-01-29T00:15:00+00:00,5405.52
2026-01-29T00:30:00+00:00,4211.64
2026-01-29T00:45:00+00:00,2845.24
2026-01-29T01:00:00+00:00,1410.2
2026-01-29T01:15:00+00:00,1406.64
2026-01-29T01:30:00+00:00,1397.04
2026-01-29T01:45:00+00:00,1420.56
2026-01-29T02:00:00+00:00,1420.0
2026-01-29T02:15:00+00:00,1399.44
2026-01-29T02:30:00+00:00,1402.36
2026-01-29T02:45:00+00:00,1409.04
2026-01-29T03:00:00+00:00,1411.16
2026-01-29T03:15:00+00:00,1386.32
2026-01-29T03:30:00+00:00,1402.52
2026-01-29T03:45:00+00:00,1413.6
2026-01-29T04:00:00+00:00,1410.68
2026-01-29T04:15:00+00:00,1409.68
2026-01-29T04:30:00+00:00,1421.88
2026-01-29T04:45:00+00:00,1416.92
2026-01-29T05:00:00+00:00,1422.4
2026-01-29T05:15:00+00:00,3692.16
2026-01-29T05:30:00+00:00,5992.16
2026-01-29T05:45:00+00:00,7999.6
2026-01-29T06:00:00+00:00,10138.64
2026-01-29T06:15:00+00:00,11546.76
2026-01-29T06:30:00+00:00,12926.88
2026-01-29T06:45:00+00:00,13926.32
2026-01-29T07:00:00+00:00,14684.96
2026-01-29T07:15:00+00:00,14965.16
2026-01-29T07:30:00+00:00,14956.04
2026-01-29T07:45:00+00:00,14140.04
2026-01-29T08:00:00+00:00,15827.0
2026-01-29T08:15:00+00:00,14628.72
2026-01-29T08:30:00+00:00,12840.16
2026-01-29T08:45:00+00:00,10983.2
2026-01-29T09:00:00+00:00,8669.32
2026-01-29T09:15:00+00:00,8100.16
2026-01-29T09:30:00+00:00,7468.48
2026-01-29T09:45:00+00:00,6673.76
2026-01-29T10:00:00+00:00,5697.8
2026-01-29T10:15:00+00:00,4781.64
2026-01-29T10:30:00+00:00,3804.64
2026-01-29T10:45:00+00:00,2761.16
2026-01-29T11:00:00+00:00,1668.2
2026-01-29T11:15:00+00:00,1687.24
2026-01-29T11:30:00+00:00,1678.0
2026-01-29T11:45:00+00:00,1664.4
2026-01-29T12:00:00+00:00,1661.48
2026-01-29T12:15:00+00:00,1678.48
2026-01-29T12:30:00+00:00,1685.04
2026-01-29T12:45:00+00:00,1677.84
2026-01-29T13:00:00+00:00,1680.36
2026-01-29T13:15:00+00:00,3437.8
2026-01-29T13:30:00+00:00,5044.04
2026-01-29T13:45:00+00:00,6441.2
2026-01-29T14:00:00+00:00,7793.36
2026-01-29T14:15:00+00:00,8932.08
2026-01-29T14:30:00+00:00,9841.08
2026-01-29T14:45:00+00:00,10037.92
2026-01-29T15:00:00+00:00,10306.2
2026-01-29T15:15:00+00:00,10296.04
2026-01-29T15:30:00+00:00,9634.2
2026-01-29T15:45:00+00:00,8944.0
2026-01-29T16:00:00+00:00,7674.56
2026-01-29T16:15:00+00:00,6375.84
2026-01-29T16:30:00+00:00,4999.36
2026-01-29T16:45:00+00:00,3350.36
2026-01-29T17:00:00+00:00,1415.04
2026-01-29T17:15:00+00:00,2298.56
2026-01-29T17:30:00+00:00,3183.2
2026-01-29T17:45:00+00:00,4009.92
2026-01-29T18:00:00+00:00,4867.88
2026-01-29T18:15:00+00:00,5597.8
2026-01-29T18:30:00+00:00,6345.24
2026-01-29T18:45:00+00:00,6860.44
2026-01-29T19:00:00+00:00,7288.76
2026-01-29T19:15:00+00:00,7687.4
2026-01-29T19:30:00+00:00,8116.32
2026-01-29T19:45:00+00:00,8195.56
2026-01-29T20:00:00+00:00,8280.6
2026-01-29T20:15:00+00:00,8129.96
2026-01-29T20:30:00+00:00,8086.6
2026-01-29T20:45:00+00:00,7714.0
2026-01-29T21:00:00+00:00,7270.08
2026-01-29T21:15:00+00:00,8285.96
2026-01-29T21:30:00+00:00,9085.0
2026-01-29T21:45:00+00:00,9613.92
2026-01-29T22:00:00+00:00,9886.16
2026-01-29T22:15:00+00:00,9965.76
2026-01-29T22:30:00+00:00,9770.64
2026-01-29T22:45:00+00:00,9339.08
2026-01-29T23:00:00+00:00,8632.12
2026-01-29T23:15:00+00:00,8456.24
2026-01-29T23:30:00+00:00,8050.88
2026-01-29T23:45:00+00:00,7419.32
2026-01-30T00:00:00+00:00,6504.0
2026-01-30T00:15:00+00:00,5451.56
2026-01-30T00:30:00+00:00,4219.76
2026-01-30T00:45:00+00:00,2833.56
2026-01-30T01:00:00+00:00,1419.24
2026-01-30T01:15:00+00:00,1400.32
2026-01-30T01:30:00+00:00,1436.24
2026-01-30T01:45:00+00:00,1428.0
2026-01-30T02:00:00+00:00,1419.56
2026-01-30T02:15:00+00:00,1417.84
2026-01-30T02:30:00+00:00,1402.6
2026-01-30T02:45:00+00:00,1400.36
2026-01-30T03:00:00+00:00,1401.8
2026-01-30T03:15:00+00:00,1414.76
2026-01-30T03:30:00+00:00,1402.64
2026-01-30T03:45:00+00:00,1379.36
2026-01-30T04:00:00+00:00,1399.8
2026-01-30T04:15:00+00:00,1393.84
2026-01-30T04:30:00+00:00,1383.72
2026-01-30T04:45:00+00:00,1398.88
2026-01-30T05:00:00+00:00,1417.48
2026-01-30T05:15:00+00:00,3759.24
2026-01-30T05:30:00+00:00,5904.16
2026-01-30T05:45:00+00:00,8006.28
2026-01-30T06:00:00+00:00,9951.68
2026-01-30T06:15:00+00:00,11639.12
2026-01-30T06:30:00+00:00,12886.88
2026-01-30T06:45:00+00:00,13809.08
2026-01-30T07:00:00+00:00,14759.32
2026-01-30T07:15:00+00:00,14496.2
2026-01-30T07:30:00+00:00,14768.0
2026-01-30T07:45:00+00:00,14196.28
2026-01-30T08:00:00+00:00,16062.52
2026-01-30T08:15:00+00:00,14634.36
2026-01-30T08:30:00+00:00,12901.84
2026-01-30T08:45:00+00:00,10869.08
2026-01-30T09:00:00+00:00,8758.36
2026-01-30T09:15:00+00:00,8102.48
2026-01-30T09:30:00+00:00,7491.16
2026-01-30T09:45:00+00:00,6625.48
2026-01-30T10:00:00+00:00,5710.64
2026-01-30T10:15:00+00:00,4758.32
2026-01-30T10:30:00+00:00,3834.6
2026-01-30T10:45:00+00:00,2754.44
2026-01-30T11:00:00+00:00,1652.44
2026-01-30T11:15:00+00:00,1687.04
2026-01-30T11:30:00+00:00,1678.32
2026-01-30T11:45:00+00:00,1693.8
2026-01-30T12:00:00+00:00,1659.12
2026-01-30T12:15:00+00:00,1684.04
2026-01-30T12:30:00+00:00,1687.28
2026-01-30T12:45:00+00:00,1677.6
2026-01-30T13:00:00+00:00,1686.44
2026-01-30T13:15:00+00:00,3375.16
2026-01-30T13:30:00+00:00,5005.16
2026-01-30T13:45:00+00:00,6396.04
2026-01-30T14:00:00+00:00,7654.32
2026-01-30T14:15:00+00:00,8877.4
2026-01-30T14:30:00+00:00,9609.64
2026-01-30T14:45:00+00:00,10164.92
2026-01-30T15:00:00+00:00,10348.6
2026-01-30T15:15:00+00:00,10122.28
2026-01-30T15:30:00+00:00,9648.84
2026-01-30T15:45:00+00:00,8924.16
2026-01-30T16:00:00+00:00,7862.76
2026-01-30T16:15:00+00:00,6458.04
2026-01-30T16:30:00+00:00,5032.64
2026-01-30T16:45:00+00:00,3349.6
2026-01-30T17:00:00+00:00,1422.88
2026-01-30T17:15:00+00:00,2284.16
2026-01-30T17:30:00+00:00,3195.88
2026-01-30T17:45:00+00:00,3968.64
2026-01-30T18:00:00+00:00,4893.04
2026-01-30T18:15:00+00:00,5624.16
2026-01-30T18:30:00+00:00,6252.4
2026-01-30T18:45:00+00:00,6766.0
2026-01-30T19:00:00+00:00,7380.28
2026-01-30T19:15:00+00:00,7667.52
2026-01-30T19:30:00+00:00,7937.8
2026-01-30T19:45:00+00:00,8169.48
2026-01-30T20:00:00+00:00,8243.28
2026-01-30T20:15:00+00:00,8185.8
2026-01-30T20:30:00+00:00,7962.48
2026-01-30T20:45:00+00:00,7756.0
2026-01-30T21:00:00+00:00,7321.24
2026-01-30T21:15:00+00:00,8260.0
2026-01-30T21:30:00+00:00,8864.92
2026-01-30T21:45:00+00:00,9603.84
2026-01-30T22:00:00+00:00,9996.32
2026-01-30T22:15:00+00:00,10023.96
2026-01-30T22:30:00+00:00,9801.64
2026-01-30T22:45:00+00:00,9437.96
2026-01-30T23:00:00+00:00,8594.64
2026-01-30T23:15:00+00:00,8447.2
2026-01-30T23:30:00+00:00,8023.48
2026-01-30T23:45:00+00:00,7447.24
2026-01-31T00:00:00+00:00,6582.56
2026-01-31T00:15:00+00:00,5473.2
2026-01-31T00:30:00+00:00,4203.6
2026-01-31T00:45:00+00:00,2795.4
2026-01-31T01:00:00+00:00,1423.48
2026-01-31T01:15:00+00:00,1414.96
2026-01-31T01:30:00+00:00,1407.48
2026-01-31T01:45:00+00:00,1402.76
2026-01-31T02:00:00+00:00,1401.56
2026-01-31T02:15:00+00:00,1417.96
2026-01-31T02:30:00+00:00,1416.76
2026-01-31T02:45:00+00:00,1424.4
2026-01-31T03:00:00+00:00,1410.12
2026-01-31T03:15:00+00:00,1408.28
2026-01-31T03:30:00+00:00,1406.8
2026-01-31T03:45:00+00:00,1419.72
2026-01-31T04:00:00+00:00,1406.48
2026-01-31T04:15:00+00:00,1405.24
2026-01-31T04:30:00+00:00,1409.0
2026-01-31T04:45:00+00:00,1416.8
2026-01-31T05:00:00+00:00,1396.76
2026-01-31T05:15:00+00:00,3748.36
2026-01-31T05:30:00+00:00,5932.36
2026-01-31T05:45:00+00:00,7907.76
2026-01-31T06:00:00+00:00,10018.48
2026-01-31T06:15:00+00:00,11677.84
2026-01-31T06:30:00+00:00,12879.6
2026-01-31T06:45:00+00:00,14018.56
2026-01-31T07:00:00+00:00,14638.52
2026-01-31T07:15:00+00:00,14854.68
2026-01-31T07:30:00+00:00,14724.24
2026-01-31T07:45:00+00:00,14424.84
2026-01-31T08:00:00+00:00,13507.64
2026-01-31T08:15:00+00:00,12165.72
2026-01-31T08:30:00+00:00,10869.76
2026-01-31T08:45:00+00:00,9193.36
2026-01-31T09:00:00+00:00,7211.4
2026-01-31T09:15:00+00:00,6778.04
2026-01-31T09:30:00+00:00,6273.16
2026-01-31T09:45:00+00:00,5628.52
2026-01-31T10:00:00+00:00,4808.64
2026-01-31T10:15:00+00:00,4065.04
2026-01-31T10:30:00+00:00,3190.2
2026-01-31T10:45:00+00:00,2294.04
2026-01-31T11:00:00+00:00,1379.16
2026-01-31T11:15:00+00:00,1407.88
2026-01-31T11:30:00+00:00,1412.2
2026-01-31T11:45:00+00:00,1412.28
2026-01-31T12:00:00+00:00,1431.2
2026-01-31T12:15:00+00:00,1402.52
2026-01-31T12:30:00+00:00,1403.28
2026-01-31T12:45:00+00:00,1424.16
2026-01-31T13:00:00+00:00,1395.0
2026-01-31T13:15:00+00:00,2850.4
2026-01-31T13:30:00+00:00,4161.52
2026-01-31T13:45:00+00:00,5405.84
2026-01-31T14:00:00+00:00,6523.2
2026-01-31T14:15:00+00:00,7444.16
2026-01-31T14:30:00+00:00,8136.6
2026-01-31T14:45:00+00:00,8450.8
2026-01-31T15:00:00+00:00,8601.4
2026-01-31T15:15:00+00:00,8542.16
2026-01-31T15:30:00+00:00,8102.64
2026-01-31T15:45:00+00:00,7458.48
2026-01-31T16:00:00+00:00,6545.76
2026-01-31T16:15:00+00:00,5449.36
2026-01-31T16:30:00+00:00,4171.84
2026-01-31T16:45:00+00:00,2852.44
2026-01-31T17:00:00+00:00,1414.64
2026-01-31T17:15:00+00:00,2300.32
2026-01-31T17:30:00+00:00,3193.24
2026-01-31T17:45:00+00:00,4026.08
2026-01-31T18:00:00+00:00,4794.6
2026-01-31T18:15:00+00:00,5578.56
2026-01-31T18:30:00+00:00,6280.64
2026-01-31T18:45:00+00:00,6790.96
2026-01-31T19:00:00+00:00,7367.28
2026-01-31T19:15:00+00:00,7695.0
2026-01-31T19:30:00+00:00,7941.04
2026-01-31T19:45:00+00:00,8177.68
2026-01-31T20:00:00+00:00,8275.36
2026-01-31T20:15:00+00:00,8132.48
2026-01-31T20:30:00+00:00,8030.96
2026-01-31T20:45:00+00:00,7832.68
2026-01-31T21:00:00+00:00,7404.04
2026-01-31T21:15:00+00:00,8282.08
2026-01-31T21:30:00+00:00,8958.56
2026-01-31T21:45:00+00:00,9632.44
2026-01-31T22:00:00+00:00,9951.16
2026-01-31T22:15:00+00:00,9982.16
2026-01-31T22:30:00+00:00,9853.52
2026-01-31T22:45:00+00:00,9513.24
2026-01-31T23:00:00+00:00,8681.44
2026-01-31T23:15:00+00:00,8509.28
2026-01-31T23:30:00+00:00,8063.96
2026-01-31T23:45:00+00:00,7409.12
2026-02-01T00:00:00+00:00,6449.84
2026-02-01T00:15:00+00:00,5380.16
2026-02-01T00:30:00+00:00,4204.48
2026-02-01T00:45:00+00:00,2813.36
2026-02-01T01:00:00+00:00,1415.96
2026-02-01T01:15:00+00:00,1417.2
2026-02-01T01:30:00+00:00,1418.48
2026-02-01T01:45:00+00:00,1418.16
2026-02-01T02:00:00+00:00,1412.48
2026-02-01T02:15:00+00:00,1416.08
2026-02-01T02:30:00+00:00,1401.68
2026-02-01T02:45:00+00:00,1401.4
2026-02-01T03:00:00+00:00,1387.16
2026-02-01T03:15:00+00:00,1418.32
2026-02-01T03:30:00+00:00,1392.4
2026-02-01T03:45:00+00:00,1409.48
2026-02-01T04:00:00+00:00,1406.0
2026-02-01T04:15:00+00:00,1415.6
2026-02-01T04:30:00+00:00,1397.76
2026-02-01T04:45:00+00:00,1412.76
2026-02-01T05:00:00+00:00,1398.24
2026-02-01T05:15:00+00:00,3674.88
2026-02-01T05:30:00+00:00,5969.8
2026-02-01T05:45:00+00:00,8002.8
2026-02-01T06:00:00+00:00,9969.12
2026-02-01T06:15:00+00:00,11695.08
2026-02-01T06:30:00+00:00,13058.28
2026-02-01T06:45:00+00:00,14006.24
2026-02-01T07:00:00+00:00,14540.6
2026-02-01T07:15:00+00:00,15029.04
2026-02-01T07:30:00+00:00,14616.24
2026-02-01T07:45:00+00:00,14113.28
2026-02-01T08:00:00+00:00,13434.84
2026-02-01T08:15:00+00:00,12044.8
2026-02-01T08:30:00+00:00,10852.84
2026-02-01T08:45:00+00:00,9152.84
2026-02-01T09:00:00+00:00,7360.44
2026-02-01T09:15:00+00:00,6897.16
2026-02-01T09:30:00+00:00,6294.04
2026-02-01T09:45:00+00:00,5622.8
2026-02-01T10:00:00+00:00,4799.72
2026-02-01T10:15:00+00:00,4038.52
2026-02-01T10:30:00+00:00,3182.28
2026-02-01T10:45:00+00:00,2311.16
2026-02-01T11:00:00+00:00,1408.16
2026-02-01T11:15:00+00:00,1410.12
2026-02-01T11:30:00+00:00,1416.44
2026-02-01T11:45:00+00:00,1404.36
2026-02-01T12:00:00+00:00,1423.24
2026-02-01T12:15:00+00:00,1405.56
2026-02-01T12:30:00+00:00,1419.36
2026-02-01T12:45:00+00:00,1390.72
2026-02-01T13:00:00+00:00,1424.08
2026-02-01T13:15:00+00:00,2792.2
2026-02-01T13:30:00+00:00,4155.84
2026-02-01T13:45:00+00:00,5444.0
2026-02-01T14:00:00+00:00,6559.88
2026-02-01T14:15:00+00:00,7449.88
2026-02-01T14:30:00+00:00,8060.12
2026-02-01T14:45:00+00:00,8492.36
2026-02-01T15:00:00+00:00,8633.36
2026-02-01T15:15:00+00:00,8623.72
2026-02-01T15:30:00+00:00,8078.72
2026-02-01T15:45:00+00:00,7400.12
2026-02-01T16:00:00+00:00,6557.88
2026-02-01T16:15:00+00:00,5413.16
2026-02-01T16:30:00+00:00,4179.2
2026-02-01T16:45:00+00:00,2789.8
2026-02-01T17:00:00+00:00,1400.24
2026-02-01T17:15:00+00:00,2297.76
2026-02-01T17:30:00+00:00,3180.52
2026-02-01T17:45:00+00:00,4058.24
2026-02-01T18:00:00+00:00,4898.16
2026-02-01T18:15:00+00:00,5532.0
2026-02-01T18:30:00+00:00,6207.2
2026-02-01T18:45:00+00:00,6843.72
2026-02-01T19:00:00+00:00,7425.76
2026-02-01T19:15:00+00:00,7702.44
2026-02-01T19:30:00+00:00,7840.08
2026-02-01T19:45:00+00:00,8121.76
2026-02-01T20:00:00+00:00,8285.28
2026-02-01T20:15:00+00:00,8342.4
2026-02-01T20:30:00+00:00,8007.92
2026-02-01T20:45:00+00:00,7699.6
2026-02-01T21:00:00+00:00,7288.84
2026-02-01T21:15:00+00:00,8242.76
2026-02-01T21:30:00+00:00,8933.52
2026-02-01T21:45:00+00:00,9495.44
2026-02-01T22:00:00+00:00,9891.76
2026-02-01T22:15:00+00:00,9992.2
2026-02-01T22:30:00+00:00,9856.76
2026-02-01T22:45:00+00:00,9293.96
2026-02-01T23:00:00+00:00,8698.76
2026-02-01T23:15:00+00:00,8612.24
2026-02-01T23:30:00+00:00,8082.08
2026-02-01T23:45:00+00:00,7412.6
2026-02-02T00:00:00+00:00,6615.48
2026-02-02T00:15:00+00:00,5448.8
2026-02-02T00:30:00+00:00,4264.0
2026-02-02T00:45:00+00:00,2825.28
2026-02-02T01:00:00+00:00,1394.48
2026-02-02T01:15:00+00:00,1408.72
2026-02-02T01:30:00+00:00,1406.64
2026-02-02T01:45:00+00:00,1416.04
2026-02-02T02:00:00+00:00,1402.48
2026-02-02T02:15:00+00:00,1398.72
2026-02-02T02:30:00+00:00,1412.36
2026-02-02T02:45:00+00:00,1398.64
2026-02-02T03:00:00+00:00,1391.4
2026-02-02T03:15:00+00:00,1411.96
2026-02-02T03:30:00+00:00,1418.6
2026-02-02T03:45:00+00:00,1405.28
2026-02-02T04:00:00+00:00,1408.04
2026-02-02T04:15:00+00:00,1405.64
2026-02-02T04:30:00+00:00,1414.32
2026-02-02T04:45:00+00:00,1404.68
2026-02-02T05:00:00+00:00,1394.2
2026-02-02T05:15:00+00:00,3697.32
2026-02-02T05:30:00+00:00,5912.72
2026-02-02T05:45:00+00:00,8002.2
2026-02-02T06:00:00+00:00,9906.08
2026-02-02T06:15:00+00:00,11571.56
2026-02-02T06:30:00+00:00,13119.44
2026-02-02T06:45:00+00:00,13863.32
2026-02-02T07:00:00+00:00,14561.4
2026-02-02T07:15:00+00:00,14549.96
2026-02-02T07:30:00+00:00,14613.04
2026-02-02T07:45:00+00:00,14366.44
2026-02-02T08:00:00+00:00,15920.64
2026-02-02T08:15:00+00:00,14444.52
2026-02-02T08:30:00+00:00,12786.88
2026-02-02T08:45:00+00:00,10916.2
2026-02-02T09:00:00+00:00,8600.52
2026-02-02T09:15:00+00:00,8124.36
2026-02-02T09:30:00+00:00,7326.4
2026-02-02T09:45:00+00:00,6658.36
2026-02-02T10:00:00+00:00,5807.12
2026-02-02T10:15:00+00:00,4761.72
2026-02-02T10:30:00+00:00,3774.84
2026-02-02T10:45:00+00:00,2750.52
2026-02-02T11:00:00+00:00,1659.8
2026-02-02T11:15:00+00:00,1689.32
2026-02-02T11:30:00+00:00,1673.88
2026-02-02T11:45:00+00:00,1663.44
2026-02-02T12:00:00+00:00,1678.56
2026-02-02T12:15:00+00:00,1690.88
2026-02-02T12:30:00+00:00,1680.16
2026-02-02T12:45:00+00:00,1684.24
2026-02-02T13:00:00+00:00,1686.48
2026-02-02T13:15:00+00:00,3348.92
2026-02-02T13:30:00+00:00,4979.36
2026-02-02T13:45:00+00:00,6405.72
2026-02-02T14:00:00+00:00,7847.2
2026-02-02T14:15:00+00:00,8798.4
2026-02-02T14:30:00+00:00,9556.96
2026-02-02T14:45:00+00:00,10130.8
2026-02-02T15:00:00+00:00,10294.28
2026-02-02T15:15:00+00:00,10086.56
2026-02-02T15:30:00+00:00,9542.96
2026-02-02T15:45:00+00:00,8758.76
2026-02-02T16:00:00+00:00,7762.4
2026-02-02T16:15:00+00:00,6432.16
2026-02-02T16:30:00+00:00,4960.72
2026-02-02T16:45:00+00:00,3331.84
2026-02-02T17:00:00+00:00,1402.96
2026-02-02T17:15:00+00:00,2317.84
2026-02-02T17:30:00+00:00,3180.48
2026-02-02T17:45:00+00:00,4056.68
2026-02-02T18:00:00+00:00,4839.8
2026-02-02T18:15:00+00:00,5563.68
2026-02-02T18:30:00+00:00,6210.72
2026-02-02T18:45:00+00:00,6856.8
2026-02-02T19:00:00+00:00,7303.8
2026-02-02T19:15:00+00:00,7773.72
2026-02-02T19:30:00+00:00,8079.44
2026-02-02T19:45:00+00:00,8302.76
2026-02-02T20:00:00+00:00,8167.24
2026-02-02T20:15:00+00:00,8163.88
2026-02-02T20:30:00+00:00,7913.52
2026-02-02T20:45:00+00:00,7774.28
2026-02-02T21:00:00+00:00,7303.64
2026-02-02T21:15:00+00:00,8274.0
2026-02-02T21:30:00+00:00,9047.32
2026-02-02T21:45:00+00:00,9494.24
2026-02-02T22:00:00+00:00,9830.84
2026-02-02T22:15:00+00:00,10014.88
2026-02-02T22:30:00+00:00,9765.84
2026-02-02T22:45:00+00:00,9366.76
2026-02-02T23:00:00+00:00,8604.16
2026-02-02T23:15:00+00:00,8452.88
2026-02-02T23:30:00+00:00,8101.36
2026-02-02T23:45:00+00:00,7414.04
2026-02-03T00:00:00+00:00,6510.64
2026-02-03T00:15:00+00:00,5523.36
2026-02-03T00:30:00+00:00,4164.44
2026-02-03T00:45:00+00:00,2802.76
2026-02-03T01:00:00+00:00,1405.84
2026-02-03T01:15:00+00:00,1409.16
2026-02-03T01:30:00+00:00,1412.88
2026-02-03T01:45:00+00:00,1409.04
2026-02-03T02:00:00+00:00,1399.16
2026-02-03T02:15:00+00:00,1407.52
2026-02-03T02:30:00+00:00,1410.08
2026-02-03T02:45:00+00:00,1413.32
2026-02-03T03:00:00+00:00,1402.44
2026-02-03T03:15:00+00:00,1404.52
2026-02-03T03:30:00+00:00,1411.08
2026-02-03T03:45:00+00:00,1398.32
2026-02-03T04:00:00+00:00,1406.24
2026-02-03T04:15:00+00:00,1414.08
2026-02-03T04:30:00+00:00,1406.92
2026-02-03T04:45:00+00:00,1394.88
2026-02-03T05:00:00+00:00,1419.08
2026-02-03T05:15:00+00:00,3684.36
2026-02-03T05:30:00+00:00,6018.24
2026-02-03T05:45:00+00:00,8077.8
2026-02-03T06:00:00+00:00,9986.52
2026-02-03T06:15:00+00:00,11524.12
2026-02-03T06:30:00+00:00,13006.96
2026-02-03T06:45:00+00:00,14056.48
2026-02-03T07:00:00+00:00,14526.56
2026-02-03T07:15:00+00:00,14777.24
2026-02-03T07:30:00+00:00,14584.6
2026-02-03T07:45:00+00:00,14200.08
2026-02-03T08:00:00+00:00,15735.08
2026-02-03T08:15:00+00:00,14441.24
2026-02-03T08:30:00+00:00,12905.32
2026-02-03T08:45:00+00:00,11062.24
2026-02-03T09:00:00+00:00,8767.6
2026-02-03T09:15:00+00:00,8118.0
2026-02-03T09:30:00+00:00,7412.84
2026-02-03T09:45:00+00:00,6663.52
2026-02-03T10:00:00+00:00,5755.48
2026-02-03T10:15:00+00:00,4753.32
2026-02-03T10:30:00+00:00,3809.08
2026-02-03T10:45:00+00:00,2732.52
2026-02-03T11:00:00+00:00,1683.96
2026-02-03T11:15:00+00:00,1672.08
2026-02-03T11:30:00+00:00,1671.36
2026-02-03T11:45:00+00:00,1696.8
2026-02-03T12:00:00+00:00,1690.2
2026-02-03T12:15:00+00:00,1685.12
2026-02-03T12:30:00+00:00,1687.72
2026-02-03T12:45:00+00:00,1688.12
2026-02-03T13:00:00+00:00,1680.2
2026-02-03T13:15:00+00:00,3396.56
2026-02-03T13:30:00+00:00,5002.12
2026-02-03T13:45:00+00:00,6443.84
2026-02-03T14:00:00+00:00,7804.64
2026-02-03T14:15:00+00:00,8863.8
2026-02-03T14:30:00+00:00,9590.08
2026-02-03T14:45:00+00:00,10139.96
2026-02-03T15:00:00+00:00,10239.84
2026-02-03T15:15:00+00:00,10115.92
2026-02-03T15:30:00+00:00,9505.88
2026-02-03T15:45:00+00:00,8769.44
2026-02-03T16:00:00+00:00,7723.04
2026-02-03T16:15:00+00:00,6392.76
2026-02-03T16:30:00+00:00,4936.44
2026-02-03T16:45:00+00:00,3439.2
2026-02-03T17:00:00+00:00,1401.72
2026-02-03T17:15:00+00:00,2291.2
2026-02-03T17:30:00+00:00,3164.4
2026-02-03T17:45:00+00:00,4036.72
2026-02-03T18:00:00+00:00,4828.72
2026-02-03T18:15:00+00:00,5526.08
2026-02-03T18:30:00+00:00,6120.12
2026-02-03T18:45:00+00:00,6765.32
2026-02-03T19:00:00+00:00,7322.76
2026-02-03T19:15:00+00:00,7786.72
2026-02-03T19:30:00+00:00,8040.24
2026-02-03T19:45:00+00:00,8141.68
2026-02-03T20:00:00+00:00,8254.8
2026-02-03T20:15:00+00:00,8248.8
2026-02-03T20:30:00+00:00,7988.0
2026-02-03T20:45:00+00:00,7651.32
2026-02-03T21:00:00+00:00,7316.12
2026-02-03T21:15:00+00:00,8318.6
2026-02-03T21:30:00+00:00,9022.16
2026-02-03T21:45:00+00:00,9524.2
2026-02-03T22:00:00+00:00,10005.36
2026-02-03T22:15:00+00:00,9880.08
2026-02-03T22:30:00+00:00,9847.12
2026-02-03T22:45:00+00:00,9355.52
2026-02-03T23:00:00+00:00,8675.56
2026-02-03T23:15:00+00:00,8569.92
2026-02-03T23:30:00+00:00,8116.28
2026-02-03T23:45:00+00:00,7516.84
2026-02-04T00:00:00+00:00,6573.56
2026-02-04T00:15:00+00:00,5384.48
2026-02-04T00:30:00+00:00,4227.56
2026-02-04T00:45:00+00:00,2832.28
2026-02-04T01:00:00+00:00,1410.56
2026-02-04T01:15:00+00:00,1429.2
2026-02-04T01:30:00+00:00,1412.92
2026-02-04T01:45:00+00:00,1409.0
2026-02-04T02:00:00+00:00,1400.2
2026-02-04T02:15:00+00:00,1393.32
2026-02-04T02:30:00+00:00,1393.84
2026-02-04T02:45:00+00:00,1408.16
2026-02-04T03:00:00+00:00,1406.08
2026-02-04T03:15:00+00:00,1424.48
2026-02-04T03:30:00+00:00,1423.76
2026-02-04T03:45:00+00:00,1409.08
2026-02-04T04:00:00+00:00,1402.04
2026-02-04T04:15:00+00:00,1404.76
2026-02-04T04:30:00+00:00,1406.92
2026-02-04T04:45:00+00:00,1394.88
2026-02-04T05:00:00+00:00,1406.16
2026-02-04T05:15:00+00:00,3654.32
2026-02-04T05:30:00+00:00,6016.0
2026-02-04T05:45:00+00:00,7984.6
2026-02-04T06:00:00+00:00,9894.16
2026-02-04T06:15:00+00:00,11438.76
2026-02-04T06:30:00+00:00,12861.4
2026-02-04T06:45:00+00:00,13922.56
2026-02-04T07:00:00+00:00,14616.88
2026-02-04T07:15:00+00:00,14914.72
2026-02-04T07:30:00+00:00,14728.84
2026-02-04T07:45:00+00:00,14252.96
2026-02-04T08:00:00+00:00,15763.4
2026-02-04T08:15:00+00:00,14682.92
2026-02-04T08:30:00+00:00,12935.32
2026-02-04T08:45:00+00:00,10868.4
2026-02-04T09:00:00+00:00,8689.0
2026-02-04T09:15:00+00:00,8117.56
2026-02-04T09:30:00+00:00,7508.04
2026-02-04T09:45:00+00:00,6678.52
2026-02-04T10:00:00+00:00,5793.96
2026-02-04T10:15:00+00:00,4799.84
2026-02-04T10:30:00+00:00,3825.56
2026-02-04T10:45:00+00:00,2678.68
2026-02-04T11:00:00+00:00,1657.76
2026-02-04T11:15:00+00:00,1690.4
2026-02-04T11:30:00+00:00,1662.52
2026-02-04T11:45:00+00:00,1673.84
2026-02-04T12:00:00+00:00,1702.48
2026-02-04T12:15:00+00:00,1662.88
2026-02-04T12:30:00+00:00,1671.32
2026-02-04T12:45:00+00:00,1673.08
2026-02-04T13:00:00+00:00,1666.28
2026-02-04T13:15:00+00:00,3339.36
2026-02-04T13:30:00+00:00,4971.24
2026-02-04T13:45:00+00:00,6527.96
2026-02-04T14:00:00+00:00,7801.16
2026-02-04T14:15:00+00:00,8812.24
2026-02-04T14:30:00+00:00,9706.32
2026-02-04T14:45:00+00:00,10133.36
2026-02-04T15:00:00+00:00,10303.2
2026-02-04T15:15:00+00:00,10279.96
2026-02-04T15:30:00+00:00,9593.96
2026-02-04T15:45:00+00:00,8933.4
2026-02-04T16:00:00+00:00,7830.16
2026-02-04T16:15:00+00:00,6373.24
2026-02-04T16:30:00+00:00,4967.8
2026-02-04T16:45:00+00:00,3357.08
2026-02-04T17:00:00+00:00,1409.4
2026-02-04T17:15:00+00:00,2307.76
2026-02-04T17:30:00+00:00,3145.8
2026-02-04T17:45:00+00:00,3988.88
2026-02-04T18:00:00+00:00,4791.96
2026-02-04T18:15:00+00:00,5574.88
2026-02-04T18:30:00+00:00,6286.16
2026-02-04T18:45:00+00:00,6819.08
2026-02-04T19:00:00+00:00,7332.04
2026-02-04T19:15:00+00:00,7596.28
2026-02-04T19:30:00+00:00,8045.72
2026-02-04T19:45:00+00:00,8221.0
2026-02-04T20:00:00+00:00,8255.28
2026-02-04T20:15:00+00:00,8159.2
2026-02-04T20:30:00+00:00,8054.4
2026-02-04T20:45:00+00:00,7718.36
2026-02-04T21:00:00+00:00,7300.0
2026-02-04T21:15:00+00:00,8270.4
2026-02-04T21:30:00+00:00,8993.56
2026-02-04T21:45:00+00:00,9476.16
2026-02-04T22:00:00+00:00,10021.96
2026-02-04T22:15:00+00:00,10115.4
2026-02-04T22:30:00+00:00,9836.88
2026-02-04T22:45:00+00:00,9422.44
2026-02-04T23:00:00+00:00,8537.84
2026-02-04T23:15:00+00:00,8470.52
2026-02-04T23:30:00+00:00,8042.32
2026-02-04T23:45:00+00:00,7484.16
2026-02-05T00:00:00+00:00,6515.12
2026-02-05T00:15:00+00:00,5390.16
2026-02-05T00:30:00+00:00,4171.12
2026-02-05T00:45:00+00:00,2817.36
2026-02-05T01:00:00+00:00,1406.52
2026-02-05T01:15:00+00:00,1394.24
2026-02-05T01:30:00+00:00,1398.96
2026-02-05T01:45:00+00:00,1411.96
2026-02-05T02:00:00+00:00,1402.12
2026-02-05T02:15:00+00:00,1416.2
2026-02-05T02:30:00+00:00,1396.32
2026-02-05T02:45:00+00:00,1409.32
2026-02-05T03:00:00+00:00,1422.16
2026-02-05T03:15:00+00:00,1384.84
2026-02-05T03:30:00+00:00,1397.04
2026-02-05T03:45:00+00:00,1410.96
2026-02-05T04:00:00+00:00,1430.12
2026-02-05T04:15:00+00:00,1391.96
2026-02-05T04:30:00+00:00,1392.44
2026-02-05T04:45:00+00:00,1410.8
2026-02-05T05:00:00+00:00,1412.88
2026-02-05T05:15:00+00:00,3735.68
2026-02-05T05:30:00+00:00,6070.52
2026-02-05T05:45:00+00:00,8051.04
2026-02-05T06:00:00+00:00,10042.84
2026-02-05T06:15:00+00:00,11493.96
2026-02-05T06:30:00+00:00,12963.0
2026-02-05T06:45:00+00:00,13922.84
2026-02-05T07:00:00+00:00,14583.0
2026-02-05T07:15:00+00:00,14997.84
2026-02-05T07:30:00+00:00,14658.76
2026-02-05T07:45:00+00:00,14295.88
2026-02-05T08:00:00+00:00,15815.52
2026-02-05T08:15:00+00:00,14540.04
2026-02-05T08:30:00+00:00,13099.52
2026-02-05T08:45:00+00:00,10916.04
2026-02-05T09:00:00+00:00,8639.72
2026-02-05T09:15:00+00:00,8115.68
2026-02-05T09:30:00+00:00,7363.32
2026-02-05T09:45:00+00:00,6675.04
2026-02-05T10:00:00+00:00,5710.68
2026-02-05T10:15:00+00:00,4724.6
2026-02-05T10:30:00+00:00,3771.12
2026-02-05T10:45:00+00:00,2736.36
2026-02-05T11:00:00+00:00,1673.4
2026-02-05T11:15:00+00:00,1678.08
2026-02-05T11:30:00+00:00,1680.48
2026-02-05T11:45:00+00:00,1671.44
2026-02-05T12:00:00+00:00,1672.68
2026-02-05T12:15:00+00:00,1680.2
2026-02-05T12:30:00+00:00,1666.84
2026-02-05T12:45:00+00:00,1685.72
2026-02-05T13:00:00+00:00,1659.0
2026-02-05T13:15:00+00:00,3336.56
2026-02-05T13:30:00+00:00,4958.0
2026-02-05T13:45:00+00:00,6394.84
2026-02-05T14:00:00+00:00,7830.36
2026-02-05T14:15:00+00:00,8658.44
2026-02-05T14:30:00+00:00,9627.52
2026-02-05T14:45:00+00:00,10139.0
2026-02-05T15:00:00+00:00,10209.2
2026-02-05T15:15:00+00:00,10028.96
2026-02-05T15:30:00+00:00,9762.32
2026-02-05T15:45:00+00:00,8729.56
2026-02-05T16:00:00+00:00,7719.84
2026-02-05T16:15:00+00:00,6370.36
2026-02-05T16:30:00+00:00,4990.52
2026-02-05T16:45:00+00:00,3399.52
2026-02-05T17:00:00+00:00,1419.48
2026-02-05T17:15:00+00:00,2293.24
2026-02-05T17:30:00+00:00,3187.16
2026-02-05T17:45:00+00:00,4039.84
2026-02-05T18:00:00+00:00,4797.0
2026-02-05T18:15:00+00:00,5660.32
2026-02-05T18:30:00+00:00,6212.16
2026-02-05T18:45:00+00:00,6912.28
2026-02-05T19:00:00+00:00,7419.04
2026-02-05T19:15:00+00:00,7612.04
2026-02-05T19:30:00+00:00,8033.36
2026-02-05T19:45:00+00:00,8181.6
2026-02-05T20:00:00+00:00,8348.32
2026-02-05T20:15:00+00:00,8196.72
2026-02-05T20:30:00+00:00,7896.36
2026-02-05T20:45:00+00:00,7798.52
2026-02-05T21:00:00+00:00,7334.04
2026-02-05T21:15:00+00:00,8327.4
2026-02-05T21:30:00+00:00,9096.92
2026-02-05T21:45:00+00:00,9605.12
2026-02-05T22:00:00+00:00,9848.44
2026-02-05T22:15:00+00:00,9989.64
2026-02-05T22:30:00+00:00,9904.64
2026-02-05T22:45:00+00:00,9441.28
2026-02-05T23:00:00+00:00,8583.2
2026-02-05T23:15:00+00:00,8565.88
2026-02-05T23:30:00+00:00,8104.76
2026-02-05T23:45:00+00:00,7435.64
2026-02-06T00:00:00+00:00,6512.72
2026-02-06T00:15:00+00:00,5522.0
2026-02-06T00:30:00+00:00,4250.84
2026-02-06T00:45:00+00:00,2870.76
2026-02-06T01:00:00+00:00,1400.64
2026-02-06T01:15:00+00:00,1402.08
2026-02-06T01:30:00+00:00,1408.36
2026-02-06T01:45:00+00:00,1404.32
2026-02-06T02:00:00+00:00,1421.16
2026-02-06T02:15:00+00:00,1414.56
2026-02-06T02:30:00+00:00,1396.52
2026-02-06T02:45:00+00:00,1397.64
2026-02-06T03:00:00+00:00,1403.32
2026-02-06T03:15:00+00:00,1396.8
2026-02-06T03:30:00+00:00,1401.68
2026-02-06T03:45:00+00:00,1413.88
2026-02-06T04:00:00+00:00,1406.2
2026-02-06T04:15:00+00:00,1410.88
2026-02-06T04:30:00+00:00,1405.96
2026-02-06T04:45:00+00:00,1413.32
2026-02-06T05:00:00+00:00,1407.0
2026-02-06T05:15:00+00:00,3706.32
2026-02-06T05:30:00+00:00,5976.92
2026-02-06T05:45:00+00:00,8025.2
2026-02-06T06:00:00+00:00,10025.92
2026-02-06T06:15:00+00:00,11707.24
2026-02-06T06:30:00+00:00,12930.44
2026-02-06T06:45:00+00:00,13830.04
2026-02-06T07:00:00+00:00,14532.24
2026-02-06T07:15:00+00:00,14946.64
2026-02-06T07:30:00+00:00,14667.44
2026-02-06T07:45:00+00:00,14303.96
2026-02-06T08:00:00+00:00,15996.8
2026-02-06T08:15:00+00:00,14612.0
2026-02-06T08:30:00+00:00,13025.16
2026-02-06T08:45:00+00:00,11028.28
2026-02-06T09:00:00+00:00,8645.4
2026-02-06T09:15:00+00:00,8262.32
2026-02-06T09:30:00+00:00,7427.2
2026-02-06T09:45:00+00:00,6578.36
2026-02-06T10:00:00+00:00,5690.88
2026-02-06T10:15:00+00:00,4796.12
2026-02-06T10:30:00+00:00,3773.4
2026-02-06T10:45:00+00:00,2761.72
2026-02-06T11:00:00+00:00,1660.88
2026-02-06T11:15:00+00:00,1695.16
2026-02-06T11:30:00+00:00,1700.2
2026-02-06T11:45:00+00:00,1708.16
2026-02-06T12:00:00+00:00,1675.08
2026-02-06T12:15:00+00:00,1663.72
2026-02-06T12:30:00+00:00,1672.08
2026-02-06T12:45:00+00:00,1657.64
2026-02-06T13:00:00+00:00,1685.68
2026-02-06T13:15:00+00:00,3342.04
2026-02-06T13:30:00+00:00,5006.72
2026-02-06T13:45:00+00:00,6478.24
2026-02-06T14:00:00+00:00,7853.72
2026-02-06T14:15:00+00:00,8807.48
2026-02-06T14:30:00+00:00,9555.08
2026-02-06T14:45:00+00:00,10189.92
2026-02-06T15:00:00+00:00,10229.08
2026-02-06T15:15:00+00:00,10240.32
2026-02-06T15:30:00+00:00,9722.8
2026-02-06T15:45:00+00:00,8996.68
2026-02-06T16:00:00+00:00,7912.84
2026-02-06T16:15:00+00:00,6492.84
2026-02-06T16:30:00+00:00,5002.12
2026-02-06T16:45:00+00:00,3341.12
2026-02-06T17:00:00+00:00,1402.56
2026-02-06T17:15:00+00:00,2319.24
2026-02-06T17:30:00+00:00,3150.4
2026-02-06T17:45:00+00:00,4008.32
2026-02-06T18:00:00+00:00,4879.44
2026-02-06T18:15:00+00:00,5597.24
2026-02-06T18:30:00+00:00,6292.68
2026-02-06T18:45:00+00:00,6897.36
2026-02-06T19:00:00+00:00,7393.92
2026-02-06T19:15:00+00:00,7816.36
2026-02-06T19:30:00+00:00,8093.6
2026-02-06T19:45:00+00:00,8073.88
2026-02-06T20:00:00+00:00,8289.4
2026-02-06T20:15:00+00:00,8102.04
2026-02-06T20:30:00+00:00,7992.6
2026-02-06T20:45:00+00:00,7674.16
2026-02-06T21:00:00+00:00,7280.0
2026-02-06T21:15:00+00:00,8119.56
2026-02-06T21:30:00+00:00,9110.16
2026-02-06T21:45:00+00:00,9566.68
2026-02-06T22:00:00+00:00,10089.84
2026-02-06T22:15:00+00:00,10084.64
2026-02-06T22:30:00+00:00,9854.04
2026-02-06T22:45:00+00:00,9359.72
2026-02-06T23:00:00+00:00,8669.6
2026-02-06T23:15:00+00:00,8509.48
2026-02-06T23:30:00+00:00,8175.48
2026-02-06T23:45:00+00:00,7367.76
2026-02-07T00:00:00+00:00,6549.08
2026-02-07T00:15:00+00:00,5469.84
2026-02-07T00:30:00+00:00,4153.28
2026-02-07T00:45:00+00:00,2778.24
2026-02-07T01:00:00+00:00,1391.96
2026-02-07T01:15:00+00:00,1402.68
2026-02-07T01:30:00+00:00,1402.56
2026-02-07T01:45:00+00:00,1417.76
2026-02-07T02:00:00+00:00,1401.28
2026-02-07T02:15:00+00:00,1417.36
2026-02-07T02:30:00+00:00,1408.24
2026-02-07T02:45:00+00:00,1387.24
2026-02-07T03:00:00+00:00,1406.56
2026-02-07T03:15:00+00:00,1420.4
2026-02-07T03:30:00+00:00,1397.56
2026-02-07T03:45:00+00:00,1392.36
2026-02-07T04:00:00+00:00,1393.68
2026-02-07T04:15:00+00:00,1413.44
2026-02-07T04:30:00+00:00,1410.04
2026-02-07T04:45:00+00:00,1407.76
2026-02-07T05:00:00+00:00,1422.52
2026-02-07T05:15:00+00:00,3698.76
2026-02-07T05:30:00+00:00,6004.68
2026-02-07T05:45:00+00:00,8132.28
2026-02-07T06:00:00+00:00,9915.8
2026-02-07T06:15:00+00:00,11612.24
2026-02-07T06:30:00+00:00,12992.84
2026-02-07T06:45:00+00:00,13972.84
2026-02-07T07:00:00+00:00,14649.32
2026-02-07T07:15:00+00:00,14787.96
2026-02-07T07:30:00+00:00,14648.6
2026-02-07T07:45:00+00:00,14131.72
2026-02-07T08:00:00+00:00,13316.12
2026-02-07T08:15:00+00:00,12243.44
2026-02-07T08:30:00+00:00,10722.48
2026-02-07T08:45:00+00:00,9245.2
2026-02-07T09:00:00+00:00,7261.2
2026-02-07T09:15:00+00:00,6837.24
2026-02-07T09:30:00+00:00,6228.0
2026-02-07T09:45:00+00:00,5641.16
2026-02-07T10:00:00+00:00,4747.48
2026-02-07T10:15:00+00:00,4043.48
2026-02-07T10:30:00+00:00,3144.68
2026-02-07T10:45:00+00:00,2322.48
2026-02-07T11:00:00+00:00,1400.76
2026-02-07T11:15:00+00:00,1391.04
2026-02-07T11:30:00+00:00,1393.32
2026-02-07T11:45:00+00:00,1398.44
2026-02-07T12:00:00+00:00,1394.8
2026-02-07T12:15:00+00:00,1390.56
2026-02-07T12:30:00+00:00,1397.84
2026-02-07T12:45:00+00:00,1400.68
2026-02-07T13:00:00+00:00,1427.28
2026-02-07T13:15:00+00:00,2828.52
2026-02-07T13:30:00+00:00,4166.28
2026-02-07T13:45:00+00:00,5427.72
2026-02-07T14:00:00+00:00,6508.76
2026-02-07T14:15:00+00:00,7374.08
2026-02-07T14:30:00+00:00,8090.72
2026-02-07T14:45:00+00:00,8440.48
2026-02-07T15:00:00+00:00,8664.16
2026-02-07T15:15:00+00:00,8427.88
2026-02-07T15:30:00+00:00,8094.24
2026-02-07T15:45:00+00:00,7494.64
2026-02-07T16:00:00+00:00,6576.08
2026-02-07T16:15:00+00:00,5409.92
2026-02-07T16:30:00+00:00,4173.08
2026-02-07T16:45:00+00:00,2806.6
2026-02-07T17:00:00+00:00,1409.48
2026-02-07T17:15:00+00:00,2324.56
2026-02-07T17:30:00+00:00,3186.44
2026-02-07T17:45:00+00:00,3995.36
2026-02-07T18:00:00+00:00,4868.92
2026-02-07T18:15:00+00:00,5597.32
2026-02-07T18:30:00+00:00,6269.12
2026-02-07T18:45:00+00:00,6882.6
2026-02-07T19:00:00+00:00,7340.24
2026-02-07T19:15:00+00:00,7742.4
2026-02-07T19:30:00+00:00,8043.24
2026-02-07T19:45:00+00:00,8046.6
2026-02-07T20:00:00+00:00,8251.4
2026-02-07T20:15:00+00:00,8223.28
2026-02-07T20:30:00+00:00,8010.6
2026-02-07T20:45:00+00:00,7786.96
2026-02-07T21:00:00+00:00,7277.88
2026-02-07T21:15:00+00:00,8249.88
2026-02-07T21:30:00+00:00,8964.44
2026-02-07T21:45:00+00:00,9625.48
2026-02-07T22:00:00+00:00,10082.2
2026-02-07T22:15:00+00:00,9883.56
2026-02-07T22:30:00+00:00,10001.48
2026-02-07T22:45:00+00:00,9408.16
2026-02-07T23:00:00+00:00,8764.56
2026-02-07T23:15:00+00:00,8574.8
2026-02-07T23:30:00+00:00,8075.32
2026-02-07T23:45:00+00:00,7434.2
2026-02-08T00:00:00+00:00,6450.12
2026-02-08T00:15:00+00:00,5459.28
2026-02-08T00:30:00+00:00,4180.64
2026-02-08T00:45:00+00:00,2820.24
2026-02-08T01:00:00+00:00,1430.2
2026-02-08T01:15:00+00:00,1422.8
2026-02-08T01:30:00+00:00,1415.2
2026-02-08T01:45:00+00:00,1408.04
2026-02-08T02:00:00+00:00,1414.96
2026-02-08T02:15:00+00:00,1406.12
2026-02-08T02:30:00+00:00,1386.44
2026-02-08T02:45:00+00:00,1386.92
2026-02-08T03:00:00+00:00,1413.52
2026-02-08T03:15:00+00:00,1413.92
2026-02-08T03:30:00+00:00,1421.36
2026-02-08T03:45:00+00:00,1398.88
2026-02-08T04:00:00+00:00,1417.68
2026-02-08T04:15:00+00:00,1408.72
2026-02-08T04:30:00+00:00,1410.44
2026-02-08T04:45:00+00:00,1423.0
2026-02-08T05:00:00+00:00,1397.8
2026-02-08T05:15:00+00:00,3695.2
2026-02-08T05:30:00+00:00,5975.36
2026-02-08T05:45:00+00:00,8146.96
2026-02-08T06:00:00+00:00,9845.76
2026-02-08T06:15:00+00:00,11667.76
2026-02-08T06:30:00+00:00,12976.72
2026-02-08T06:45:00+00:00,13855.76
2026-02-08T07:00:00+00:00,14507.12
2026-02-08T07:15:00+00:00,14644.6
2026-02-08T07:30:00+00:00,14664.28
2026-02-08T07:45:00+00:00,14299.92
2026-02-08T08:00:00+00:00,13187.36
2026-02-08T08:15:00+00:00,12052.68
2026-02-08T08:30:00+00:00,10994.0
2026-02-08T08:45:00+00:00,9088.84
2026-02-08T09:00:00+00:00,7281.84
2026-02-08T09:15:00+00:00,6852.6
2026-02-08T09:30:00+00:00,6230.44
2026-02-08T09:45:00+00:00,5543.72
2026-02-08T10:00:00+00:00,4847.64
2026-02-08T10:15:00+00:00,3988.2
2026-02-08T10:30:00+00:00,3153.64
2026-02-08T10:45:00+00:00,2298.08
2026-02-08T11:00:00+00:00,1410.8
2026-02-08T11:15:00+00:00,1424.44
2026-02-08T11:30:00+00:00,1384.56
2026-02-08T11:45:00+00:00,1414.56
2026-02-08T12:00:00+00:00,1412.16
2026-02-08T12:15:00+00:00,1409.4
2026-02-08T12:30:00+00:00,1422.88
2026-02-08T12:45:00+00:00,1421.12
2026-02-08T13:00:00+00:00,1396.04
2026-02-08T13:15:00+00:00,2789.44
2026-02-08T13:30:00+00:00,4136.6
2026-02-08T13:45:00+00:00,5394.44
2026-02-08T14:00:00+00:00,6479.08
2026-02-08T14:15:00+00:00,7410.08
2026-02-08T14:30:00+00:00,8004.88
2026-02-08T14:45:00+00:00,8489.12
2026-02-08T15:00:00+00:00,8586.6
2026-02-08T15:15:00+00:00,8495.0
2026-02-08T15:30:00+00:00,8061.08
2026-02-08T15:45:00+00:00,7391.68
2026-02-08T16:00:00+00:00,6537.96
2026-02-08T16:15:00+00:00,5438.4
2026-02-08T16:30:00+00:00,4173.8
2026-02-08T16:45:00+00:00,2804.8
2026-02-08T17:00:00+00:00,1398.12
2026-02-08T17:15:00+00:00,2329.36
2026-02-08T17:30:00+00:00,3138.28
2026-02-08T17:45:00+00:00,4036.2
2026-02-08T18:00:00+00:00,4877.56
2026-02-08T18:15:00+00:00,5585.88
2026-02-08T18:30:00+00:00,6243.0
2026-02-08T18:45:00+00:00,6853.88
2026-02-08T19:00:00+00:00,7393.68
2026-02-08T19:15:00+00:00,7656.88
2026-02-08T19:30:00+00:00,8006.12
2026-02-08T19:45:00+00:00,8173.36
2026-02-08T20:00:00+00:00,8324.32
2026-02-08T20:15:00+00:00,8166.16
2026-02-08T20:30:00+00:00,8017.8
2026-02-08T20:45:00+00:00,7731.92
2026-02-08T21:00:00+00:00,7264.76
2026-02-08T21:15:00+00:00,8153.12
2026-02-08T21:30:00+00:00,8955.16
2026-02-08T21:45:00+00:00,9464.0
2026-02-08T22:00:00+00:00,10013.52
2026-02-08T22:15:00+00:00,9889.48
2026-02-08T22:30:00+00:00,9769.04
2026-02-08T22:45:00+00:00,9436.36
2026-02-08T23:00:00+00:00,8584.84
2026-02-08T23:15:00+00:00,8583.52
2026-02-08T23:30:00+00:00,8236.56
2026-02-08T23:45:00+00:00,7427.96
2026-02-09T00:00:00+00:00,6600.28
2026-02-09T00:15:00+00:00,5471.88
2026-02-09T00:30:00+00:00,4179.28
2026-02-09T00:45:00+00:00,2807.4
2026-02-09T01:00:00+00:00,1408.8
2026-02-09T01:15:00+00:00,1420.44
2026-02-09T01:30:00+00:00,1413.04
2026-02-09T01:45:00+00:00,1408.12
2026-02-09T02:00:00+00:00,1414.96
2026-02-09T02:15:00+00:00,1428.2
2026-02-09T02:30:00+00:00,1417.24
2026-02-09T02:45:00+00:00,1416.12
2026-02-09T03:00:00+00:00,1412.36
2026-02-09T03:15:00+00:00,1402.88
2026-02-09T03:30:00+00:00,1397.68
2026-02-09T03:45:00+00:00,1414.92
2026-02-09T04:00:00+00:00,1421.08
2026-02-09T04:15:00+00:00,1399.16
2026-02-09T04:30:00+00:00,1390.52
2026-02-09T04:45:00+00:00,1405.84
2026-02-09T05:00:00+00:00,1409.52
2026-02-09T05:15:00+00:00,3732.84
2026-02-09T05:30:00+00:00,5948.32
2026-02-09T05:45:00+00:00,8152.2
2026-02-09T06:00:00+00:00,9903.76
2026-02-09T06:15:00+00:00,11624.4
2026-02-09T06:30:00+00:00,13092.44
2026-02-09T06:45:00+00:00,13864.84
2026-02-09T07:00:00+00:00,14657.32
2026-02-09T07:15:00+00:00,14869.52
2026-02-09T07:30:00+00:00,14652.36
2026-02-09T07:45:00+00:00,14193.64
2026-02-09T08:00:00+00:00,15954.96
2026-02-09T08:15:00+00:00,14402.64
2026-02-09T08:30:00+00:00,12859.92
2026-02-09T08:45:00+00:00,10815.56
2026-02-09T09:00:00+00:00,8789.84
2026-02-09T09:15:00+00:00,8028.48
2026-02-09T09:30:00+00:00,7537.36
2026-02-09T09:45:00+00:00,6545.12
2026-02-09T10:00:00+00:00,5762.8
2026-02-09T10:15:00+00:00,4823.16
2026-02-09T10:30:00+00:00,3772.08
2026-02-09T10:45:00+00:00,2784.68
2026-02-09T11:00:00+00:00,1678.48
2026-02-09T11:15:00+00:00,1681.36
2026-02-09T11:30:00+00:00,1691.72
2026-02-09T11:45:00+00:00,1701.92
2026-02-09T12:00:00+00:00,1676.36
2026-02-09T12:15:00+00:00,1690.04
2026-02-09T12:30:00+00:00,1675.28
2026-02-09T12:45:00+00:00,1688.76
2026-02-09T13:00:00+00:00,1674.32
2026-02-09T13:15:00+00:00,3357.52
2026-02-09T13:30:00+00:00,5000.32
2026-02-09T13:45:00+00:00,6510.92
2026-02-09T14:00:00+00:00,7759.32
2026-02-09T14:15:00+00:00,8861.96
2026-02-09T14:30:00+00:00,9485.92
2026-02-09T14:45:00+00:00,10167.0
2026-02-09T15:00:00+00:00,10377.84
2026-02-09T15:15:00+00:00,10240.32
2026-02-09T15:30:00+00:00,9691.96
2026-02-09T15:45:00+00:00,8896.48
2026-02-09T16:00:00+00:00,7788.32
2026-02-09T16:15:00+00:00,6448.28
2026-02-09T16:30:00+00:00,4973.4
2026-02-09T16:45:00+00:00,3363.44
2026-02-09T17:00:00+00:00,1420.28
2026-02-09T17:15:00+00:00,2307.36
2026-02-09T17:30:00+00:00,3198.12
2026-02-09T17:45:00+00:00,4049.24
2026-02-09T18:00:00+00:00,4870.68
2026-02-09T18:15:00+00:00,5521.6
2026-02-09T18:30:00+00:00,6296.6
2026-02-09T18:45:00+00:00,6815.92
2026-02-09T19:00:00+00:00,7359.88
2026-02-09T19:15:00+00:00,7927.32
2026-02-09T19:30:00+00:00,8072.88
2026-02-09T19:45:00+00:00,8229.6
2026-02-09T20:00:00+00:00,8171.36
2026-02-09T20:15:00+00:00,8076.2
2026-02-09T20:30:00+00:00,7982.08
2026-02-09T20:45:00+00:00,7729.12
2026-02-09T21:00:00+00:00,7266.12
2026-02-09T21:15:00+00:00,8138.8
2026-02-09T21:30:00+00:00,9026.72
2026-02-09T21:45:00+00:00,9529.92
2026-02-09T22:00:00+00:00,9937.44
2026-02-09T22:15:00+00:00,10061.04
2026-02-09T22:30:00+00:00,9843.96
2026-02-09T22:45:00+00:00,9452.72
2026-02-09T23:00:00+00:00,8747.88
2026-02-09T23:15:00+00:00,8524.16
2026-02-09T23:30:00+00:00,8090.24
2026-02-09T23:45:00+00:00,7493.76
2026-02-10T00:00:00+00:00,6559.96
2026-02-10T00:15:00+00:00,5422.88
2026-02-10T00:30:00+00:00,4123.08
2026-02-10T00:45:00+00:00,2891.96
2026-02-10T01:00:00+00:00,1422.96
2026-02-10T01:15:00+00:00,1402.72
2026-02-10T01:30:00+00:00,1410.56
2026-02-10T01:45:00+00:00,1394.68
2026-02-10T02:00:00+00:00,1389.08
2026-02-10T02:15:00+00:00,1404.8
2026-02-10T02:30:00+00:00,1435.64
2026-02-10T02:45:00+00:00,1405.28
2026-02-10T03:00:00+00:00,1422.24
2026-02-10T03:15:00+00:00,1405.28
2026-02-10T03:30:00+00:00,1409.44
2026-02-10T03:45:00+00:00,1405.84
2026-02-10T04:00:00+00:00,1400.84
2026-02-10T04:15:00+00:00,1400.88
2026-02-10T04:30:00+00:00,1418.72
2026-02-10T04:45:00+00:00,1396.88
2026-02-10T05:00:00+00:00,1405.6
2026-02-10T05:15:00+00:00,3776.88
2026-02-10T05:30:00+00:00,5934.56
2026-02-10T05:45:00+00:00,8025.44
2026-02-10T06:00:00+00:00,10038.32
2026-02-10T06:15:00+00:00,11518.64
2026-02-10T06:30:00+00:00,12976.92
2026-02-10T06:45:00+00:00,14001.76
2026-02-10T07:00:00+00:00,14503.8
2026-02-10T07:15:00+00:00,14752.44
2026-02-10T07:30:00+00:00,14543.72
2026-02-10T07:45:00+00:00,14147.52
2026-02-10T08:00:00+00:00,15946.48
2026-02-10T08:15:00+00:00,14664.48
2026-02-10T08:30:00+00:00,12854.04
2026-02-10T08:45:00+00:00,10826.64
2026-02-10T09:00:00+00:00,8770.76
2026-02-10T09:15:00+00:00,8094.56
2026-02-10T09:30:00+00:00,7407.96
2026-02-10T09:45:00+00:00,6679.0
2026-02-10T10:00:00+00:00,5786.6
2026-02-10T10:15:00+00:00,4742.64
2026-02-10T10:30:00+00:00,3774.36
2026-02-10T10:45:00+00:00,2770.12
2026-02-10T11:00:00+00:00,1679.56
2026-02-10T11:15:00+00:00,1667.52
2026-02-10T11:30:00+00:00,1681.4
2026-02-10T11:45:00+00:00,1674.36
2026-02-10T12:00:00+00:00,1686.6
2026-02-10T12:15:00+00:00,1667.28
2026-02-10T12:30:00+00:00,1687.56
2026-02-10T12:45:00+00:00,1688.88
2026-02-10T13:00:00+00:00,1677.36
2026-02-10T13:15:00+00:00,3376.72
2026-02-10T13:30:00+00:00,4988.12
2026-02-10T13:45:00+00:00,6433.08
2026-02-10T14:00:00+00:00,7786.4
2026-02-10T14:15:00+00:00,8923.8
2026-02-10T14:30:00+00:00,9551.16
2026-02-10T14:45:00+00:00,10132.28
2026-02-10T15:00:00+00:00,10323.64
2026-02-10T15:15:00+00:00,10155.64
2026-02-10T15:30:00+00:00,9715.52
2026-02-10T15:45:00+00:00,8742.96
2026-02-10T16:00:00+00:00,7702.32
2026-02-10T16:15:00+00:00,6496.52
2026-02-10T16:30:00+00:00,4987.2
2026-02-10T16:45:00+00:00,3397.84
2026-02-10T17:00:00+00:00,1415.12
2026-02-10T17:15:00+00:00,2296.16
2026-02-10T17:30:00+00:00,3195.88
2026-02-10T17:45:00+00:00,3975.64
2026-02-10T18:00:00+00:00,4758.64
2026-02-10T18:15:00+00:00,5555.64
2026-02-10T18:30:00+00:00,6276.16
2026-02-10T18:45:00+00:00,6816.4
2026-02-10T19:00:00+00:00,7382.0
2026-02-10T19:15:00+00:00,7728.4
2026-02-10T19:30:00+00:00,8026.2
2026-02-10T19:45:00+00:00,8056.68
2026-02-10T20:00:00+00:00,8249.52
2026-02-10T20:15:00+00:00,8083.04
2026-02-10T20:30:00+00:00,8026.96
2026-02-10T20:45:00+00:00,7794.56
2026-02-10T21:00:00+00:00,7375.08
2026-02-10T21:15:00+00:00,8309.04
2026-02-10T21:30:00+00:00,8865.04
2026-02-10T21:45:00+00:00,9599.24
2026-02-10T22:00:00+00:00,9927.32
2026-02-10T22:15:00+00:00,10084.6
2026-02-10T22:30:00+00:00,9801.24
2026-02-10T22:45:00+00:00,9428.52
2026-02-10T23:00:00+00:00,8612.92
2026-02-10T23:15:00+00:00,8677.44
2026-02-10T23:30:00+00:00,8078.08
2026-02-10T23:45:00+00:00,7449.04
2026-02-11T00:00:00+00:00,6505.68
2026-02-11T00:15:00+00:00,5437.6
2026-02-11T00:30:00+00:00,4198.56
2026-02-11T00:45:00+00:00,2819.08
2026-02-11T01:00:00+00:00,1434.28
2026-02-11T01:15:00+00:00,1396.36
2026-02-11T01:30:00+00:00,1400.32
2026-02-11T01:45:00+00:00,1394.6
2026-02-11T02:00:00+00:00,1417.68
2026-02-11T02:15:00+00:00,1409.44
2026-02-11T02:30:00+00:00,1382.28
2026-02-11T02:45:00+00:00,1439.44
2026-02-11T03:00:00+00:00,1401.76
2026-02-11T03:15:00+00:00,1403.36
2026-02-11T03:30:00+00:00,1424.8
2026-02-11T03:45:00+00:00,1406.48
2026-02-11T04:00:00+00:00,1420.44
2026-02-11T04:15:00+00:00,1420.72
2026-02-11T04:30:00+00:00,1429.8
2026-02-11T04:45:00+00:00,1411.12
2026-02-11T05:00:00+00:00,1422.68
2026-02-11T05:15:00+00:00,3704.92
2026-02-11T05:30:00+00:00,5975.08
2026-02-11T05:45:00+00:00,8154.36
2026-02-11T06:00:00+00:00,9900.04
2026-02-11T06:15:00+00:00,11677.52
2026-02-11T06:30:00+00:00,12816.24
2026-02-11T06:45:00+00:00,13861.4
2026-02-11T07:00:00+00:00,14543.08
2026-02-11T07:15:00+00:00,14783.64
2026-02-11T07:30:00+00:00,14593.08
2026-02-11T07:45:00+00:00,14241.68
2026-02-11T08:00:00+00:00,15818.56
2026-02-11T08:15:00+00:00,14302.4
2026-02-11T08:30:00+00:00,12772.4
2026-02-11T08:45:00+00:00,10889.88
2026-02-11T09:00:00+00:00,8710.64
2026-02-11T09:15:00+00:00,8114.44
2026-02-11T09:30:00+00:00,7378.08
2026-02-11T09:45:00+00:00,6675.32
2026-02-11T10:00:00+00:00,5789.92
2026-02-11T10:15:00+00:00,4868.64
2026-02-11T10:30:00+00:00,3767.28
2026-02-11T10:45:00+00:00,2788.4
2026-02-11T11:00:00+00:00,1668.96
2026-02-11T11:15:00+00:00,1708.08
2026-02-11T11:30:00+00:00,1677.4
2026-02-11T11:45:00+00:00,1660.68
2026-02-11T12:00:00+00:00,1675.8
2026-02-11T12:15:00+00:00,1697.64
2026-02-11T12:30:00+00:00,1673.36
2026-02-11T12:45:00+00:00,1696.16
2026-02-11T13:00:00+00:00,1681.84
2026-02-11T13:15:00+00:00,3377.8
2026-02-11T13:30:00+00:00,4950.2
2026-02-11T13:45:00+00:00,6370.4
2026-02-11T14:00:00+00:00,7787.12
2026-02-11T14:15:00+00:00,8875.08
2026-02-11T14:30:00+00:00,9703.8
2026-02-11T14:45:00+00:00,10173.96
2026-02-11T15:00:00+00:00,10386.0
2026-02-11T15:15:00+00:00,10232.2
2026-02-11T15:30:00+00:00,9539.24
2026-02-11T15:45:00+00:00,8728.28
2026-02-11T16:00:00+00:00,7752.04
2026-02-11T16:15:00+00:00,6412.6
2026-02-11T16:30:00+00:00,5014.32
2026-02-11T16:45:00+00:00,3353.12
2026-02-11T17:00:00+00:00,1405.28
2026-02-11T17:15:00+00:00,2305.04
2026-02-11T17:30:00+00:00,3207.56
2026-02-11T17:45:00+00:00,3994.36
2026-02-11T18:00:00+00:00,4803.56
2026-02-11T18:15:00+00:00,5537.84
2026-02-11T18:30:00+00:00,6323.2
2026-02-11T18:45:00+00:00,6778.4
2026-02-11T19:00:00+00:00,7296.12
2026-02-11T19:15:00+00:00,7693.08
2026-02-11T19:30:00+00:00,8128.24
2026-02-11T19:45:00+00:00,8235.88
2026-02-11T20:00:00+00:00,8348.28
2026-02-11T20:15:00+00:00,8118.84
2026-02-11T20:30:00+00:00,8014.12
2026-02-11T20:45:00+00:00,7737.4
2026-02-11T21:00:00+00:00,7340.0
2026-02-11T21:15:00+00:00,8273.04
2026-02-11T21:30:00+00:00,9185.2
2026-02-11T21:45:00+00:00,9566.24
2026-02-11T22:00:00+00:00,9899.76
2026-02-11T22:15:00+00:00,10016.88
2026-02-11T22:30:00+00:00,9972.32
2026-02-11T22:45:00+00:00,9569.8
2026-02-11T23:00:00+00:00,8669.76
2026-02-11T23:15:00+00:00,8488.76
2026-02-11T23:30:00+00:00,8074.72
2026-02-11T23:45:00+00:00,7445.92
2026-02-12T00:00:00+00:00,6499.36
2026-02-12T00:15:00+00:00,5439.8
2026-02-12T00:30:00+00:00,4220.24
2026-02-12T00:45:00+00:00,2838.16
2026-02-12T01:00:00+00:00,1416.32
2026-02-12T01:15:00+00:00,1424.96
2026-02-12T01:30:00+00:00,1423.76
2026-02-12T01:45:00+00:00,1417.44
2026-02-12T02:00:00+00:00,1419.28
2026-02-12T02:15:00+00:00,1421.88
2026-02-12T02:30:00+00:00,1391.88
2026-02-12T02:45:00+00:00,1401.12
2026-02-12T03:00:00+00:00,1419.92
2026-02-12T03:15:00+00:00,1404.4
2026-02-12T03:30:00+00:00,1410.48
2026-02-12T03:45:00+00:00,1401.8
2026-02-12T04:00:00+00:00,1407.88
2026-02-12T04:15:00+00:00,1404.0
2026-02-12T04:30:00+00:00,1409.8
2026-02-12T04:45:00+00:00,1401.04
2026-02-12T05:00:00+00:00,1424.72
2026-02-12T05:15:00+00:00,3717.32
2026-02-12T05:30:00+00:00,5906.36
2026-02-12T05:45:00+00:00,8026.68
2026-02-12T06:00:00+00:00,10107.28
2026-02-12T06:15:00+00:00,11528.56
2026-02-12T06:30:00+00:00,13006.16
2026-02-12T06:45:00+00:00,13877.44
2026-02-12T07:00:00+00:00,14737.4
2026-02-12T07:15:00+00:00,14443.96
2026-02-12T07:30:00+00:00,14743.6
2026-02-12T07:45:00+00:00,13957.44
2026-02-12T08:00:00+00:00,15937.72
2026-02-12T08:15:00+00:00,14515.76
2026-02-12T08:30:00+00:00,12675.64
2026-02-12T08:45:00+00:00,10928.2
2026-02-12T09:00:00+00:00,8839.16
2026-02-12T09:15:00+00:00,8052.12
2026-02-12T09:30:00+00:00,7421.64
2026-02-12T09:45:00+00:00,6645.6
2026-02-12T10:00:00+00:00,5695.8
2026-02-12T10:15:00+00:00,4658.12
2026-02-12T10:30:00+00:00,3810.92
2026-02-12T10:45:00+00:00,2753.68
2026-02-12T11:00:00+00:00,1703.84
2026-02-12T11:15:00+00:00,1673.64
2026-02-12T11:30:00+00:00,1679.84
2026-02-12T11:45:00+00:00,1655.68
2026-02-12T12:00:00+00:00,1703.92
2026-02-12T12:15:00+00:00,1659.56
2026-02-12T12:30:00+00:00,1686.32
2026-02-12T12:45:00+00:00,1669.2
2026-02-12T13:00:00+00:00,1678.0
2026-02-12T13:15:00+00:00,3379.52
2026-02-12T13:30:00+00:00,4975.12
2026-02-12T13:45:00+00:00,6472.2
2026-02-12T14:00:00+00:00,7775.4
2026-02-12T14:15:00+00:00,8837.2
2026-02-12T14:30:00+00:00,9678.0
2026-02-12T14:45:00+00:00,10287.8
2026-02-12T15:00:00+00:00,10340.12
2026-02-12T15:15:00+00:00,10200.44
2026-02-12T15:30:00+00:00,9713.64
2026-02-12T15:45:00+00:00,8763.84
2026-02-12T16:00:00+00:00,7838.8
2026-02-12T16:15:00+00:00,6538.92
2026-02-12T16:30:00+00:00,4985.08
2026-02-12T16:45:00+00:00,3375.36
2026-02-12T17:00:00+00:00,1405.24
2026-02-12T17:15:00+00:00,2284.56
2026-02-12T17:30:00+00:00,3210.04
2026-02-12T17:45:00+00:00,4001.04
2026-02-12T18:00:00+00:00,4836.84
2026-02-12T18:15:00+00:00,5552.6
2026-02-12T18:30:00+00:00,6195.88
2026-02-12T18:45:00+00:00,6767.04
2026-02-12T19:00:00+00:00,7331.04
2026-02-12T19:15:00+00:00,7767.36
2026-02-12T19:30:00+00:00,8160.64
2026-02-12T19:45:00+00:00,8121.92
2026-02-12T20:00:00+00:00,8353.68
2026-02-12T20:15:00+00:00,8208.6
2026-02-12T20:30:00+00:00,7990.04
2026-02-12T20:45:00+00:00,7664.4
2026-02-12T21:00:00+00:00,7225.36
2026-02-12T21:15:00+00:00,8125.92
2026-02-12T21:30:00+00:00,9028.2
2026-02-12T21:45:00+00:00,9478.76
2026-02-12T22:00:00+00:00,10047.04
2026-02-12T22:15:00+00:00,10147.64
2026-02-12T22:30:00+00:00,9877.6
2026-02-12T22:45:00+00:00,9415.28
2026-02-12T23:00:00+00:00,8635.84
2026-02-12T23:15:00+00:00,8454.88
2026-02-12T23:30:00+00:00,8082.56
2026-02-12T23:45:00+00:00,7442.28
2026-02-13T00:00:00+00:00,6498.04
2026-02-13T00:15:00+00:00,5453.48
2026-02-13T00:30:00+00:00,4155.84
2026-02-13T00:45:00+00:00,2882.56
2026-02-13T01:00:00+00:00,1398.36
2026-02-13T01:15:00+00:00,1412.44
2026-02-13T01:30:00+00:00,1381.28
2026-02-13T01:45:00+00:00,1423.28
2026-02-13T02:00:00+00:00,1401.28
2026-02-13T02:15:00+00:00,1401.4
2026-02-13T02:30:00+00:00,1408.56
2026-02-13T02:45:00+00:00,1401.32
2026-02-13T03:00:00+00:00,1403.92
2026-02-13T03:15:00+00:00,1391.92
2026-02-13T03:30:00+00:00,1414.28
2026-02-13T03:45:00+00:00,1403.56
2026-02-13T04:00:00+00:00,1410.64
2026-02-13T04:15:00+00:00,1413.24
2026-02-13T04:30:00+00:00,1403.92
2026-02-13T04:45:00+00:00,1405.08
2026-02-13T05:00:00+00:00,1393.28
2026-02-13T05:15:00+00:00,3716.72
2026-02-13T05:30:00+00:00,5950.4
2026-02-13T05:45:00+00:00,8039.72
2026-02-13T06:00:00+00:00,9939.16
2026-02-13T06:15:00+00:00,11633.64
2026-02-13T06:30:00+00:00,12875.44
2026-02-13T06:45:00+00:00,13881.84
2026-02-13T07:00:00+00:00,14458.4
2026-02-13T07:15:00+00:00,15019.04
2026-02-13T07:30:00+00:00,14746.64
2026-02-13T07:45:00+00:00,14155.0
2026-02-13T08:00:00+00:00,15768.12
2026-02-13T08:15:00+00:00,14255.48
2026-02-13T08:30:00+00:00,13039.52
2026-02-13T08:45:00+00:00,10935.04
2026-02-13T09:00:00+00:00,8713.08
2026-02-13T09:15:00+00:00,8089.12
2026-02-13T09:30:00+00:00,7439.48
2026-02-13T09:45:00+00:00,6616.0
2026-02-13T10:00:00+00:00,5749.88
2026-02-13T10:15:00+00:00,4757.04
2026-02-13T10:30:00+00:00,3760.24
2026-02-13T10:45:00+00:00,2752.92
2026-02-13T11:00:00+00:00,1660.88
2026-02-13T11:15:00+00:00,1693.52
2026-02-13T11:30:00+00:00,1663.52
2026-02-13T11:45:00+00:00,1662.4
2026-02-13T12:00:00+00:00,1684.36
2026-02-13T12:15:00+00:00,1683.0
2026-02-13T12:30:00+00:00,1672.24
2026-02-13T12:45:00+00:00,1680.84
2026-02-13T13:00:00+00:00,1676.36
2026-02-13T13:15:00+00:00,3316.88
2026-02-13T13:30:00+00:00,4972.52
2026-02-13T13:45:00+00:00,6546.44
2026-02-13T14:00:00+00:00,7785.48
2026-02-13T14:15:00+00:00,8840.92
2026-02-13T14:30:00+00:00,9709.52
2026-02-13T14:45:00+00:00,10221.76
2026-02-13T15:00:00+00:00,10309.52
2026-02-13T15:15:00+00:00,10091.56
2026-02-13T15:30:00+00:00,9662.0
2026-02-13T15:45:00+00:00,8950.08
2026-02-13T16:00:00+00:00,7742.76
2026-02-13T16:15:00+00:00,6502.76
2026-02-13T16:30:00+00:00,4955.0
2026-02-13T16:45:00+00:00,3395.36
2026-02-13T17:00:00+00:00,1380.0
2026-02-13T17:15:00+00:00,2312.0
2026-02-13T17:30:00+00:00,3112.2
2026-02-13T17:45:00+00:00,3999.84
2026-02-13T18:00:00+00:00,4844.52
2026-02-13T18:15:00+00:00,5548.84
2026-02-13T18:30:00+00:00,6212.84
2026-02-13T18:45:00+00:00,6827.32
2026-02-13T19:00:00+00:00,7423.32
2026-02-13T19:15:00+00:00,7731.72
2026-02-13T19:30:00+00:00,8064.12
2026-02-13T19:45:00+00:00,8232.32
2026-02-13T20:00:00+00:00,8208.6
2026-02-13T20:15:00+00:00,8291.16
2026-02-13T20:30:00+00:00,7851.36
2026-02-13T20:45:00+00:00,7813.6
2026-02-13T21:00:00+00:00,7332.4
2026-02-13T21:15:00+00:00,8281.16
2026-02-13T21:30:00+00:00,9122.68
2026-02-13T21:45:00+00:00,9645.4
2026-02-13T22:00:00+00:00,9914.84
2026-02-13T22:15:00+00:00,10075.36
2026-02-13T22:30:00+00:00,9888.96
2026-02-13T22:45:00+00:00,9462.8
2026-02-13T23:00:00+00:00,8571.32
2026-02-13T23:15:00+00:00,8607.72
2026-02-13T23:30:00+00:00,8136.48
2026-02-13T23:45:00+00:00,7400.6
2026-02-14T00:00:00+00:00,6542.92
2026-02-14T00:15:00+00:00,5399.08
2026-02-14T00:30:00+00:00,4194.76
2026-02-14T00:45:00+00:00,2824.04
2026-02-14T01:00:00+00:00,1422.4
2026-02-14T01:15:00+00:00,1398.08
2026-02-14T01:30:00+00:00,1403.52
2026-02-14T01:45:00+00:00,1423.12
2026-02-14T02:00:00+00:00,1387.52
2026-02-14T02:15:00+00:00,1408.48
2026-02-14T02:30:00+00:00,1418.4
2026-02-14T02:45:00+00:00,1426.6
2026-02-14T03:00:00+00:00,1415.32
2026-02-14T03:15:00+00:00,1392.68
2026-02-14T03:30:00+00:00,1415.16
2026-02-14T03:45:00+00:00,1415.72
2026-02-14T04:00:00+00:00,1410.84
2026-02-14T04:15:00+00:00,1406.96
2026-02-14T04:30:00+00:00,1409.16
2026-02-14T04:45:00+00:00,1401.68
2026-02-14T05:00:00+00:00,1427.92
2026-02-14T05:15:00+00:00,3668.8
2026-02-14T05:30:00+00:00,5968.16
2026-02-14T05:45:00+00:00,7915.48
2026-02-14T06:00:00+00:00,10069.16
2026-02-14T06:15:00+00:00,11503.48
2026-02-14T06:30:00+00:00,12866.72
2026-02-14T06:45:00+00:00,13878.24
2026-02-14T07:00:00+00:00,14618.56
2026-02-14T07:15:00+00:00,15066.84
2026-02-14T07:30:00+00:00,14864.28
2026-02-14T07:45:00+00:00,14390.44
2026-02-14T08:00:00+00:00,13500.52
2026-02-14T08:15:00+00:00,12283.52
2026-02-14T08:30:00+00:00,10793.96
2026-02-14T08:45:00+00:00,9222.92
2026-02-14T09:00:00+00:00,7306.08
2026-02-14T09:15:00+00:00,6819.28
2026-02-14T09:30:00+00:00,6301.12
2026-02-14T09:45:00+00:00,5579.2
2026-02-14T10:00:00+00:00,4828.72
2026-02-14T10:15:00+00:00,4043.56
2026-02-14T10:30:00+00:00,3149.44
2026-02-14T10:45:00+00:00,2280.24
2026-02-14T11:00:00+00:00,1424.44
2026-02-14T11:15:00+00:00,1400.68
2026-02-14T11:30:00+00:00,1417.16
2026-02-14T11:45:00+00:00,1403.48
2026-02-14T12:00:00+00:00,1412.0
2026-02-14T12:15:00+00:00,1399.28
2026-02-14T12:30:00+00:00,1419.48
2026-02-14T12:45:00+00:00,1390.64
2026-02-14T13:00:00+00:00,1408.56
2026-02-14T13:15:00+00:00,2856.24
2026-02-14T13:30:00+00:00,4176.44
2026-02-14T13:45:00+00:00,5421.04
2026-02-14T14:00:00+00:00,6542.12
2026-02-14T14:15:00+00:00,7448.36
2026-02-14T14:30:00+00:00,8135.0
2026-02-14T14:45:00+00:00,8440.0
2026-02-14T15:00:00+00:00,8810.4
2026-02-14T15:15:00+00:00,8468.76
2026-02-14T15:30:00+00:00,8161.08
2026-02-14T15:45:00+00:00,7344.28
2026-02-14T16:00:00+00:00,6586.84
2026-02-14T16:15:00+00:00,5494.76
2026-02-14T16:30:00+00:00,4156.16
2026-02-14T16:45:00+00:00,2819.64
2026-02-14T17:00:00+00:00,1413.28
2026-02-14T17:15:00+00:00,2278.08
2026-02-14T17:30:00+00:00,3180.0
2026-02-14T17:45:00+00:00,4048.24
2026-02-14T18:00:00+00:00,4857.64
2026-02-14T18:15:00+00:00,5447.8
2026-02-14T18:30:00+00:00,6240.6
2026-02-14T18:45:00+00:00,6766.12
2026-02-14T19:00:00+00:00,7369.48
2026-02-14T19:15:00+00:00,7685.88
2026-02-14T19:30:00+00:00,7904.8
2026-02-14T19:45:00+00:00,8249.68
2026-02-14T20:00:00+00:00,8201.0
2026-02-14T20:15:00+00:00,8185.76
2026-02-14T20:30:00+00:00,8082.04
2026-02-14T20:45:00+00:00,7677.08
2026-02-14T21:00:00+00:00,7315.08
2026-02-14T21:15:00+00:00,8215.56
2026-02-14T21:30:00+00:00,9138.68
2026-02-14T21:45:00+00:00,9530.36
2026-02-14T22:00:00+00:00,9904.96
2026-02-14T22:15:00+00:00,10096.56
2026-02-14T22:30:00+00:00,9859.48
2026-02-14T22:45:00+00:00,9397.4
2026-02-14T23:00:00+00:00,8595.64
2026-02-14T23:15:00+00:00,8428.68
2026-02-14T23:30:00+00:00,8173.56
2026-02-14T23:45:00+00:00,7381.36
2026-02-15T00:00:00+00:00,6557.32
2026-02-15T00:15:00+00:00,5337.8
2026-02-15T00:30:00+00:00,4175.68
2026-02-15T00:45:00+00:00,2791.96
2026-02-15T01:00:00+00:00,1417.64
2026-02-15T01:15:00+00:00,1419.6
2026-02-15T01:30:00+00:00,1398.08
2026-02-15T01:45:00+00:00,1398.08
2026-02-15T02:00:00+00:00,1399.84
2026-02-15T02:15:00+00:00,1421.28
2026-02-15T02:30:00+00:00,1411.2
2026-02-15T02:45:00+00:00,1399.88
2026-02-15T03:00:00+00:00,1418.4
2026-02-15T03:15:00+00:00,1413.6
2026-02-15T03:30:00+00:00,1414.88
2026-02-15T03:45:00+00:00,1425.64
2026-02-15T04:00:00+00:00,1385.52
2026-02-15T04:15:00+00:00,1407.4
2026-02-15T04:30:00+00:00,1410.84
2026-02-15T04:45:00+00:00,1390.44
2026-02-15T05:00:00+00:00,1404.8
2026-02-15T05:15:00+00:00,3721.56
2026-02-15T05:30:00+00:00,5941.52
2026-02-15T05:45:00+00:00,8085.68
2026-02-15T06:00:00+00:00,9928.24
2026-02-15T06:15:00+00:00,11600.56
2026-02-15T06:30:00+00:00,12988.32
2026-02-15T06:45:00+00:00,13894.2
2026-02-15T07:00:00+00:00,14582.2
2026-02-15T07:15:00+00:00,14674.2
2026-02-15T07:30:00+00:00,14651.52
2026-02-15T07:45:00+00:00,14386.16
2026-02-15T08:00:00+00:00,13339.84
2026-02-15T08:15:00+00:00,12210.48
2026-02-15T08:30:00+00:00,10707.0
2026-02-15T08:45:00+00:00,9121.48
2026-02-15T09:00:00+00:00,7284.64
2026-02-15T09:15:00+00:00,6797.6
2026-02-15T09:30:00+00:00,6203.16
2026-02-15T09:45:00+00:00,5548.4
2026-02-15T10:00:00+00:00,4920.92
2026-02-15T10:15:00+00:00,4012.76
2026-02-15T10:30:00+00:00,3182.32
2026-02-15T10:45:00+00:00,2300.64
2026-02-15T11:00:00+00:00,1420.36
2026-02-15T11:15:00+00:00,1405.28
2026-02-15T11:30:00+00:00,1424.52
2026-02-15T11:45:00+00:00,1401.12
2026-02-15T12:00:00+00:00,1409.76
2026-02-15T12:15:00+00:00,1417.08
2026-02-15T12:30:00+00:00,1416.8
2026-02-15T12:45:00+00:00,1407.44
2026-02-15T13:00:00+00:00,1417.0
2026-02-15T13:15:00+00:00,2812.76
2026-02-15T13:30:00+00:00,4172.32
2026-02-15T13:45:00+00:00,5355.16
2026-02-15T14:00:00+00:00,6449.44
2026-02-15T14:15:00+00:00,7304.04
2026-02-15T14:30:00+00:00,7967.28
2026-02-15T14:45:00+00:00,8583.48
2026-02-15T15:00:00+00:00,8481.32
2026-02-15T15:15:00+00:00,8439.2
2026-02-15T15:30:00+00:00,8072.88
2026-02-15T15:45:00+00:00,7412.08
2026-02-15T16:00:00+00:00,6472.4
2026-02-15T16:15:00+00:00,5425.28
2026-02-15T16:30:00+00:00,4186.16
2026-02-15T16:45:00+00:00,2827.8
2026-02-15T17:00:00+00:00,1383.2
2026-02-15T17:15:00+00:00,2317.76
2026-02-15T17:30:00+00:00,3172.56
2026-02-15T17:45:00+00:00,4010.52
2026-02-15T18:00:00+00:00,4831.6
2026-02-15T18:15:00+00:00,5604.84
2026-02-15T18:30:00+00:00,6151.64
2026-02-15T18:45:00+00:00,6840.76
2026-02-15T19:00:00+00:00,7344.8
2026-02-15T19:15:00+00:00,7689.92
2026-02-15T19:30:00+00:00,7986.08
2026-02-15T19:45:00+00:00,8253.28
2026-02-15T20:00:00+00:00,8243.6
2026-02-15T20:15:00+00:00,8196.0
2026-02-15T20:30:00+00:00,7970.56
2026-02-15T20:45:00+00:00,7740.08
2026-02-15T21:00:00+00:00,7324.0
2026-02-15T21:15:00+00:00,8287.64
2026-02-15T21:30:00+00:00,8930.6
2026-02-15T21:45:00+00:00,9626.28
2026-02-15T22:00:00+00:00,10005.84
2026-02-15T22:15:00+00:00,10052.04
2026-02-15T22:30:00+00:00,9830.88
2026-02-15T22:45:00+00:00,9400.92
2026-02-15T23:00:00+00:00,8583.04
2026-02-15T23:15:00+00:00,8570.04
2026-02-15T23:30:00+00:00,8192.48
2026-02-15T23:45:00+00:00,7433.4
2026-02-16T00:00:00+00:00,6513.0
2026-02-16T00:15:00+00:00,5456.8
2026-02-16T00:30:00+00:00,4146.84
2026-02-16T00:45:00+00:00,2830.96
2026-02-16T01:00:00+00:00,1402.96
2026-02-16T01:15:00+00:00,1407.92
2026-02-16T01:30:00+00:00,1387.08
2026-02-16T01:45:00+00:00,1405.56
2026-02-16T02:00:00+00:00,1422.64
2026-02-16T02:15:00+00:00,1403.68
2026-02-16T02:30:00+00:00,1401.84
2026-02-16T02:45:00+00:00,1406.16
2026-02-16T03:00:00+00:00,1398.92
2026-02-16T03:15:00+00:00,1383.44
2026-02-16T03:30:00+00:00,1398.0
2026-02-16T03:45:00+00:00,1415.48
2026-02-16T04:00:00+00:00,1424.44
2026-02-16T04:15:00+00:00,1411.24
2026-02-16T04:30:00+00:00,1419.48
2026-02-16T04:45:00+00:00,1427.76
2026-02-16T05:00:00+00:00,1399.32
2026-02-16T05:15:00+00:00,3735.12
2026-02-16T05:30:00+00:00,5933.4
2026-02-16T05:45:00+00:00,8100.84
2026-02-16T06:00:00+00:00,9847.36
2026-02-16T06:15:00+00:00,11590.84
2026-02-16T06:30:00+00:00,12992.4
2026-02-16T06:45:00+00:00,14030.84
2026-02-16T07:00:00+00:00,14614.36
2026-02-16T07:15:00+00:00,14682.56
2026-02-16T07:30:00+00:00,14813.12
2026-02-16T07:45:00+00:00,14071.76
2026-02-16T08:00:00+00:00,16058.44
2026-02-16T08:15:00+00:00,14619.96
2026-02-16T08:30:00+00:00,12652.12
2026-02-16T08:45:00+00:00,11029.92
2026-02-16T09:00:00+00:00,8772.12
2026-02-16T09:15:00+00:00,8124.64
2026-02-16T09:30:00+00:00,7384.92
2026-02-16T09:45:00+00:00,6699.96
2026-02-16T10:00:00+00:00,5744.64
2026-02-16T10:15:00+00:00,4797.28
2026-02-16T10:30:00+00:00,3826.08
2026-02-16T10:45:00+00:00,2752.12
2026-02-16T11:00:00+00:00,1682.16
2026-02-16T11:15:00+00:00,1666.36
2026-02-16T11:30:00+00:00,1681.72
2026-02-16T11:45:00+00:00,1676.84
2026-02-16T12:00:00+00:00,1667.6
2026-02-16T12:15:00+00:00,1675.6
2026-02-16T12:30:00+00:00,1673.08
2026-02-16T12:45:00+00:00,1684.24
2026-02-16T13:00:00+00:00,1690.12
2026-02-16T13:15:00+00:00,3372.32
2026-02-16T13:30:00+00:00,4950.96
2026-02-16T13:45:00+00:00,6509.48
2026-02-16T14:00:00+00:00,7774.4
2026-02-16T14:15:00+00:00,8885.32
2026-02-16T14:30:00+00:00,9613.24
2026-02-16T14:45:00+00:00,10272.76
2026-02-16T15:00:00+00:00,10293.56
2026-02-16T15:15:00+00:00,10089.48
2026-02-16T15:30:00+00:00,9694.92
2026-02-16T15:45:00+00:00,8995.16
2026-02-16T16:00:00+00:00,7839.48
2026-02-16T16:15:00+00:00,6567.32
2026-02-16T16:30:00+00:00,4968.04
2026-02-16T16:45:00+00:00,3319.52
2026-02-16T17:00:00+00:00,1405.84
2026-02-16T17:15:00+00:00,2276.48
2026-02-16T17:30:00+00:00,3182.48
2026-02-16T17:45:00+00:00,4057.48
2026-02-16T18:00:00+00:00,4887.4
2026-02-16T18:15:00+00:00,5478.96
2026-02-16T18:30:00+00:00,6142.96
2026-02-16T18:45:00+00:00,6703.64
2026-02-16T19:00:00+00:00,7221.32
2026-02-16T19:15:00+00:00,7650.08
2026-02-16T19:30:00+00:00,7945.92
2026-02-16T19:45:00+00:00,8159.88
2026-02-16T20:00:00+00:00,8213.96
2026-02-16T20:15:00+00:00,8147.08
2026-02-16T20:30:00+00:00,7995.08
2026-02-16T20:45:00+00:00,7651.28
2026-02-16T21:00:00+00:00,7373.8
2026-02-16T21:15:00+00:00,8246.52
2026-02-16T21:30:00+00:00,8932.16
2026-02-16T21:45:00+00:00,9561.32
2026-02-16T22:00:00+00:00,9888.0
2026-02-16T22:15:00+00:00,10131.0
2026-02-16T22:30:00+00:00,9911.72
2026-02-16T22:45:00+00:00,9379.88
2026-02-16T23:00:00+00:00,8763.48
2026-02-16T23:15:00+00:00,8627.24
2026-02-16T23:30:00+00:00,8077.4
2026-02-16T23:45:00+00:00,7371.64
2026-02-17T00:00:00+00:00,6492.72
2026-02-17T00:15:00+00:00,5508.56
2026-02-17T00:30:00+00:00,4128.48
2026-02-17T00:45:00+00:00,2776.88
2026-02-17T01:00:00+00:00,1406.24
2026-02-17T01:15:00+00:00,1402.52
2026-02-17T01:30:00+00:00,1421.6
2026-02-17T01:45:00+00:00,1420.04
2026-02-17T02:00:00+00:00,1388.76
2026-02-17T02:15:00+00:00,1392.88
2026-02-17T02:30:00+00:00,1412.04
2026-02-17T02:45:00+00:00,1409.16
2026-02-17T03:00:00+00:00,1410.96
2026-02-17T03:15:00+00:00,1402.32
2026-02-17T03:30:00+00:00,1388.88
2026-02-17T03:45:00+00:00,1399.08
2026-02-17T04:00:00+00:00,1400.68
2026-02-17T04:15:00+00:00,1398.24
2026-02-17T04:30:00+00:00,1407.4
2026-02-17T04:45:00+00:00,1406.28
2026-02-17T05:00:00+00:00,1395.48
2026-02-17T05:15:00+00:00,3711.84
2026-02-17T05:30:00+00:00,6007.2
2026-02-17T05:45:00+00:00,8054.04
2026-02-17T06:00:00+00:00,10021.36
2026-02-17T06:15:00+00:00,11451.04
2026-02-17T06:30:00+00:00,12854.64
2026-02-17T06:45:00+00:00,13852.32
2026-02-17T07:00:00+00:00,14615.24
2026-02-17T07:15:00+00:00,14752.6
2026-02-17T07:30:00+00:00,14750.96
2026-02-17T07:45:00+00:00,14109.92
2026-02-17T08:00:00+00:00,15834.6
2026-02-17T08:15:00+00:00,14519.64
2026-02-17T08:30:00+00:00,12841.12
2026-02-17T08:45:00+00:00,10879.64
2026-02-17T09:00:00+00:00,8769.36
2026-02-17T09:15:00+00:00,8268.76
2026-02-17T09:30:00+00:00,7455.68
2026-02-17T09:45:00+00:00,6640.36
2026-02-17T10:00:00+00:00,5772.48
2026-02-17T10:15:00+00:00,4746.76
2026-02-17T10:30:00+00:00,3729.32
2026-02-17T10:45:00+00:00,2767.0
2026-02-17T11:00:00+00:00,1666.6
2026-02-17T11:15:00+00:00,1660.28
2026-02-17T11:30:00+00:00,1672.72
2026-02-17T11:45:00+00:00,1681.08
2026-02-17T12:00:00+00:00,1657.84
2026-02-17T12:15:00+00:00,1680.56
2026-02-17T12:30:00+00:00,1683.88
2026-02-17T12:45:00+00:00,1663.56
2026-02-17T13:00:00+00:00,1690.2
2026-02-17T13:15:00+00:00,3381.64
2026-02-17T13:30:00+00:00,4995.96
2026-02-17T13:45:00+00:00,6552.44
2026-02-17T14:00:00+00:00,7742.0
2026-02-17T14:15:00+00:00,8854.84
2026-02-17T14:30:00+00:00,9469.92
2026-02-17T14:45:00+00:00,10315.0
2026-02-17T15:00:00+00:00,10354.8
2026-02-17T15:15:00+00:00,10089.48
2026-02-17T15:30:00+00:00,9613.24
2026-02-17T15:45:00+00:00,8905.12
2026-02-17T16:00:00+00:00,7843.68
2026-02-17T16:15:00+00:00,6538.48
2026-02-17T16:30:00+00:00,4920.72
2026-02-17T16:45:00+00:00,3407.16
2026-02-17T17:00:00+00:00,1407.88
2026-02-17T17:15:00+00:00,2303.64
2026-02-17T17:30:00+00:00,3164.32
2026-02-17T17:45:00+00:00,4071.88
2026-02-17T18:00:00+00:00,4781.64
2026-02-17T18:15:00+00:00,5579.16
2026-02-17T18:30:00+00:00,6305.32
2026-02-17T18:45:00+00:00,6885.16
2026-02-17T19:00:00+00:00,7257.84
2026-02-17T19:15:00+00:00,7786.68
2026-02-17T19:30:00+00:00,7986.68
2026-02-17T19:45:00+00:00,8126.28
2026-02-17T20:00:00+00:00,8276.92
2026-02-17T20:15:00+00:00,8156.12
2026-02-17T20:30:00+00:00,8029.56
2026-02-17T20:45:00+00:00,7721.12
2026-02-17T21:00:00+00:00,7251.88
2026-02-17T21:15:00+00:00,8235.24
2026-02-17T21:30:00+00:00,9113.96
2026-02-17T21:45:00+00:00,9576.36
2026-02-17T22:00:00+00:00,9883.92
2026-02-17T22:15:00+00:00,10135.12
2026-02-17T22:30:00+00:00,9859.4
2026-02-17T22:45:00+00:00,9406.68
2026-02-17T23:00:00+00:00,8594.24
2026-02-17T23:15:00+00:00,8464.0
2026-02-17T23:30:00+00:00,8209.92
2026-02-17T23:45:00+00:00,7414.64
2026-02-18T00:00:00+00:00,6484.0
2026-02-18T00:15:00+00:00,5509.44
2026-02-18T00:30:00+00:00,4141.8
2026-02-18T00:45:00+00:00,2804.68
2026-02-18T01:00:00+00:00,1424.88
2026-02-18T01:15:00+00:00,1397.12
2026-02-18T01:30:00+00:00,1394.56
2026-02-18T01:45:00+00:00,1410.76
2026-02-18T02:00:00+00:00,1422.0
2026-02-18T02:15:00+00:00,1386.92
2026-02-18T02:30:00+00:00,1406.2
2026-02-18T02:45:00+00:00,1413.0
2026-02-18T03:00:00+00:00,1408.08
2026-02-18T03:15:00+00:00,1398.76
2026-02-18T03:30:00+00:00,1406.72
2026-02-18T03:45:00+00:00,1405.0
2026-02-18T04:00:00+00:00,1406.92
2026-02-18T04:15:00+00:00,1414.04
2026-02-18T04:30:00+00:00,1390.28
2026-02-18T04:45:00+00:00,1417.8
2026-02-18T05:00:00+00:00,1406.24
2026-02-18T05:15:00+00:00,3740.2
2026-02-18T05:30:00+00:00,5976.48
2026-02-18T05:45:00+00:00,8125.44
2026-02-18T06:00:00+00:00,9995.48
2026-02-18T06:15:00+00:00,11592.2
2026-02-18T06:30:00+00:00,12696.4
2026-02-18T06:45:00+00:00,13909.96
2026-02-18T07:00:00+00:00,14502.08
2026-02-18T07:15:00+00:00,14680.16
2026-02-18T07:30:00+00:00,14823.88
2026-02-18T07:45:00+00:00,14228.64
2026-02-18T08:00:00+00:00,15765.48
2026-02-18T08:15:00+00:00,14517.92
2026-02-18T08:30:00+00:00,12912.04
2026-02-18T08:45:00+00:00,10910.36
2026-02-18T09:00:00+00:00,8739.28
2026-02-18T09:15:00+00:00,8115.28
2026-02-18T09:30:00+00:00,7399.56
2026-02-18T09:45:00+00:00,6608.0
2026-02-18T10:00:00+00:00,5686.28
2026-02-18T10:15:00+00:00,4845.88
2026-02-18T10:30:00+00:00,3827.72
2026-02-18T10:45:00+00:00,2769.84
2026-02-18T11:00:00+00:00,1671.16
2026-02-18T11:15:00+00:00,1662.6
2026-02-18T11:30:00+00:00,1670.04
2026-02-18T11:45:00+00:00,1650.6
2026-02-18T12:00:00+00:00,1682.64
2026-02-18T12:15:00+00:00,1662.72
2026-02-18T12:30:00+00:00,1691.6
2026-02-18T12:45:00+00:00,1688.28
2026-02-18T13:00:00+00:00,1672.72
2026-02-18T13:15:00+00:00,3413.08
2026-02-18T13:30:00+00:00,4943.96
2026-02-18T13:45:00+00:00,6427.76
2026-02-18T14:00:00+00:00,7659.28
2026-02-18T14:15:00+00:00,8702.56
2026-02-18T14:30:00+00:00,9677.12
2026-02-18T14:45:00+00:00,10185.12
2026-02-18T15:00:00+00:00,10302.24
2026-02-18T15:15:00+00:00,10148.56
2026-02-18T15:30:00+00:00,9583.12
2026-02-18T15:45:00+00:00,8806.04
2026-02-18T16:00:00+00:00,7756.52
2026-02-18T16:15:00+00:00,6455.76
2026-02-18T16:30:00+00:00,4940.68
2026-02-18T16:45:00+00:00,3382.24
2026-02-18T17:00:00+00:00,1417.24
2026-02-18T17:15:00+00:00,2291.2
2026-02-18T17:30:00+00:00,3169.32
2026-02-18T17:45:00+00:00,4021.52
2026-02-18T18:00:00+00:00,4787.56
2026-02-18T18:15:00+00:00,5629.28
2026-02-18T18:30:00+00:00,6285.52
2026-02-18T18:45:00+00:00,6794.16
2026-02-18T19:00:00+00:00,7315.68
2026-02-18T19:15:00+00:00,7655.48
2026-02-18T19:30:00+00:00,8002.8
2026-02-18T19:45:00+00:00,8147.72
2026-02-18T20:00:00+00:00,8093.0
2026-02-18T20:15:00+00:00,8115.44
2026-02-18T20:30:00+00:00,7899.68
2026-02-18T20:45:00+00:00,7800.2
2026-02-18T21:00:00+00:00,7336.24
2026-02-18T21:15:00+00:00,8213.84
2026-02-18T21:30:00+00:00,8843.2
2026-02-18T21:45:00+00:00,9570.68
2026-02-18T22:00:00+00:00,9827.56
2026-02-18T22:15:00+00:00,10048.16
2026-02-18T22:30:00+00:00,9840.44
2026-02-18T22:45:00+00:00,9383.12
2026-02-18T23:00:00+00:00,8631.88
2026-02-18T23:15:00+00:00,8565.68
2026-02-18T23:30:00+00:00,8166.6
2026-02-18T23:45:00+00:00,7367.96
2026-02-19T00:00:00+00:00,6431.08
2026-02-19T00:15:00+00:00,5404.6
2026-02-19T00:30:00+00:00,4195.68
2026-02-19T00:45:00+00:00,2839.8
2026-02-19T01:00:00+00:00,1416.4
2026-02-19T01:15:00+00:00,1418.2
2026-02-19T01:30:00+00:00,1405.36
2026-02-19T01:45:00+00:00,1398.64
2026-02-19T02:00:00+00:00,1408.16
2026-02-19T02:15:00+00:00,1409.12
2026-02-19T02:30:00+00:00,1422.84
2026-02-19T02:45:00+00:00,1415.88
2026-02-19T03:00:00+00:00,1413.32
2026-02-19T03:15:00+00:00,1412.64
2026-02-19T03:30:00+00:00,1388.2
2026-02-19T03:45:00+00:00,1427.84
2026-02-19T04:00:00+00:00,1416.8
2026-02-19T04:15:00+00:00,1419.52
2026-02-19T04:30:00+00:00,1381.8
2026-02-19T04:45:00+00:00,1401.88
2026-02-19T05:00:00+00:00,1402.08
2026-02-19T05:15:00+00:00,3782.4
2026-02-19T05:30:00+00:00,5988.12
2026-02-19T05:45:00+00:00,7958.16
2026-02-19T06:00:00+00:00,9993.72
2026-02-19T06:15:00+00:00,11681.48
2026-02-19T06:30:00+00:00,12944.96
2026-02-19T06:45:00+00:00,13957.16
2026-02-19T07:00:00+00:00,14621.28
2026-02-19T07:15:00+00:00,14848.64
2026-02-19T07:30:00+00:00,14722.64
2026-02-19T07:45:00+00:00,14371.84
2026-02-19T08:00:00+00:00,16003.16
2026-02-19T08:15:00+00:00,14296.12
2026-02-19T08:30:00+00:00,12820.72
2026-02-19T08:45:00+00:00,11076.72
2026-02-19T09:00:00+00:00,8844.92
2026-02-19T09:15:00+00:00,8274.44
2026-02-19T09:30:00+00:00,7449.64
2026-02-19T09:45:00+00:00,6611.12
2026-02-19T10:00:00+00:00,5777.64
2026-02-19T10:15:00+00:00,4804.04
2026-02-19T10:30:00+00:00,3730.12
2026-02-19T10:45:00+00:00,2763.04
2026-02-19T11:00:00+00:00,1672.32
2026-02-19T11:15:00+00:00,1706.2
2026-02-19T11:30:00+00:00,1659.08
2026-02-19T11:45:00+00:00,1659.84
2026-02-19T12:00:00+00:00,1676.84
2026-02-19T12:15:00+00:00,1666.44
2026-02-19T12:30:00+00:00,1639.2
2026-02-19T12:45:00+00:00,1695.16
2026-02-19T13:00:00+00:00,1693.04
2026-02-19T13:15:00+00:00,3362.6
2026-02-19T13:30:00+00:00,4923.76
2026-02-19T13:45:00+00:00,6421.68
2026-02-19T14:00:00+00:00,7865.8
2026-02-19T14:15:00+00:00,8914.28
2026-02-19T14:30:00+00:00,9619.44
2026-02-19T14:45:00+00:00,10046.8
2026-02-19T15:00:00+00:00,10401.36
2026-02-19T15:15:00+00:00,10136.04
2026-02-19T15:30:00+00:00,9689.0
2026-02-19T15:45:00+00:00,9023.2
2026-02-19T16:00:00+00:00,7750.52
2026-02-19T16:15:00+00:00,6461.72
2026-02-19T16:30:00+00:00,5034.2
2026-02-19T16:45:00+00:00,3374.48
2026-02-19T17:00:00+00:00,1418.76
2026-02-19T17:15:00+00:00,2299.6
2026-02-19T17:30:00+00:00,3141.84
2026-02-19T17:45:00+00:00,4011.76
2026-02-19T18:00:00+00:00,4851.52
2026-02-19T18:15:00+00:00,5539.8
2026-02-19T18:30:00+00:00,6218.0
2026-02-19T18:45:00+00:00,6799.04
2026-02-19T19:00:00+00:00,7304.04
2026-02-19T19:15:00+00:00,7749.16
2026-02-19T19:30:00+00:00,8039.32
2026-02-19T19:45:00+00:00,8199.68
2026-02-19T20:00:00+00:00,8253.72
2026-02-19T20:15:00+00:00,8315.52
2026-02-19T20:30:00+00:00,8120.0
2026-02-19T20:45:00+00:00,7821.36
2026-02-19T21:00:00+00:00,7350.28
2026-02-19T21:15:00+00:00,8278.52
2026-02-19T21:30:00+00:00,9056.08
2026-02-19T21:45:00+00:00,9525.12
2026-02-19T22:00:00+00:00,10091.4
2026-02-19T22:15:00+00:00,10190.72
2026-02-19T22:30:00+00:00,9796.2
2026-02-19T22:45:00+00:00,9277.0
2026-02-19T23:00:00+00:00,8652.0
2026-02-19T23:15:00+00:00,8367.88
2026-02-19T23:30:00+00:00,8052.36
2026-02-19T23:45:00+00:00,7408.92
2026-02-20T00:00:00+00:00,6581.32
2026-02-20T00:15:00+00:00,5488.48
2026-02-20T00:30:00+00:00,4205.4
2026-02-20T00:45:00+00:00,2850.64
2026-02-20T01:00:00+00:00,1414.8
2026-02-20T01:15:00+00:00,1380.16
2026-02-20T01:30:00+00:00,1414.08
2026-02-20T01:45:00+00:00,1402.64
2026-02-20T02:00:00+00:00,1407.04
2026-02-20T02:15:00+00:00,1407.68
2026-02-20T02:30:00+00:00,1414.68
2026-02-20T02:45:00+00:00,1415.12
2026-02-20T03:00:00+00:00,1402.68
2026-02-20T03:15:00+00:00,1392.04
2026-02-20T03:30:00+00:00,1418.12
2026-02-20T03:45:00+00:00,1421.96
2026-02-20T04:00:00+00:00,1415.32
2026-02-20T04:15:00+00:00,1414.08
2026-02-20T04:30:00+00:00,1392.96
2026-02-20T04:45:00+00:00,1420.92
2026-02-20T05:00:00+00:00,1423.56
2026-02-20T05:15:00+00:00,3643.8
2026-02-20T05:30:00+00:00,5901.64
2026-02-20T05:45:00+00:00,8034.64
2026-02-20T06:00:00+00:00,9966.16
2026-02-20T06:15:00+00:00,11495.72
2026-02-20T06:30:00+00:00,13027.96
2026-02-20T06:45:00+00:00,14028.92
2026-02-20T07:00:00+00:00,14649.4
2026-02-20T07:15:00+00:00,15025.04
2026-02-20T07:30:00+00:00,14645.92
2026-02-20T07:45:00+00:00,14362.0
2026-02-20T08:00:00+00:00,15947.28
2026-02-20T08:15:00+00:00,14451.84
2026-02-20T08:30:00+00:00,12818.36
2026-02-20T08:45:00+00:00,10913.64
2026-02-20T09:00:00+00:00,8613.48
2026-02-20T09:15:00+00:00,8133.72
2026-02-20T09:30:00+00:00,7431.08
2026-02-20T09:45:00+00:00,6637.76
2026-02-20T10:00:00+00:00,5719.68
2026-02-20T10:15:00+00:00,4783.88
2026-02-20T10:30:00+00:00,3809.04
2026-02-20T10:45:00+00:00,2747.32
2026-02-20T11:00:00+00:00,1667.16
2026-02-20T11:15:00+00:00,1690.04
2026-02-20T11:30:00+00:00,1676.88
2026-02-20T11:45:00+00:00,1674.4
2026-02-20T12:00:00+00:00,1676.64
2026-02-20T12:15:00+00:00,1684.72
2026-02-20T12:30:00+00:00,1694.0
2026-02-20T12:45:00+00:00,1684.76
2026-02-20T13:00:00+00:00,1692.84
2026-02-20T13:15:00+00:00,3372.8
2026-02-20T13:30:00+00:00,5034.32
2026-02-20T13:45:00+00:00,6462.96
2026-02-20T14:00:00+00:00,7809.64
2026-02-20T14:15:00+00:00,8858.32
2026-02-20T14:30:00+00:00,9640.28
2026-02-20T14:45:00+00:00,10193.24
2026-02-20T15:00:00+00:00,10223.2
2026-02-20T15:15:00+00:00,10108.88
2026-02-20T15:30:00+00:00,9550.32
2026-02-20T15:45:00+00:00,8896.64
2026-02-20T16:00:00+00:00,7740.92
2026-02-20T16:15:00+00:00,6531.2
2026-02-20T16:30:00+00:00,4923.28
2026-02-20T16:45:00+00:00,3351.04
2026-02-20T17:00:00+00:00,1398.48
2026-02-20T17:15:00+00:00,2298.48
2026-02-20T17:30:00+00:00,3148.84
2026-02-20T17:45:00+00:00,4005.72
2026-02-20T18:00:00+00:00,4869.2
2026-02-20T18:15:00+00:00,5535.48
2026-02-20T18:30:00+00:00,6209.92
2026-02-20T18:45:00+00:00,6838.0
2026-02-20T19:00:00+00:00,7429.08
2026-02-20T19:15:00+00:00,7754.16
2026-02-20T19:30:00+00:00,7951.48
2026-02-20T19:45:00+00:00,8232.48
2026-02-20T20:00:00+00:00,8197.0
2026-02-20T20:15:00+00:00,8274.8
2026-02-20T20:30:00+00:00,8041.0
2026-02-20T20:45:00+00:00,7701.12
2026-02-20T21:00:00+00:00,7330.64
2026-02-20T21:15:00+00:00,8266.2
2026-02-20T21:30:00+00:00,9106.8
2026-02-20T21:45:00+00:00,9541.64
2026-02-20T22:00:00+00:00,9883.04
2026-02-20T22:15:00+00:00,9946.92
2026-02-20T22:30:00+00:00,9839.0
2026-02-20T22:45:00+00:00,9400.84
2026-02-20T23:00:00+00:00,8659.04
2026-02-20T23:15:00+00:00,8507.44
2026-02-20T23:30:00+00:00,8163.08
2026-02-20T23:45:00+00:00,7475.56
2026-02-21T00:00:00+00:00,6502.4
2026-02-21T00:15:00+00:00,5402.56
2026-02-21T00:30:00+00:00,4169.64
2026-02-21T00:45:00+00:00,2773.68
2026-02-21T01:00:00+00:00,1390.48
2026-02-21T01:15:00+00:00,1418.16
2026-02-21T01:30:00+00:00,1392.04
2026-02-21T01:45:00+00:00,1394.56
2026-02-21T02:00:00+00:00,1421.68
2026-02-21T02:15:00+00:00,1406.56
2026-02-21T02:30:00+00:00,1408.32
2026-02-21T02:45:00+00:00,1410.68
2026-02-21T03:00:00+00:00,1406.32
2026-02-21T03:15:00+00:00,1400.6
2026-02-21T03:30:00+00:00,1393.84
2026-02-21T03:45:00+00:00,1411.76
2026-02-21T04:00:00+00:00,1405.68
2026-02-21T04:15:00+00:00,1414.56
2026-02-21T04:30:00+00:00,1400.4
2026-02-21T04:45:00+00:00,1406.08
2026-02-21T05:00:00+00:00,1398.4
2026-02-21T05:15:00+00:00,3700.84
2026-02-21T05:30:00+00:00,6009.2
2026-02-21T05:45:00+00:00,8123.36
2026-02-21T06:00:00+00:00,9826.2
2026-02-21T06:15:00+00:00,11533.36
2026-02-21T06:30:00+00:00,12858.28
2026-02-21T06:45:00+00:00,14249.76
2026-02-21T07:00:00+00:00,14419.0
2026-02-21T07:15:00+00:00,14828.0
2026-02-21T07:30:00+00:00,14745.68
2026-02-21T07:45:00+00:00,14222.16
2026-02-21T08:00:00+00:00,13285.0
2026-02-21T08:15:00+00:00,12265.56
2026-02-21T08:30:00+00:00,10792.8
2026-02-21T08:45:00+00:00,9141.16
2026-02-21T09:00:00+00:00,7397.28
2026-02-21T09:15:00+00:00,6760.4
2026-02-21T09:30:00+00:00,6359.64
2026-02-21T09:45:00+00:00,5571.4
2026-02-21T10:00:00+00:00,4894.96
2026-02-21T10:15:00+00:00,3948.44
2026-02-21T10:30:00+00:00,3160.76
2026-02-21T10:45:00+00:00,2295.04
2026-02-21T11:00:00+00:00,1408.24
2026-02-21T11:15:00+00:00,1428.64
2026-02-21T11:30:00+00:00,1394.84
2026-02-21T11:45:00+00:00,1434.08
2026-02-21T12:00:00+00:00,1421.16
2026-02-21T12:15:00+00:00,1398.52
2026-02-21T12:30:00+00:00,1410.68
2026-02-21T12:45:00+00:00,1385.64
2026-02-21T13:00:00+00:00,1417.36
2026-02-21T13:15:00+00:00,2797.64
2026-02-21T13:30:00+00:00,4224.0
2026-02-21T13:45:00+00:00,5478.0
2026-02-21T14:00:00+00:00,6582.28
2026-02-21T14:15:00+00:00,7466.16
2026-02-21T14:30:00+00:00,8108.92
2026-02-21T14:45:00+00:00,8439.16
2026-02-21T15:00:00+00:00,8621.84
2026-02-21T15:15:00+00:00,8501.6
2026-02-21T15:30:00+00:00,8100.0
2026-02-21T15:45:00+00:00,7429.4
2026-02-21T16:00:00+00:00,6569.2
2026-02-21T16:15:00+00:00,5427.52
2026-02-21T16:30:00+00:00,4165.12
2026-02-21T16:45:00+00:00,2858.8
2026-02-21T17:00:00+00:00,1417.72
2026-02-21T17:15:00+00:00,2302.8
2026-02-21T17:30:00+00:00,3162.4
2026-02-21T17:45:00+00:00,3989.52
2026-02-21T18:00:00+00:00,4814.6
2026-02-21T18:15:00+00:00,5506.76
2026-02-21T18:30:00+00:00,6234.72
2026-02-21T18:45:00+00:00,6847.72
2026-02-21T19:00:00+00:00,7358.24
2026-02-21T19:15:00+00:00,7736.48
2026-02-21T19:30:00+00:00,8082.04
2026-02-21T19:45:00+00:00,8257.84
2026-02-21T20:00:00+00:00,8226.24
2026-02-21T20:15:00+00:00,8146.08
2026-02-21T20:30:00+00:00,8036.44
2026-02-21T20:45:00+00:00,7779.56
2026-02-21T21:00:00+00:00,7295.32
2026-02-21T21:15:00+00:00,8304.64
2026-02-21T21:30:00+00:00,9027.2
2026-02-21T21:45:00+00:00,9615.0
2026-02-21T22:00:00+00:00,9889.6
2026-02-21T22:15:00+00:00,9996.48
2026-02-21T22:30:00+00:00,9984.44
2026-02-21T22:45:00+00:00,9416.84
2026-02-21T23:00:00+00:00,8561.64
2026-02-21T23:15:00+00:00,8594.84
2026-02-21T23:30:00+00:00,8159.88
2026-02-21T23:45:00+00:00,7482.92
2026-02-22T00:00:00+00:00,6457.48
2026-02-22T00:15:00+00:00,5459.52
2026-02-22T00:30:00+00:00,4165.28
2026-02-22T00:45:00+00:00,2844.48
2026-02-22T01:00:00+00:00,1405.04
2026-02-22T01:15:00+00:00,1430.16
2026-02-22T01:30:00+00:00,1420.84
2026-02-22T01:45:00+00:00,1416.64
2026-02-22T02:00:00+00:00,1397.72
2026-02-22T02:15:00+00:00,1393.6
2026-02-22T02:30:00+00:00,1409.4
2026-02-22T02:45:00+00:00,1400.04
2026-02-22T03:00:00+00:00,1399.64
2026-02-22T03:15:00+00:00,1403.0
2026-02-22T03:30:00+00:00,1415.08
2026-02-22T03:45:00+00:00,1410.92
2026-02-22T04:00:00+00:00,1414.24
2026-02-22T04:15:00+00:00,1407.92
2026-02-22T04:30:00+00:00,1384.24
2026-02-22T04:45:00+00:00,1405.2
2026-02-22T05:00:00+00:00,1398.52
2026-02-22T05:15:00+00:00,3705.4
2026-02-22T05:30:00+00:00,5959.8
2026-02-22T05:45:00+00:00,8114.24
2026-02-22T06:00:00+00:00,9777.56
2026-02-22T06:15:00+00:00,11686.2
2026-02-22T06:30:00+00:00,12986.24
2026-02-22T06:45:00+00:00,13958.88
2026-02-22T07:00:00+00:00,14501.16
2026-02-22T07:15:00+00:00,14859.84
2026-02-22T07:30:00+00:00,14865.64
2026-02-22T07:45:00+00:00,13999.44
2026-02-22T08:00:00+00:00,13459.08
2026-02-22T08:15:00+00:00,12298.8
2026-02-22T08:30:00+00:00,10627.16
2026-02-22T08:45:00+00:00,9009.68
2026-02-22T09:00:00+00:00,7205.96
2026-02-22T09:15:00+00:00,6872.56
2026-02-22T09:30:00+00:00,6152.56
2026-02-22T09:45:00+00:00,5604.92
2026-02-22T10:00:00+00:00,4773.8
2026-02-22T10:15:00+00:00,4044.76
2026-02-22T10:30:00+00:00,3159.2
2026-02-22T10:45:00+00:00,2302.12
2026-02-22T11:00:00+00:00,1395.72
2026-02-22T11:15:00+00:00,1413.16
2026-02-22T11:30:00+00:00,1415.68
2026-02-22T11:45:00+00:00,1411.0
2026-02-22T12:00:00+00:00,1423.44
2026-02-22T12:15:00+00:00,1430.28
2026-02-22T12:30:00+00:00,1412.32
2026-02-22T12:45:00+00:00,1404.12
2026-02-22T13:00:00+00:00,1385.12
2026-02-22T13:15:00+00:00,2815.12
2026-02-22T13:30:00+00:00,4267.72
2026-02-22T13:45:00+00:00,5431.2
2026-02-22T14:00:00+00:00,6499.68
2026-02-22T14:15:00+00:00,7468.16
2026-02-22T14:30:00+00:00,8138.4
2026-02-22T14:45:00+00:00,8517.68
2026-02-22T15:00:00+00:00,8731.76
2026-02-22T15:15:00+00:00,8480.72
2026-02-22T15:30:00+00:00,8073.12
2026-02-22T15:45:00+00:00,7439.8
2026-02-22T16:00:00+00:00,6514.52
2026-02-22T16:15:00+00:00,5472.56
2026-02-22T16:30:00+00:00,4138.44
2026-02-22T16:45:00+00:00,2825.2
2026-02-22T17:00:00+00:00,1396.48
2026-02-22T17:15:00+00:00,2301.44
2026-02-22T17:30:00+00:00,3197.84
2026-02-22T17:45:00+00:00,3979.2
2026-02-22T18:00:00+00:00,4868.12
2026-02-22T18:15:00+00:00,5689.52
2026-02-22T18:30:00+00:00,6292.16
2026-02-22T18:45:00+00:00,6793.6
2026-02-22T19:00:00+00:00,7390.24
2026-02-22T19:15:00+00:00,7761.4
2026-02-22T19:30:00+00:00,7979.04
2026-02-22T19:45:00+00:00,8074.36
2026-02-22T20:00:00+00:00,8203.08
2026-02-22T20:15:00+00:00,8122.52
2026-02-22T20:30:00+00:00,7971.48
2026-02-22T20:45:00+00:00,7754.56
2026-02-22T21:00:00+00:00,7278.8
2026-02-22T21:15:00+00:00,8143.44
2026-02-22T21:30:00+00:00,9033.16
2026-02-22T21:45:00+00:00,9572.84
2026-02-22T22:00:00+00:00,9902.72
2026-02-22T22:15:00+00:00,10058.24
2026-02-22T22:30:00+00:00,9929.24
2026-02-22T22:45:00+00:00,9432.12
2026-02-22T23:00:00+00:00,8699.68
2026-02-22T23:15:00+00:00,8421.16
2026-02-22T23:30:00+00:00,8104.76
2026-02-22T23:45:00+00:00,7449.32
2026-02-23T00:00:00+00:00,6590.4
2026-02-23T00:15:00+00:00,5486.84
2026-02-23T00:30:00+00:00,4189.88
2026-02-23T00:45:00+00:00,2860.12
2026-02-23T01:00:00+00:00,1391.72
2026-02-23T01:15:00+00:00,1415.12
2026-02-23T01:30:00+00:00,1397.28
2026-02-23T01:45:00+00:00,1416.92
2026-02-23T02:00:00+00:00,1406.6
2026-02-23T02:15:00+00:00,1429.88
2026-02-23T02:30:00+00:00,1396.6
2026-02-23T02:45:00+00:00,1406.44
2026-02-23T03:00:00+00:00,1426.92
2026-02-23T03:15:00+00:00,1404.16
2026-02-23T03:30:00+00:00,1390.76
2026-02-23T03:45:00+00:00,1434.92
2026-02-23T04:00:00+00:00,1407.68
2026-02-23T04:15:00+00:00,1403.24
2026-02-23T04:30:00+00:00,1422.08
2026-02-23T04:45:00+00:00,1426.96
2026-02-23T05:00:00+00:00,1409.6
2026-02-23T05:15:00+00:00,3703.88
2026-02-23T05:30:00+00:00,5980.48
2026-02-23T05:45:00+00:00,8144.48
2026-02-23T06:00:00+00:00,9974.44
2026-02-23T06:15:00+00:00,11501.52
2026-02-23T06:30:00+00:00,12898.48
2026-02-23T06:45:00+00:00,13734.12
2026-02-23T07:00:00+00:00,14901.64
2026-02-23T07:15:00+00:00,14868.8
2026-02-23T07:30:00+00:00,14874.92
2026-02-23T07:45:00+00:00,14215.8
2026-02-23T08:00:00+00:00,15861.04
2026-02-23T08:15:00+00:00,14410.12
2026-02-23T08:30:00+00:00,12884.56
2026-02-23T08:45:00+00:00,11004.44
2026-02-23T09:00:00+00:00,8774.4
2026-02-23T09:15:00+00:00,8057.76
2026-02-23T09:30:00+00:00,7432.56
2026-02-23T09:45:00+00:00,6624.44
2026-02-23T10:00:00+00:00,5753.0
2026-02-23T10:15:00+00:00,4738.04
2026-02-23T10:30:00+00:00,3762.96
2026-02-23T10:45:00+00:00,2726.92
2026-02-23T11:00:00+00:00,1693.6
2026-02-23T11:15:00+00:00,1678.32
2026-02-23T11:30:00+00:00,1704.52
2026-02-23T11:45:00+00:00,1700.84
2026-02-23T12:00:00+00:00,1690.44
2026-02-23T12:15:00+00:00,1669.64
2026-02-23T12:30:00+00:00,1647.8
2026-02-23T12:45:00+00:00,1660.72
2026-02-23T13:00:00+00:00,1670.16
2026-02-23T13:15:00+00:00,3368.6
2026-02-23T13:30:00+00:00,5014.0
2026-02-23T13:45:00+00:00,6487.36
2026-02-23T14:00:00+00:00,7890.72
2026-02-23T14:15:00+00:00,8779.44
2026-02-23T14:30:00+00:00,9705.76
2026-02-23T14:45:00+00:00,10172.2
2026-02-23T15:00:00+00:00,10444.72
2026-02-23T15:15:00+00:00,10177.76
2026-02-23T15:30:00+00:00,9618.08
2026-02-23T15:45:00+00:00,9040.6
2026-02-23T16:00:00+00:00,7764.8
2026-02-23T16:15:00+00:00,6457.04
2026-02-23T16:30:00+00:00,4922.44
2026-02-23T16:45:00+00:00,3389.72
2026-02-23T17:00:00+00:00,1426.24
2026-02-23T17:15:00+00:00,2281.56
2026-02-23T17:30:00+00:00,3141.96
2026-02-23T17:45:00+00:00,4018.96
2026-02-23T18:00:00+00:00,4831.0
2026-02-23T18:15:00+00:00,5531.88
2026-02-23T18:30:00+00:00,6156.08
2026-02-23T18:45:00+00:00,6807.56
2026-02-23T19:00:00+00:00,7254.56
2026-02-23T19:15:00+00:00,7794.56
2026-02-23T19:30:00+00:00,7982.96
2026-02-23T19:45:00+00:00,8213.24
2026-02-23T20:00:00+00:00,8179.12
2026-02-23T20:15:00+00:00,8205.12
2026-02-23T20:30:00+00:00,7963.8
2026-02-23T20:45:00+00:00,7821.64
2026-02-23T21:00:00+00:00,7302.92
2026-02-23T21:15:00+00:00,8250.24
2026-02-23T21:30:00+00:00,8995.28
2026-02-23T21:45:00+00:00,9542.6
2026-02-23T22:00:00+00:00,9928.12
2026-02-23T22:15:00+00:00,10187.64
2026-02-23T22:30:00+00:00,9902.08
2026-02-23T22:45:00+00:00,9473.04
2026-02-23T23:00:00+00:00,8564.8
2026-02-23T23:15:00+00:00,8469.68
2026-02-23T23:30:00+00:00,8116.32
2026-02-23T23:45:00+00:00,7453.4
2026-02-24T00:00:00+00:00,6427.96
2026-02-24T00:15:00+00:00,5456.68
2026-02-24T00:30:00+00:00,4179.48
2026-02-24T00:45:00+00:00,2837.88
2026-02-24T01:00:00+00:00,1420.68
2026-02-24T01:15:00+00:00,1399.84
2026-02-24T01:30:00+00:00,1400.96
2026-02-24T01:45:00+00:00,1427.24
2026-02-24T02:00:00+00:00,1410.0
2026-02-24T02:15:00+00:00,1412.76
2026-02-24T02:30:00+00:00,1409.52
2026-02-24T02:45:00+00:00,1389.08
2026-02-24T03:00:00+00:00,1423.84
2026-02-24T03:15:00+00:00,1419.6
2026-02-24T03:30:00+00:00,1391.56
2026-02-24T03:45:00+00:00,1402.4
2026-02-24T04:00:00+00:00,1411.96
2026-02-24T04:15:00+00:00,1426.04
2026-02-24T04:30:00+00:00,1403.72
2026-02-24T04:45:00+00:00,1400.16
2026-02-24T05:00:00+00:00,1412.12
2026-02-24T05:15:00+00:00,3726.44
2026-02-24T05:30:00+00:00,5924.16
2026-02-24T05:45:00+00:00,8078.64
2026-02-24T06:00:00+00:00,10070.36
2026-02-24T06:15:00+00:00,11667.8
2026-02-24T06:30:00+00:00,12954.12
2026-02-24T06:45:00+00:00,13962.36
2026-02-24T07:00:00+00:00,14605.28
2026-02-24T07:15:00+00:00,14842.52
2026-02-24T07:30:00+00:00,14594.68
2026-02-24T07:45:00+00:00,14196.48
2026-02-24T08:00:00+00:00,16056.88
2026-02-24T08:15:00+00:00,14492.8
2026-02-24T08:30:00+00:00,12870.2
2026-02-24T08:45:00+00:00,10772.32
2026-02-24T09:00:00+00:00,8724.88
2026-02-24T09:15:00+00:00,8072.52
2026-02-24T09:30:00+00:00,7494.56
2026-02-24T09:45:00+00:00,6696.36
2026-02-24T10:00:00+00:00,5791.52
2026-02-24T10:15:00+00:00,4835.84
2026-02-24T10:30:00+00:00,3799.16
2026-02-24T10:45:00+00:00,2718.44
2026-02-24T11:00:00+00:00,1705.84
2026-02-24T11:15:00+00:00,1674.16
2026-02-24T11:30:00+00:00,1673.56
2026-02-24T11:45:00+00:00,1660.8
2026-02-24T12:00:00+00:00,1676.6
2026-02-24T12:15:00+00:00,1673.44
2026-02-24T12:30:00+00:00,1689.24
2026-02-24T12:45:00+00:00,1678.44
2026-02-24T13:00:00+00:00,1653.64
2026-02-24T13:15:00+00:00,3395.44
2026-02-24T13:30:00+00:00,4902.24
2026-02-24T13:45:00+00:00,6413.28
2026-02-24T14:00:00+00:00,7851.24
2026-02-24T14:15:00+00:00,8917.4
2026-02-24T14:30:00+00:00,9565.68
2026-02-24T14:45:00+00:00,10184.64
2026-02-24T15:00:00+00:00,10360.2
2026-02-24T15:15:00+00:00,9986.56
2026-02-24T15:30:00+00:00,9573.76
2026-02-24T15:45:00+00:00,8866.16
2026-02-24T16:00:00+00:00,7793.28
2026-02-24T16:15:00+00:00,6431.76
2026-02-24T16:30:00+00:00,4995.04
2026-02-24T16:45:00+00:00,3350.52
2026-02-24T17:00:00+00:00,1417.68
2026-02-24T17:15:00+00:00,2287.2
2026-02-24T17:30:00+00:00,3211.52
2026-02-24T17:45:00+00:00,4014.76
2026-02-24T18:00:00+00:00,4829.96
2026-02-24T18:15:00+00:00,5665.08
2026-02-24T18:30:00+00:00,6319.72
2026-02-24T18:45:00+00:00,6942.36
2026-02-24T19:00:00+00:00,7399.84
2026-02-24T19:15:00+00:00,7751.12
2026-02-24T19:30:00+00:00,8090.08
2026-02-24T19:45:00+00:00,8253.48
2026-02-24T20:00:00+00:00,8284.08
2026-02-24T20:15:00+00:00,8104.52
2026-02-24T20:30:00+00:00,7977.84
2026-02-24T20:45:00+00:00,7703.28
2026-02-24T21:00:00+00:00,7354.0
2026-02-24T21:15:00+00:00,8135.48
2026-02-24T21:30:00+00:00,8926.32
2026-02-24T21:45:00+00:00,9533.52
2026-02-24T22:00:00+00:00,9909.48
2026-02-24T22:15:00+00:00,9858.24
2026-02-24T22:30:00+00:00,9839.76
2026-02-24T22:45:00+00:00,9469.8
2026-02-24T23:00:00+00:00,8648.84
2026-02-24T23:15:00+00:00,8563.8
2026-02-24T23:30:00+00:00,8179.64
2026-02-24T23:45:00+00:00,7445.88
2026-02-25T00:00:00+00:00,6535.4
2026-02-25T00:15:00+00:00,5442.2
2026-02-25T00:30:00+00:00,4224.0
2026-02-25T00:45:00+00:00,2837.16
2026-02-25T01:00:00+00:00,1403.08
2026-02-25T01:15:00+00:00,1402.08
2026-02-25T01:30:00+00:00,1417.24
2026-02-25T01:45:00+00:00,1404.96
2026-02-25T02:00:00+00:00,1408.4
2026-02-25T02:15:00+00:00,1399.64
2026-02-25T02:30:00+00:00,1401.32
2026-02-25T02:45:00+00:00,1423.64
2026-02-25T03:00:00+00:00,1405.6
2026-02-25T03:15:00+00:00,1414.2
2026-02-25T03:30:00+00:00,1421.16
2026-02-25T03:45:00+00:00,1400.96
2026-02-25T04:00:00+00:00,1404.76
2026-02-25T04:15:00+00:00,1416.8
2026-02-25T04:30:00+00:00,1408.24
2026-02-25T04:45:00+00:00,1420.64
2026-02-25T05:00:00+00:00,1403.32
2026-02-25T05:15:00+00:00,3724.12
2026-02-25T05:30:00+00:00,5973.32
2026-02-25T05:45:00+00:00,8102.6
2026-02-25T06:00:00+00:00,9898.6
2026-02-25T06:15:00+00:00,11521.44
2026-02-25T06:30:00+00:00,12832.52
2026-02-25T06:45:00+00:00,13940.64
2026-02-25T07:00:00+00:00,14404.48
2026-02-25T07:15:00+00:00,14831.52
2026-02-25T07:30:00+00:00,14805.56
2026-02-25T07:45:00+00:00,14274.12
2026-02-25T08:00:00+00:00,16026.16
2026-02-25T08:15:00+00:00,14469.84
2026-02-25T08:30:00+00:00,12931.04
2026-02-25T08:45:00+00:00,10799.88
2026-02-25T09:00:00+00:00,8701.2
2026-02-25T09:15:00+00:00,8173.96
2026-02-25T09:30:00+00:00,7456.72
2026-02-25T09:45:00+00:00,6645.2
2026-02-25T10:00:00+00:00,5747.52
2026-02-25T10:15:00+00:00,4819.68
2026-02-25T10:30:00+00:00,3782.8
2026-02-25T10:45:00+00:00,2748.92
2026-02-25T11:00:00+00:00,1689.0
2026-02-25T11:15:00+00:00,1678.0
2026-02-25T11:30:00+00:00,1676.52
2026-02-25T11:45:00+00:00,1642.16
2026-02-25T12:00:00+00:00,1685.04
2026-02-25T12:15:00+00:00,1668.28
2026-02-25T12:30:00+00:00,1696.88
2026-02-25T12:45:00+00:00,1658.24
2026-02-25T13:00:00+00:00,1678.72
2026-02-25T13:15:00+00:00,3366.52
2026-02-25T13:30:00+00:00,5033.28
2026-02-25T13:45:00+00:00,6540.0
2026-02-25T14:00:00+00:00,7831.2
2026-02-25T14:15:00+00:00,8795.88
2026-02-25T14:30:00+00:00,9603.8
2026-02-25T14:45:00+00:00,10188.48
2026-02-25T15:00:00+00:00,10186.08
2026-02-25T15:15:00+00:00,10085.72
2026-02-25T15:30:00+00:00,9687.04
2026-02-25T15:45:00+00:00,8866.04
2026-02-25T16:00:00+00:00,7708.24
2026-02-25T16:15:00+00:00,6457.6
2026-02-25T16:30:00+00:00,4995.32
2026-02-25T16:45:00+00:00,3297.48
2026-02-25T17:00:00+00:00,1411.6
2026-02-25T17:15:00+00:00,2279.24
2026-02-25T17:30:00+00:00,3182.4
2026-02-25T17:45:00+00:00,3985.12
2026-02-25T18:00:00+00:00,4833.64
2026-02-25T18:15:00+00:00,5581.56
2026-02-25T18:30:00+00:00,6316.16
2026-02-25T18:45:00+00:00,6793.84
2026-02-25T19:00:00+00:00,7323.52
2026-02-25T19:15:00+00:00,7704.92
2026-02-25T19:30:00+00:00,8006.2
2026-02-25T19:45:00+00:00,8337.32
2026-02-25T20:00:00+00:00,8114.92
2026-02-25T20:15:00+00:00,8205.8
2026-02-25T20:30:00+00:00,8065.24
2026-02-25T20:45:00+00:00,7728.88
2026-02-25T21:00:00+00:00,7263.24
2026-02-25T21:15:00+00:00,8221.12
2026-02-25T21:30:00+00:00,9005.16
2026-02-25T21:45:00+00:00,9527.52
2026-02-25T22:00:00+00:00,9937.52
2026-02-25T22:15:00+00:00,10096.6
2026-02-25T22:30:00+00:00,9766.04
2026-02-25T22:45:00+00:00,9273.72
2026-02-25T23:00:00+00:00,8704.88
2026-02-25T23:15:00+00:00,8489.52
2026-02-25T23:30:00+00:00,7957.8
2026-02-25T23:45:00+00:00,7408.2
2026-02-26T00:00:00+00:00,6605.84
2026-02-26T00:15:00+00:00,5435.52
2026-02-26T00:30:00+00:00,4158.4
2026-02-26T00:45:00+00:00,2832.52
2026-02-26T01:00:00+00:00,1410.28
2026-02-26T01:15:00+00:00,1387.04
2026-02-26T01:30:00+00:00,1416.68
2026-02-26T01:45:00+00:00,1426.32
2026-02-26T02:00:00+00:00,1413.48
2026-02-26T02:15:00+00:00,1391.12
2026-02-26T02:30:00+00:00,1404.6
2026-02-26T02:45:00+00:00,1407.2
2026-02-26T03:00:00+00:00,1414.48
2026-02-26T03:15:00+00:00,1402.64
2026-02-26T03:30:00+00:00,1399.92
2026-02-26T03:45:00+00:00,1416.0
2026-02-26T04:00:00+00:00,1404.72
2026-02-26T04:15:00+00:00,1417.36
2026-02-26T04:30:00+00:00,1407.8
2026-02-26T04:45:00+00:00,1409.6
2026-02-26T05:00:00+00:00,1396.16
2026-02-26T05:15:00+00:00,3648.24
2026-02-26T05:30:00+00:00,6004.2
2026-02-26T05:45:00+00:00,8023.44
2026-02-26T06:00:00+00:00,9981.2
2026-02-26T06:15:00+00:00,11679.16
2026-02-26T06:30:00+00:00,13073.4
2026-02-26T06:45:00+00:00,13898.56
2026-02-26T07:00:00+00:00,14361.16
2026-02-26T07:15:00+00:00,14926.48
2026-02-26T07:30:00+00:00,14536.88
2026-02-26T07:45:00+00:00,14161.6
2026-02-26T08:00:00+00:00,15785.48
2026-02-26T08:15:00+00:00,14544.84
2026-02-26T08:30:00+00:00,13017.72
2026-02-26T08:45:00+00:00,10894.04
2026-02-26T09:00:00+00:00,8711.4
2026-02-26T09:15:00+00:00,8280.92
2026-02-26T09:30:00+00:00,7398.04
2026-02-26T09:45:00+00:00,6613.2
2026-02-26T10:00:00+00:00,5777.24
2026-02-26T10:15:00+00:00,4778.52
2026-02-26T10:30:00+00:00,3797.88
2026-02-26T10:45:00+00:00,2727.0
2026-02-26T11:00:00+00:00,1658.52
2026-02-26T11:15:00+00:00,1686.56
2026-02-26T11:30:00+00:00,1668.0
2026-02-26T11:45:00+00:00,1702.04
2026-02-26T12:00:00+00:00,1650.76
2026-02-26T12:15:00+00:00,1667.44
2026-02-26T12:30:00+00:00,1674.88
2026-02-26T12:45:00+00:00,1710.76
2026-02-26T13:00:00+00:00,1676.92
2026-02-26T13:15:00+00:00,3334.04
2026-02-26T13:30:00+00:00,5008.24
2026-02-26T13:45:00+00:00,6548.48
2026-02-26T14:00:00+00:00,7855.64
2026-02-26T14:15:00+00:00,9017.0
2026-02-26T14:30:00+00:00,9610.28
2026-02-26T14:45:00+00:00,10146.32
2026-02-26T15:00:00+00:00,10275.48
2026-02-26T15:15:00+00:00,10095.12
2026-02-26T15:30:00+00:00,9521.48
2026-02-26T15:45:00+00:00,8774.76
2026-02-26T16:00:00+00:00,7693.08
2026-02-26T16:15:00+00:00,6438.56
2026-02-26T16:30:00+00:00,4987.12
2026-02-26T16:45:00+00:00,3356.16
2026-02-26T17:00:00+00:00,1407.12
2026-02-26T17:15:00+00:00,2302.12
2026-02-26T17:30:00+00:00,3173.96
2026-02-26T17:45:00+00:00,4039.12
2026-02-26T18:00:00+00:00,4858.08
2026-02-26T18:15:00+00:00,5570.76
2026-02-26T18:30:00+00:00,6200.12
2026-02-26T18:45:00+00:00,6818.48
2026-02-26T19:00:00+00:00,7291.92
2026-02-26T19:15:00+00:00,7826.16
2026-02-26T19:30:00+00:00,8001.96
2026-02-26T19:45:00+00:00,8239.6
2026-02-26T20:00:00+00:00,8386.12
2026-02-26T20:15:00+00:00,8218.64
2026-02-26T20:30:00+00:00,8101.0
2026-02-26T20:45:00+00:00,7758.16
2026-02-26T21:00:00+00:00,7286.56
2026-02-26T21:15:00+00:00,8253.64
2026-02-26T21:30:00+00:00,8998.72
2026-02-26T21:45:00+00:00,9620.8
2026-02-26T22:00:00+00:00,10059.52
2026-02-26T22:15:00+00:00,10078.12
2026-02-26T22:30:00+00:00,9906.44
2026-02-26T22:45:00+00:00,9404.56
2026-02-26T23:00:00+00:00,8581.56
2026-02-26T23:15:00+00:00,8407.92
2026-02-26T23:30:00+00:00,8224.16
2026-02-26T23:45:00+00:00,7398.4
2026-02-27T00:00:00+00:00,6543.68
2026-02-27T00:15:00+00:00,5487.76
2026-02-27T00:30:00+00:00,4202.44
2026-02-27T00:45:00+00:00,2816.24
2026-02-27T01:00:00+00:00,1413.8
2026-02-27T01:15:00+00:00,1400.16
2026-02-27T01:30:00+00:00,1399.68
2026-02-27T01:45:00+00:00,1434.04
2026-02-27T02:00:00+00:00,1393.04
2026-02-27T02:15:00+00:00,1398.0
2026-02-27T02:30:00+00:00,1402.08
2026-02-27T02:45:00+00:00,1419.8
2026-02-27T03:00:00+00:00,1399.72
2026-02-27T03:15:00+00:00,1418.2
2026-02-27T03:30:00+00:00,1402.52
2026-02-27T03:45:00+00:00,1406.0
2026-02-27T04:00:00+00:00,1395.92
2026-02-27T04:15:00+00:00,1399.44
2026-02-27T04:30:00+00:00,1411.8
2026-02-27T04:45:00+00:00,1427.84
2026-02-27T05:00:00+00:00,1409.68
2026-02-27T05:15:00+00:00,3664.56
2026-02-27T05:30:00+00:00,5970.08
2026-02-27T05:45:00+00:00,8209.72
2026-02-27T06:00:00+00:00,9953.56
2026-02-27T06:15:00+00:00,11459.84
2026-02-27T06:30:00+00:00,12861.8
2026-02-27T06:45:00+00:00,14197.32
2026-02-27T07:00:00+00:00,14449.04
2026-02-27T07:15:00+00:00,14858.76
2026-02-27T07:30:00+00:00,14714.52
2026-02-27T07:45:00+00:00,14148.6
2026-02-27T08:00:00+00:00,15951.28
2026-02-27T08:15:00+00:00,14699.56
2026-02-27T08:30:00+00:00,12983.36
2026-02-27T08:45:00+00:00,10988.16
2026-02-27T09:00:00+00:00,8552.6
2026-02-27T09:15:00+00:00,8188.04
2026-02-27T09:30:00+00:00,7488.44
2026-02-27T09:45:00+00:00,6646.12
2026-02-27T10:00:00+00:00,5705.68
2026-02-27T10:15:00+00:00,4829.28
2026-02-27T10:30:00+00:00,3796.24
2026-02-27T10:45:00+00:00,2778.08
2026-02-27T11:00:00+00:00,1690.64
2026-02-27T11:15:00+00:00,1693.52
2026-02-27T11:30:00+00:00,1700.68
2026-02-27T11:45:00+00:00,1676.24
2026-02-27T12:00:00+00:00,1677.72
2026-02-27T12:15:00+00:00,1666.68
2026-02-27T12:30:00+00:00,1690.24
2026-02-27T12:45:00+00:00,1668.28
2026-02-27T13:00:00+00:00,1659.12
2026-02-27T13:15:00+00:00,3381.2
2026-02-27T13:30:00+00:00,5009.96
2026-02-27T13:45:00+00:00,6479.2
2026-02-27T14:00:00+00:00,7784.36
2026-02-27T14:15:00+00:00,8935.88
2026-02-27T14:30:00+00:00,9762.88
2026-02-27T14:45:00+00:00,10215.28
2026-02-27T15:00:00+00:00,10238.88
2026-02-27T15:15:00+00:00,10343.04
2026-02-27T15:30:00+00:00,9617.76
2026-02-27T15:45:00+00:00,8917.6
2026-02-27T16:00:00+00:00,7884.2
2026-02-27T16:15:00+00:00,6424.88
2026-02-27T16:30:00+00:00,4988.64
2026-02-27T16:45:00+00:00,3334.88
2026-02-27T17:00:00+00:00,1405.2
2026-02-27T17:15:00+00:00,2298.24
2026-02-27T17:30:00+00:00,3191.68
2026-02-27T17:45:00+00:00,3998.6
2026-02-27T18:00:00+00:00,4829.48
2026-02-27T18:15:00+00:00,5510.68
2026-02-27T18:30:00+00:00,6215.88
2026-02-27T18:45:00+00:00,6784.72
2026-02-27T19:00:00+00:00,7407.64
2026-02-27T19:15:00+00:00,7716.88
2026-02-27T19:30:00+00:00,7867.56
2026-02-27T19:45:00+00:00,8132.16
2026-02-27T20:00:00+00:00,8239.72
2026-02-27T20:15:00+00:00,8250.2
2026-02-27T20:30:00+00:00,8020.44
2026-02-27T20:45:00+00:00,7764.48
2026-02-27T21:00:00+00:00,7356.68
2026-02-27T21:15:00+00:00,8246.64
2026-02-27T21:30:00+00:00,9039.72
2026-02-27T21:45:00+00:00,9590.52
2026-02-27T22:00:00+00:00,9920.48
2026-02-27T22:15:00+00:00,9967.36
2026-02-27T22:30:00+00:00,9843.12
2026-02-27T22:45:00+00:00,9416.0
2026-02-27T23:00:00+00:00,8725.08
2026-02-27T23:15:00+00:00,8445.56
2026-02-27T23:30:00+00:00,8033.0
2026-02-27T23:45:00+00:00,7451.84
2026-02-28T00:00:00+00:00,6537.68
2026-02-28T00:15:00+00:00,5478.88
2026-02-28T00:30:00+00:00,4226.44
2026-02-28T00:45:00+00:00,2815.32
2026-02-28T01:00:00+00:00,1408.52
2026-02-28T01:15:00+00:00,1400.92
2026-02-28T01:30:00+00:00,1408.76
2026-02-28T01:45:00+00:00,1429.12
2026-02-28T02:00:00+00:00,1414.2
2026-02-28T02:15:00+00:00,1406.76
2026-02-28T02:30:00+00:00,1405.88
2026-02-28T02:45:00+00:00,1402.32
2026-02-28T03:00:00+00:00,1413.52
2026-02-28T03:15:00+00:00,1402.96
2026-02-28T03:30:00+00:00,1395.56
2026-02-28T03:45:00+00:00,1396.28
2026-02-28T04:00:00+00:00,1408.56
2026-02-28T04:15:00+00:00,1406.6
2026-02-28T04:30:00+00:00,1393.96
2026-02-28T04:45:00+00:00,1412.12
2026-02-28T05:00:00+00:00,1402.92
2026-02-28T05:15:00+00:00,3749.6
2026-02-28T05:30:00+00:00,5970.28
2026-02-28T05:45:00+00:00,8082.92
2026-02-28T06:00:00+00:00,9911.44
2026-02-28T06:15:00+00:00,11647.6
2026-02-28T06:30:00+00:00,12983.28
2026-02-28T06:45:00+00:00,13836.36
2026-02-28T07:00:00+00:00,14572.56
2026-02-28T07:15:00+00:00,14794.08
2026-02-28T07:30:00+00:00,14664.76
2026-02-28T07:45:00+00:00,14062.0
2026-02-28T08:00:00+00:00,13525.72
2026-02-28T08:15:00+00:00,12169.6
2026-02-28T08:30:00+00:00,10859.32
2026-02-28T08:45:00+00:00,9007.68
2026-02-28T09:00:00+00:00,7317.24
2026-02-28T09:15:00+00:00,6824.48
2026-02-28T09:30:00+00:00,6162.56
2026-02-28T09:45:00+00:00,5514.56
2026-02-28T10:00:00+00:00,4785.68
2026-02-28T10:15:00+00:00,3959.64
2026-02-28T10:30:00+00:00,3211.76
2026-02-28T10:45:00+00:00,2290.88
2026-02-28T11:00:00+00:00,1387.96
2026-02-28T11:15:00+00:00,1417.4
2026-02-28T11:30:00+00:00,1406.48
2026-02-28T11:45:00+00:00,1396.72
2026-02-28T12:00:00+00:00,1422.4
2026-02-28T12:15:00+00:00,1398.44
2026-02-28T12:30:00+00:00,1412.88
2026-02-28T12:45:00+00:00,1424.24
2026-02-28T13:00:00+00:00,1408.44
2026-02-28T13:15:00+00:00,2817.2
2026-02-28T13:30:00+00:00,4169.28
2026-02-28T13:45:00+00:00,5453.68
2026-02-28T14:00:00+00:00,6474.24
2026-02-28T14:15:00+00:00,7361.56
2026-02-28T14:30:00+00:00,8077.84
2026-02-28T14:45:00+00:00,8521.64
2026-02-28T15:00:00+00:00,8531.96
2026-02-28T15:15:00+00:00,8598.12
2026-02-28T15:30:00+00:00,8087.56
2026-02-28T15:45:00+00:00,7556.36
2026-02-28T16:00:00+00:00,6487.64
2026-02-28T16:15:00+00:00,5440.92
2026-02-28T16:30:00+00:00,4190.4
2026-02-28T16:45:00+00:00,2818.4
2026-02-28T17:00:00+00:00,1400.16
2026-02-28T17:15:00+00:00,2292.28
2026-02-28T17:30:00+00:00,3133.56
2026-02-28T17:45:00+00:00,4003.84
2026-02-28T18:00:00+00:00,4836.48
2026-02-28T18:15:00+00:00,5614.24
2026-02-28T18:30:00+00:00,6227.16
2026-02-28T18:45:00+00:00,6820.56
2026-02-28T19:00:00+00:00,7405.08
2026-02-28T19:15:00+00:00,7844.56
2026-02-28T19:30:00+00:00,7909.16
2026-02-28T19:45:00+00:00,8132.8
2026-02-28T20:00:00+00:00,8112.32
2026-02-28T20:15:00+00:00,8155.72
2026-02-28T20:30:00+00:00,8102.48
2026-02-28T20:45:00+00:00,7622.28
2026-02-28T21:00:00+00:00,7309.8
2026-02-28T21:15:00+00:00,8192.8
2026-02-28T21:30:00+00:00,9060.8
2026-02-28T21:45:00+00:00,9406.72
2026-02-28T22:00:00+00:00,9865.04
2026-02-28T22:15:00+00:00,10150.32
2026-02-28T22:30:00+00:00,9850.64
2026-02-28T22:45:00+00:00,9325.92
2026-02-28T23:00:00+00:00,8676.32
2026-02-28T23:15:00+00:00,8456.12
2026-02-28T23:30:00+00:00,7972.0
2026-02-28T23:45:00+00:00,7298.92
2026-03-01T00:00:00+00:00,6540.68
2026-03-01T00:15:00+00:00,5443.72
2026-03-01T00:30:00+00:00,4135.52
2026-03-01T00:45:00+00:00,2784.48
2026-03-01T01:00:00+00:00,1431.52
2026-03-01T01:15:00+00:00,1407.28
2026-03-01T01:30:00+00:00,1406.72
2026-03-01T01:45:00+00:00,1404.08
2026-03-01T02:00:00+00:00,1397.8
2026-03-01T02:15:00+00:00,1410.32
2026-03-01T02:30:00+00:00,1414.04
2026-03-01T02:45:00+00:00,1416.0
2026-03-01T03:00:00+00:00,1410.04
2026-03-01T03:15:00+00:00,1400.36
2026-03-01T03:30:00+00:00,1414.04
2026-03-01T03:45:00+00:00,1415.04
2026-03-01T04:00:00+00:00,1384.12
2026-03-01T04:15:00+00:00,1411.84
2026-03-01T04:30:00+00:00,1404.0
2026-03-01T04:45:00+00:00,1423.56
2026-03-01T05:00:00+00:00,1405.72
2026-03-01T05:15:00+00:00,3714.88
2026-03-01T05:30:00+00:00,5951.84
2026-03-01T05:45:00+00:00,8081.44
2026-03-01T06:00:00+00:00,9980.84
2026-03-01T06:15:00+00:00,11674.2
2026-03-01T06:30:00+00:00,13166.88
2026-03-01T06:45:00+00:00,13936.48
2026-03-01T07:00:00+00:00,14684.84
2026-03-01T07:15:00+00:00,14932.2
2026-03-01T07:30:00+00:00,14639.52
2026-03-01T07:45:00+00:00,14280.56
2026-03-01T08:00:00+00:00,13421.84
2026-03-01T08:15:00+00:00,12231.8
2026-03-01T08:30:00+00:00,10735.4
2026-03-01T08:45:00+00:00,9145.92
2026-03-01T09:00:00+00:00,7405.44
2026-03-01T09:15:00+00:00,6800.72
2026-03-01T09:30:00+00:00,6312.6
2026-03-01T09:45:00+00:00,5543.2
2026-03-01T10:00:00+00:00,4824.08
2026-03-01T10:15:00+00:00,3971.4
2026-03-01T10:30:00+00:00,3187.68
2026-03-01T10:45:00+00:00,2293.56
2026-03-01T11:00:00+00:00,1407.52
2026-03-01T11:15:00+00:00,1390.52
2026-03-01T11:30:00+00:00,1405.44
2026-03-01T11:45:00+00:00,1405.04
2026-03-01T12:00:00+00:00,1404.84
2026-03-01T12:15:00+00:00,1408.92
2026-03-01T12:30:00+00:00,1401.88
2026-03-01T12:45:00+00:00,1428.28
2026-03-01T13:00:00+00:00,1416.6
2026-03-01T13:15:00+00:00,2810.64
2026-03-01T13:30:00+00:00,4163.6
2026-03-01T13:45:00+00:00,5422.32
2026-03-01T14:00:00+00:00,6561.68
2026-03-01T14:15:00+00:00,7420.88
2026-03-01T14:30:00+00:00,8032.44
2026-03-01T14:45:00+00:00,8413.84
2026-03-01T15:00:00+00:00,8625.84
2026-03-01T15:15:00+00:00,8523.08
2026-03-01T15:30:00+00:00,8100.56
2026-03-01T15:45:00+00:00,7421.4
2026-03-01T16:00:00+00:00,6483.52
2026-03-01T16:15:00+00:00,5355.0
2026-03-01T16:30:00+00:00,4176.56
2026-03-01T16:45:00+00:00,2845.56
2026-03-01T17:00:00+00:00,1373.2
2026-03-01T17:15:00+00:00,2290.04
2026-03-01T17:30:00+00:00,3170.48
2026-03-01T17:45:00+00:00,4066.08
2026-03-01T18:00:00+00:00,4829.04
2026-03-01T18:15:00+00:00,5548.16
2026-03-01T18:30:00+00:00,6212.0
2026-03-01T18:45:00+00:00,6762.4
2026-03-01T19:00:00+00:00,7385.2
2026-03-01T19:15:00+00:00,7720.6
2026-03-01T19:30:00+00:00,8051.96
2026-03-01T19:45:00+00:00,8109.96
2026-03-01T20:00:00+00:00,8244.4
2026-03-01T20:15:00+00:00,8154.64
2026-03-01T20:30:00+00:00,8001.64
2026-03-01T20:45:00+00:00,7711.92
2026-03-01T21:00:00+00:00,7404.72
2026-03-01T21:15:00+00:00,8262.68
2026-03-01T21:30:00+00:00,9137.52
2026-03-01T21:45:00+00:00,9537.2
2026-03-01T22:00:00+00:00,9976.52
2026-03-01T22:15:00+00:00,10083.84
2026-03-01T22:30:00+00:00,9690.64
2026-03-01T22:45:00+00:00,9423.08
2026-03-01T23:00:00+00:00,8588.68
2026-03-01T23:15:00+00:00,8540.24
2026-03-01T23:30:00+00:00,8173.16
2026-03-01T23:45:00+00:00,7315.96
2026-03-02T00:00:00+00:00,6508.88
2026-03-02T00:15:00+00:00,5438.56
2026-03-02T00:30:00+00:00,4208.56
2026-03-02T00:45:00+00:00,2847.88
2026-03-02T01:00:00+00:00,1409.16
2026-03-02T01:15:00+00:00,1418.32
2026-03-02T01:30:00+00:00,1422.56
2026-03-02T01:45:00+00:00,1403.6
2026-03-02T02:00:00+00:00,1391.32
2026-03-02T02:15:00+00:00,1409.64
2026-03-02T02:30:00+00:00,1418.8
2026-03-02T02:45:00+00:00,1412.24
2026-03-02T03:00:00+00:00,1404.72
2026-03-02T03:15:00+00:00,1413.8
2026-03-02T03:30:00+00:00,1412.8
2026-03-02T03:45:00+00:00,1391.96
2026-03-02T04:00:00+00:00,1415.36
2026-03-02T04:15:00+00:00,1405.52
2026-03-02T04:30:00+00:00,1392.68
2026-03-02T04:45:00+00:00,1414.16
2026-03-02T05:00:00+00:00,1415.4
2026-03-02T05:15:00+00:00,3719.84
2026-03-02T05:30:00+00:00,5925.84
2026-03-02T05:45:00+00:00,8035.24
2026-03-02T06:00:00+00:00,9936.68
2026-03-02T06:15:00+00:00,11690.84
2026-03-02T06:30:00+00:00,12962.88
2026-03-02T06:45:00+00:00,13904.64
2026-03-02T07:00:00+00:00,14342.76
2026-03-02T07:15:00+00:00,14549.88
2026-03-02T07:30:00+00:00,14667.52
2026-03-02T07:45:00+00:00,14052.44
2026-03-02T08:00:00+00:00,15866.2
2026-03-02T08:15:00+00:00,14469.48
2026-03-02T08:30:00+00:00,12826.96
2026-03-02T08:45:00+00:00,10773.96
2026-03-02T09:00:00+00:00,8683.72
2026-03-02T09:15:00+00:00,8192.88
2026-03-02T09:30:00+00:00,7410.32
2026-03-02T09:45:00+00:00,6625.24
2026-03-02T10:00:00+00:00,5783.2
2026-03-02T10:15:00+00:00,4799.88
2026-03-02T10:30:00+00:00,3826.16
2026-03-02T10:45:00+00:00,2717.0
2026-03-02T11:00:00+00:00,1680.76
2026-03-02T11:15:00+00:00,1683.64
2026-03-02T11:30:00+00:00,1701.44
2026-03-02T11:45:00+00:00,1684.76
2026-03-02T12:00:00+00:00,1662.92
2026-03-02T12:15:00+00:00,1676.76
2026-03-02T12:30:00+00:00,1678.44
2026-03-02T12:45:00+00:00,1678.16
2026-03-02T13:00:00+00:00,1652.84
2026-03-02T13:15:00+00:00,3358.92
2026-03-02T13:30:00+00:00,4957.96
2026-03-02T13:45:00+00:00,6459.24
2026-03-02T14:00:00+00:00,7793.84
2026-03-02T14:15:00+00:00,8940.92
2026-03-02T14:30:00+00:00,9478.72
2026-03-02T14:45:00+00:00,10093.48
2026-03-02T15:00:00+00:00,10506.0
2026-03-02T15:15:00+00:00,10171.96
2026-03-02T15:30:00+00:00,9627.32
2026-03-02T15:45:00+00:00,8803.16
2026-03-02T16:00:00+00:00,7719.6
2026-03-02T16:15:00+00:00,6535.48
2026-03-02T16:30:00+00:00,5024.12
2026-03-02T16:45:00+00:00,3393.76
2026-03-02T17:00:00+00:00,1403.16
2026-03-02T17:15:00+00:00,2313.6
2026-03-02T17:30:00+00:00,3169.68
2026-03-02T17:45:00+00:00,3992.08
2026-03-02T18:00:00+00:00,4874.24
2026-03-02T18:15:00+00:00,5604.04
2026-03-02T18:30:00+00:00,6366.44
2026-03-02T18:45:00+00:00,6809.08
2026-03-02T19:00:00+00:00,7299.0
2026-03-02T19:15:00+00:00,7686.24
2026-03-02T19:30:00+00:00,7905.92
2026-03-02T19:45:00+00:00,8325.56
2026-03-02T20:00:00+00:00,8355.8
2026-03-02T20:15:00+00:00,8105.16
2026-03-02T20:30:00+00:00,8074.28
2026-03-02T20:45:00+00:00,7725.88
2026-03-02T21:00:00+00:00,7343.28
2026-03-02T21:15:00+00:00,8258.08
2026-03-02T21:30:00+00:00,8970.0
2026-03-02T21:45:00+00:00,9496.96
2026-03-02T22:00:00+00:00,9839.8
2026-03-02T22:15:00+00:00,10128.32
2026-03-02T22:30:00+00:00,9996.8
2026-03-02T22:45:00+00:00,9310.24
2026-03-02T23:00:00+00:00,8701.56
2026-03-02T23:15:00+00:00,8599.08
2026-03-02T23:30:00+00:00,8045.0
2026-03-02T23:45:00+00:00,7481.92
2026-03-03T00:00:00+00:00,6555.12
2026-03-03T00:15:00+00:00,5462.4
2026-03-03T00:30:00+00:00,4232.32
2026-03-03T00:45:00+00:00,2792.72
2026-03-03T01:00:00+00:00,1417.96
2026-03-03T01:15:00+00:00,1413.64
2026-03-03T01:30:00+00:00,1397.64
2026-03-03T01:45:00+00:00,1389.76
2026-03-03T02:00:00+00:00,1390.68
2026-03-03T02:15:00+00:00,1403.76
2026-03-03T02:30:00+00:00,1401.32
2026-03-03T02:45:00+00:00,1421.6
2026-03-03T03:00:00+00:00,1403.16
2026-03-03T03:15:00+00:00,1419.8
2026-03-03T03:30:00+00:00,1418.32
2026-03-03T03:45:00+00:00,1416.92
2026-03-03T04:00:00+00:00,1425.64
2026-03-03T04:15:00+00:00,1402.88
2026-03-03T04:30:00+00:00,1408.84
2026-03-03T04:45:00+00:00,1416.64
2026-03-03T05:00:00+00:00,1409.72
2026-03-03T05:15:00+00:00,3712.84
2026-03-03T05:30:00+00:00,6023.28
2026-03-03T05:45:00+00:00,8036.76
2026-03-03T06:00:00+00:00,10022.36
2026-03-03T06:15:00+00:00,11632.0
2026-03-03T06:30:00+00:00,12905.84
2026-03-03T06:45:00+00:00,13999.56
2026-03-03T07:00:00+00:00,14632.52
2026-03-03T07:15:00+00:00,15059.6
2026-03-03T07:30:00+00:00,14706.4
2026-03-03T07:45:00+00:00,14226.4
2026-03-03T08:00:00+00:00,15748.96
2026-03-03T08:15:00+00:00,14684.12
2026-03-03T08:30:00+00:00,13051.28
2026-03-03T08:45:00+00:00,10960.28
2026-03-03T09:00:00+00:00,8700.76
2026-03-03T09:15:00+00:00,8184.4
2026-03-03T09:30:00+00:00,7512.92
2026-03-03T09:45:00+00:00,6687.08
2026-03-03T10:00:00+00:00,5742.32
2026-03-03T10:15:00+00:00,4703.36
2026-03-03T10:30:00+00:00,3755.96
2026-03-03T10:45:00+00:00,2731.8
2026-03-03T11:00:00+00:00,1673.44
2026-03-03T11:15:00+00:00,1674.92
2026-03-03T11:30:00+00:00,1706.2
2026-03-03T11:45:00+00:00,1681.8
2026-03-03T12:00:00+00:00,1664.56
2026-03-03T12:15:00+00:00,1683.84
2026-03-03T12:30:00+00:00,1675.08
2026-03-03T12:45:00+00:00,1647.64
2026-03-03T13:00:00+00:00,1663.92
2026-03-03T13:15:00+00:00,3383.92
2026-03-03T13:30:00+00:00,4980.36
2026-03-03T13:45:00+00:00,6459.96
2026-03-03T14:00:00+00:00,7760.92
2026-03-03T14:15:00+00:00,8893.72
2026-03-03T14:30:00+00:00,9664.44
2026-03-03T14:45:00+00:00,10152.2
2026-03-03T15:00:00+00:00,10234.72
2026-03-03T15:15:00+00:00,10042.12
2026-03-03T15:30:00+00:00,9698.0
2026-03-03T15:45:00+00:00,8939.96
2026-03-03T16:00:00+00:00,7797.32
2026-03-03T16:15:00+00:00,6478.4
2026-03-03T16:30:00+00:00,4974.92
2026-03-03T16:45:00+00:00,3369.8
2026-03-03T17:00:00+00:00,1417.76
2026-03-03T17:15:00+00:00,2320.64
2026-03-03T17:30:00+00:00,3172.16
2026-03-03T17:45:00+00:00,4018.64
2026-03-03T18:00:00+00:00,4822.68
2026-03-03T18:15:00+00:00,5491.12
2026-03-03T18:30:00+00:00,6250.84
2026-03-03T18:45:00+00:00,6877.6
2026-03-03T19:00:00+00:00,7269.56
2026-03-03T19:15:00+00:00,7763.92
2026-03-03T19:30:00+00:00,8015.92
2026-03-03T19:45:00+00:00,8118.4
2026-03-03T20:00:00+00:00,8264.12
2026-03-03T20:15:00+00:00,8179.04
2026-03-03T20:30:00+00:00,8003.16
2026-03-03T20:45:00+00:00,7733.12
2026-03-03T21:00:00+00:00,7328.44
2026-03-03T21:15:00+00:00,8167.28
2026-03-03T21:30:00+00:00,9027.08
2026-03-03T21:45:00+00:00,9505.6
2026-03-03T22:00:00+00:00,10014.16
2026-03-03T22:15:00+00:00,10087.64
2026-03-03T22:30:00+00:00,10013.6
2026-03-03T22:45:00+00:00,9309.08
2026-03-03T23:00:00+00:00,8672.68
2026-03-03T23:15:00+00:00,8504.48
2026-03-03T23:30:00+00:00,8110.68
2026-03-03T23:45:00+00:00,7373.44
2026-03-04T00:00:00+00:00,6534.44
2026-03-04T00:15:00+00:00,5467.2
2026-03-04T00:30:00+00:00,4167.92
2026-03-04T00:45:00+00:00,2806.24
2026-03-04T01:00:00+00:00,1400.8
2026-03-04T01:15:00+00:00,1403.84
2026-03-04T01:30:00+00:00,1431.76
2026-03-04T01:45:00+00:00,1419.32
2026-03-04T02:00:00+00:00,1409.44
2026-03-04T02:15:00+00:00,1398.2
2026-03-04T02:30:00+00:00,1402.28
2026-03-04T02:45:00+00:00,1391.72
2026-03-04T03:00:00+00:00,1393.04
2026-03-04T03:15:00+00:00,1432.52
2026-03-04T03:30:00+00:00,1416.08
2026-03-04T03:45:00+00:00,1403.24
2026-03-04T04:00:00+00:00,1422.84
2026-03-04T04:15:00+00:00,1411.16
2026-03-04T04:30:00+00:00,1413.48
2026-03-04T04:45:00+00:00,1405.6
2026-03-04T05:00:00+00:00,1414.12
2026-03-04T05:15:00+00:00,3741.24
2026-03-04T05:30:00+00:00,5903.48
2026-03-04T05:45:00+00:00,8020.4
2026-03-04T06:00:00+00:00,9992.96
2026-03-04T06:15:00+00:00,11605.64
2026-03-04T06:30:00+00:00,12924.96
2026-03-04T06:45:00+00:00,14045.8
2026-03-04T07:00:00+00:00,14529.52
2026-03-04T07:15:00+00:00,14876.4
2026-03-04T07:30:00+00:00,14623.24
2026-03-04T07:45:00+00:00,14339.52
2026-03-04T08:00:00+00:00,15989.72
2026-03-04T08:15:00+00:00,14786.0
2026-03-04T08:30:00+00:00,12923.24
2026-03-04T08:45:00+00:00,11101.84
2026-03-04T09:00:00+00:00,8764.92
2026-03-04T09:15:00+00:00,8038.48
2026-03-04T09:30:00+00:00,7445.6
2026-03-04T09:45:00+00:00,6539.84
2026-03-04T10:00:00+00:00,5898.8
2026-03-04T10:15:00+00:00,4765.36
2026-03-04T10:30:00+00:00,3823.0
2026-03-04T10:45:00+00:00,2729.28
2026-03-04T11:00:00+00:00,1669.28
2026-03-04T11:15:00+00:00,1670.56
2026-03-04T11:30:00+00:00,1674.76
2026-03-04T11:45:00+00:00,1669.12
2026-03-04T12:00:00+00:00,1668.4
2026-03-04T12:15:00+00:00,1683.04
2026-03-04T12:30:00+00:00,1680.16
2026-03-04T12:45:00+00:00,1682.48
2026-03-04T13:00:00+00:00,1678.48
2026-03-04T13:15:00+00:00,3326.56
2026-03-04T13:30:00+00:00,4955.96
2026-03-04T13:45:00+00:00,6570.76
2026-03-04T14:00:00+00:00,7902.88
2026-03-04T14:15:00+00:00,8879.76
2026-03-04T14:30:00+00:00,9522.12
2026-03-04T14:45:00+00:00,10130.68
2026-03-04T15:00:00+00:00,10351.96
2026-03-04T15:15:00+00:00,10083.08
2026-03-04T15:30:00+00:00,9584.92
2026-03-04T15:45:00+00:00,8926.6
2026-03-04T16:00:00+00:00,7724.44
2026-03-04T16:15:00+00:00,6436.72
2026-03-04T16:30:00+00:00,4901.4
2026-03-04T16:45:00+00:00,3364.84
2026-03-04T17:00:00+00:00,1427.24
2026-03-04T17:15:00+00:00,2300.24
2026-03-04T17:30:00+00:00,3200.24
2026-03-04T17:45:00+00:00,4007.2
2026-03-04T18:00:00+00:00,4830.8
2026-03-04T18:15:00+00:00,5514.24
2026-03-04T18:30:00+00:00,6287.84
2026-03-04T18:45:00+00:00,6794.24
2026-03-04T19:00:00+00:00,7392.64
2026-03-04T19:15:00+00:00,7699.76
2026-03-04T19:30:00+00:00,8021.8
2026-03-04T19:45:00+00:00,8225.6
2026-03-04T20:00:00+00:00,8225.76
2026-03-04T20:15:00+00:00,8229.92
2026-03-04T20:30:00+00:00,8047.16
2026-03-04T20:45:00+00:00,7773.8
2026-03-04T21:00:00+00:00,7300.64
2026-03-04T21:15:00+00:00,8243.92
2026-03-04T21:30:00+00:00,9083.24
2026-03-04T21:45:00+00:00,9593.12
2026-03-04T22:00:00+00:00,10063.6
2026-03-04T22:15:00+00:00,10140.84
2026-03-04T22:30:00+00:00,9800.96
2026-03-04T22:45:00+00:00,9368.28
2026-03-04T23:00:00+00:00,8704.28
2026-03-04T23:15:00+00:00,8501.08
2026-03-04T23:30:00+00:00,8229.56
2026-03-04T23:45:00+00:00,7405.44
2026-03-05T00:00:00+00:00,6662.88
2026-03-05T00:15:00+00:00,5434.56
2026-03-05T00:30:00+00:00,4210.0
2026-03-05T00:45:00+00:00,2828.24
2026-03-05T01:00:00+00:00,1410.8
2026-03-05T01:15:00+00:00,1384.72
2026-03-05T01:30:00+00:00,1404.4
2026-03-05T01:45:00+00:00,1420.08
2026-03-05T02:00:00+00:00,1407.32
2026-03-05T02:15:00+00:00,1391.04
2026-03-05T02:30:00+00:00,1412.2
2026-03-05T02:45:00+00:00,1414.6
2026-03-05T03:00:00+00:00,1418.24
2026-03-05T03:15:00+00:00,1407.64
2026-03-05T03:30:00+00:00,1393.04
2026-03-05T03:45:00+00:00,1422.32
2026-03-05T04:00:00+00:00,1399.88
2026-03-05T04:15:00+00:00,1401.68
2026-03-05T04:30:00+00:00,1390.96
2026-03-05T04:45:00+00:00,1416.2
2026-03-05T05:00:00+00:00,1396.08
2026-03-05T05:15:00+00:00,3714.08
2026-03-05T05:30:00+00:00,5988.4
2026-03-05T05:45:00+00:00,8150.48
2026-03-05T06:00:00+00:00,9859.56
2026-03-05T06:15:00+00:00,11414.2
2026-03-05T06:30:00+00:00,12945.68
2026-03-05T06:45:00+00:00,13890.84
2026-03-05T07:00:00+00:00,14566.84
2026-03-05T07:15:00+00:00,14826.96
2026-03-05T07:30:00+00:00,14749.64
2026-03-05T07:45:00+00:00,14129.36
2026-03-05T08:00:00+00:00,15647.96
2026-03-05T08:15:00+00:00,14551.76
2026-03-05T08:30:00+00:00,12915.8
2026-03-05T08:45:00+00:00,10880.88
2026-03-05T09:00:00+00:00,8740.04
2026-03-05T09:15:00+00:00,8075.0
2026-03-05T09:30:00+00:00,7479.16
2026-03-05T09:45:00+00:00,6602.12
2026-03-05T10:00:00+00:00,5725.08
2026-03-05T10:15:00+00:00,4810.92
2026-03-05T10:30:00+00:00,3745.2
2026-03-05T10:45:00+00:00,2735.16
2026-03-05T11:00:00+00:00,1659.6
2026-03-05T11:15:00+00:00,1714.04
2026-03-05T11:30:00+00:00,1691.08
2026-03-05T11:45:00+00:00,1668.76
2026-03-05T12:00:00+00:00,1675.04
2026-03-05T12:15:00+00:00,1662.56
2026-03-05T12:30:00+00:00,1677.28
2026-03-05T12:45:00+00:00,1681.96
2026-03-05T13:00:00+00:00,1664.8
2026-03-05T13:15:00+00:00,3376.64
2026-03-05T13:30:00+00:00,5006.0
2026-03-05T13:45:00+00:00,6479.72
2026-03-05T14:00:00+00:00,7744.04
2026-03-05T14:15:00+00:00,8878.2
2026-03-05T14:30:00+00:00,9687.64
2026-03-05T14:45:00+00:00,10167.52
2026-03-05T15:00:00+00:00,10330.04
2026-03-05T15:15:00+00:00,10181.16
2026-03-05T15:30:00+00:00,9578.52
2026-03-05T15:45:00+00:00,8870.92
2026-03-05T16:00:00+00:00,7911.28
2026-03-05T16:15:00+00:00,6471.64
2026-03-05T16:30:00+00:00,4935.8
2026-03-05T16:45:00+00:00,3354.4
2026-03-05T17:00:00+00:00,1387.08
2026-03-05T17:15:00+00:00,2289.2
2026-03-05T17:30:00+00:00,3200.08
2026-03-05T17:45:00+00:00,4037.56
2026-03-05T18:00:00+00:00,4778.72
2026-03-05T18:15:00+00:00,5573.12
2026-03-05T18:30:00+00:00,6176.68
2026-03-05T18:45:00+00:00,6777.48
2026-03-05T19:00:00+00:00,7404.16
2026-03-05T19:15:00+00:00,7699.0
2026-03-05T19:30:00+00:00,8145.76
2026-03-05T19:45:00+00:00,8282.76
2026-03-05T20:00:00+00:00,8244.6
2026-03-05T20:15:00+00:00,8125.04
2026-03-05T20:30:00+00:00,8064.0
2026-03-05T20:45:00+00:00,7677.16
2026-03-05T21:00:00+00:00,7332.88
2026-03-05T21:15:00+00:00,8246.28
2026-03-05T21:30:00+00:00,9026.64
2026-03-05T21:45:00+00:00,9642.28
2026-03-05T22:00:00+00:00,10065.28
2026-03-05T22:15:00+00:00,9920.08
2026-03-05T22:30:00+00:00,9781.32
2026-03-05T22:45:00+00:00,9470.96
2026-03-05T23:00:00+00:00,8707.36
2026-03-05T23:15:00+00:00,8445.04
2026-03-05T23:30:00+00:00,7953.56
2026-03-05T23:45:00+00:00,7452.96
2026-03-06T00:00:00+00:00,6498.48
2026-03-06T00:15:00+00:00,5373.32
2026-03-06T00:30:00+00:00,4106.0
2026-03-06T00:45:00+00:00,2789.08
2026-03-06T01:00:00+00:00,1402.52
2026-03-06T01:15:00+00:00,1425.56
2026-03-06T01:30:00+00:00,1414.16
2026-03-06T01:45:00+00:00,1421.0
2026-03-06T02:00:00+00:00,1407.44
2026-03-06T02:15:00+00:00,1395.48
2026-03-06T02:30:00+00:00,1430.12
2026-03-06T02:45:00+00:00,1435.68
2026-03-06T03:00:00+00:00,1419.96
2026-03-06T03:15:00+00:00,1411.68
2026-03-06T03:30:00+00:00,1405.52
2026-03-06T03:45:00+00:00,1395.52
2026-03-06T04:00:00+00:00,1396.08
2026-03-06T04:15:00+00:00,1414.0
2026-03-06T04:30:00+00:00,1410.12
2026-03-06T04:45:00+00:00,1422.64
2026-03-06T05:00:00+00:00,1406.0
2026-03-06T05:15:00+00:00,3714.16
2026-03-06T05:30:00+00:00,5925.92
2026-03-06T05:45:00+00:00,8010.36
2026-03-06T06:00:00+00:00,10045.52
2026-03-06T06:15:00+00:00,11625.88
2026-03-06T06:30:00+00:00,12902.8
2026-03-06T06:45:00+00:00,13941.0
2026-03-06T07:00:00+00:00,14788.96
2026-03-06T07:15:00+00:00,14820.4
2026-03-06T07:30:00+00:00,14609.72
2026-03-06T07:45:00+00:00,14245.0
2026-03-06T08:00:00+00:00,15655.36
2026-03-06T08:15:00+00:00,14677.04
2026-03-06T08:30:00+00:00,12775.68
2026-03-06T08:45:00+00:00,10848.08
2026-03-06T09:00:00+00:00,8642.0
2026-03-06T09:15:00+00:00,8069.32
2026-03-06T09:30:00+00:00,7543.72
2026-03-06T09:45:00+00:00,6614.16
2026-03-06T10:00:00+00:00,5760.68
2026-03-06T10:15:00+00:00,4644.56
2026-03-06T10:30:00+00:00,3769.36
2026-03-06T10:45:00+00:00,2766.08
2026-03-06T11:00:00+00:00,1670.44
2026-03-06T11:15:00+00:00,1689.52
2026-03-06T11:30:00+00:00,1682.8
2026-03-06T11:45:00+00:00,1682.2
2026-03-06T12:00:00+00:00,1674.2
2026-03-06T12:15:00+00:00,1669.0
2026-03-06T12:30:00+00:00,1668.56
2026-03-06T12:45:00+00:00,1679.76
2026-03-06T13:00:00+00:00,1676.08
2026-03-06T13:15:00+00:00,3363.64
2026-03-06T13:30:00+00:00,4989.96
2026-03-06T13:45:00+00:00,6479.32
2026-03-06T14:00:00+00:00,7809.8
2026-03-06T14:15:00+00:00,8984.32
2026-03-06T14:30:00+00:00,9620.16
2026-03-06T14:45:00+00:00,10117.88
2026-03-06T15:00:00+00:00,10299.84
2026-03-06T15:15:00+00:00,10135.36
2026-03-06T15:30:00+00:00,9756.72
2026-03-06T15:45:00+00:00,8954.88
2026-03-06T16:00:00+00:00,7698.16
2026-03-06T16:15:00+00:00,6531.96
2026-03-06T16:30:00+00:00,4973.88
2026-03-06T16:45:00+00:00,3347.24
2026-03-06T17:00:00+00:00,1409.6
2026-03-06T17:15:00+00:00,2337.8
2026-03-06T17:30:00+00:00,3149.64
2026-03-06T17:45:00+00:00,4050.24
2026-03-06T18:00:00+00:00,4772.08
2026-03-06T18:15:00+00:00,5505.08
2026-03-06T18:30:00+00:00,6197.6
2026-03-06T18:45:00+00:00,6730.72
2026-03-06T19:00:00+00:00,7374.8
2026-03-06T19:15:00+00:00,7778.2
2026-03-06T19:30:00+00:00,8105.56
2026-03-06T19:45:00+00:00,8159.56
2026-03-06T20:00:00+00:00,8273.84
2026-03-06T20:15:00+00:00,8204.52
2026-03-06T20:30:00+00:00,7850.44
2026-03-06T20:45:00+00:00,7620.8
2026-03-06T21:00:00+00:00,7379.6
2026-03-06T21:15:00+00:00,8297.36
2026-03-06T21:30:00+00:00,9018.88
2026-03-06T21:45:00+00:00,9432.28
2026-03-06T22:00:00+00:00,10068.4
2026-03-06T22:15:00+00:00,10009.4
2026-03-06T22:30:00+00:00,9914.08
2026-03-06T22:45:00+00:00,9355.44
2026-03-06T23:00:00+00:00,8673.44
2026-03-06T23:15:00+00:00,8546.44
2026-03-06T23:30:00+00:00,8067.24
2026-03-06T23:45:00+00:00,7413.8
2026-03-07T00:00:00+00:00,6555.8
2026-03-07T00:15:00+00:00,5459.84
2026-03-07T00:30:00+00:00,4131.2
2026-03-07T00:45:00+00:00,2783.36
2026-03-07T01:00:00+00:00,1402.84
2026-03-07T01:15:00+00:00,1433.12
2026-03-07T01:30:00+00:00,1409.88
2026-03-07T01:45:00+00:00,1396.92
2026-03-07T02:00:00+00:00,1397.28
2026-03-07T02:15:00+00:00,1399.76
2026-03-07T02:30:00+00:00,1404.16
2026-03-07T02:45:00+00:00,1416.36
2026-03-07T03:00:00+00:00,1408.24
2026-03-07T03:15:00+00:00,1414.32
2026-03-07T03:30:00+00:00,1409.96
2026-03-07T03:45:00+00:00,1394.44
2026-03-07T04:00:00+00:00,1406.0
2026-03-07T04:15:00+00:00,1390.24
2026-03-07T04:30:00+00:00,1416.4
2026-03-07T04:45:00+00:00,1398.92
2026-03-07T05:00:00+00:00,1394.96
2026-03-07T05:15:00+00:00,3672.64
2026-03-07T05:30:00+00:00,6008.92
2026-03-07T05:45:00+00:00,8019.48
2026-03-07T06:00:00+00:00,9829.08
2026-03-07T06:15:00+00:00,11630.8
2026-03-07T06:30:00+00:00,13077.72
2026-03-07T06:45:00+00:00,13882.32
2026-03-07T07:00:00+00:00,14379.2
2026-03-07T07:15:00+00:00,14817.28
2026-03-07T07:30:00+00:00,14708.4
2026-03-07T07:45:00+00:00,14166.12
2026-03-07T08:00:00+00:00,13358.68
2026-03-07T08:15:00+00:00,12156.92
2026-03-07T08:30:00+00:00,10722.12
2026-03-07T08:45:00+00:00,9150.08
2026-03-07T09:00:00+00:00,7359.32
2026-03-07T09:15:00+00:00,6782.16
2026-03-07T09:30:00+00:00,6221.0
2026-03-07T09:45:00+00:00,5560.04
2026-03-07T10:00:00+00:00,4809.88
2026-03-07T10:15:00+00:00,4003.92
2026-03-07T10:30:00+00:00,3187.96
2026-03-07T10:45:00+00:00,2314.04
2026-03-07T11:00:00+00:00,1406.6
2026-03-07T11:15:00+00:00,1380.8
2026-03-07T11:30:00+00:00,1406.76
2026-03-07T11:45:00+00:00,1406.4
2026-03-07T12:00:00+00:00,1411.32
2026-03-07T12:15:00+00:00,1400.32
2026-03-07T12:30:00+00:00,1391.6
2026-03-07T12:45:00+00:00,1400.12
2026-03-07T13:00:00+00:00,1403.76
2026-03-07T13:15:00+00:00,2834.24
2026-03-07T13:30:00+00:00,4146.4
2026-03-07T13:45:00+00:00,5421.92
2026-03-07T14:00:00+00:00,6542.76
2026-03-07T14:15:00+00:00,7474.36
2026-03-07T14:30:00+00:00,8180.88
2026-03-07T14:45:00+00:00,8470.84
2026-03-07T15:00:00+00:00,8575.28
2026-03-07T15:15:00+00:00,8568.0
2026-03-07T15:30:00+00:00,8213.64
2026-03-07T15:45:00+00:00,7421.0
2026-03-07T16:00:00+00:00,6592.88
2026-03-07T16:15:00+00:00,5476.96
2026-03-07T16:30:00+00:00,4257.28
2026-03-07T16:45:00+00:00,2842.24
2026-03-07T17:00:00+00:00,1422.2
2026-03-07T17:15:00+00:00,2277.08
2026-03-07T17:30:00+00:00,3136.96
2026-03-07T17:45:00+00:00,3980.68
2026-03-07T18:00:00+00:00,4819.0
2026-03-07T18:15:00+00:00,5645.28
2026-03-07T18:30:00+00:00,6287.16
2026-03-07T18:45:00+00:00,6789.6
2026-03-07T19:00:00+00:00,7340.88
2026-03-07T19:15:00+00:00,7752.36
2026-03-07T19:30:00+00:00,7913.68
2026-03-07T19:45:00+00:00,8162.76
2026-03-07T20:00:00+00:00,8276.04
2026-03-07T20:15:00+00:00,8151.52
2026-03-07T20:30:00+00:00,7997.16
2026-03-07T20:45:00+00:00,7807.28
2026-03-07T21:00:00+00:00,7278.0
2026-03-07T21:15:00+00:00,8334.44
2026-03-07T21:30:00+00:00,8943.44
2026-03-07T21:45:00+00:00,9589.32
2026-03-07T22:00:00+00:00,9947.84
2026-03-07T22:15:00+00:00,10031.84
2026-03-07T22:30:00+00:00,9710.72
2026-03-07T22:45:00+00:00,9393.12
2026-03-07T23:00:00+00:00,8677.2
2026-03-07T23:15:00+00:00,8455.72
2026-03-07T23:30:00+00:00,8138.28
2026-03-07T23:45:00+00:00,7448.04
2026-03-08T00:00:00+00:00,6438.16
2026-03-08T00:15:00+00:00,5431.16
2026-03-08T00:30:00+00:00,4121.92
2026-03-08T00:45:00+00:00,2806.72
2026-03-08T01:00:00+00:00,1415.12
2026-03-08T01:15:00+00:00,1396.72
2026-03-08T01:30:00+00:00,1420.96
2026-03-08T01:45:00+00:00,1398.96
2026-03-08T02:00:00+00:00,1410.4
2026-03-08T02:15:00+00:00,1404.2
2026-03-08T02:30:00+00:00,1403.28
2026-03-08T02:45:00+00:00,1406.12
2026-03-08T03:00:00+00:00,1403.36
2026-03-08T03:15:00+00:00,1409.6
2026-03-08T03:30:00+00:00,1392.36
2026-03-08T03:45:00+00:00,1408.28
2026-03-08T04:00:00+00:00,1427.04
2026-03-08T04:15:00+00:00,1399.16
2026-03-08T04:30:00+00:00,1392.28
2026-03-08T04:45:00+00:00,1417.48
2026-03-08T05:00:00+00:00,1425.4
2026-03-08T05:15:00+00:00,3687.24
2026-03-08T05:30:00+00:00,5901.36
2026-03-08T05:45:00+00:00,8119.04
2026-03-08T06:00:00+00:00,9953.0
2026-03-08T06:15:00+00:00,11618.08
2026-03-08T06:30:00+00:00,12923.92
2026-03-08T06:45:00+00:00,14042.16
2026-03-08T07:00:00+00:00,14323.76
2026-03-08T07:15:00+00:00,15003.68
2026-03-08T07:30:00+00:00,14567.28
2026-03-08T07:45:00+00:00,14467.48
2026-03-08T08:00:00+00:00,13372.96
2026-03-08T08:15:00+00:00,12300.0
2026-03-08T08:30:00+00:00,10866.44
2026-03-08T08:45:00+00:00,9007.8
2026-03-08T09:00:00+00:00,7353.48
2026-03-08T09:15:00+00:00,6847.96
2026-03-08T09:30:00+00:00,6271.72
2026-03-08T09:45:00+00:00,5592.48
2026-03-08T10:00:00+00:00,4836.68
2026-03-08T10:15:00+00:00,4036.56
2026-03-08T10:30:00+00:00,3183.4
2026-03-08T10:45:00+00:00,2277.0
2026-03-08T11:00:00+00:00,1409.0
2026-03-08T11:15:00+00:00,1428.96
2026-03-08T11:30:00+00:00,1431.16
2026-03-08T11:45:00+00:00,1408.4
2026-03-08T12:00:00+00:00,1410.84
2026-03-08T12:15:00+00:00,1398.04
2026-03-08T12:30:00+00:00,1418.4
2026-03-08T12:45:00+00:00,1400.88
2026-03-08T13:00:00+00:00,1414.76
2026-03-08T13:15:00+00:00,2836.32
2026-03-08T13:30:00+00:00,4122.24
2026-03-08T13:45:00+00:00,5478.76
2026-03-08T14:00:00+00:00,6550.96
2026-03-08T14:15:00+00:00,7401.36
2026-03-08T14:30:00+00:00,8107.0
2026-03-08T14:45:00+00:00,8510.6
2026-03-08T15:00:00+00:00,8608.92
2026-03-08T15:15:00+00:00,8568.92
2026-03-08T15:30:00+00:00,8112.72
2026-03-08T15:45:00+00:00,7458.08
2026-03-08T16:00:00+00:00,6590.64
2026-03-08T16:15:00+00:00,5438.28
2026-03-08T16:30:00+00:00,4187.56
2026-03-08T16:45:00+00:00,2789.16
2026-03-08T17:00:00+00:00,1420.0
2026-03-08T17:15:00+00:00,2306.8
2026-03-08T17:30:00+00:00,3174.72
2026-03-08T17:45:00+00:00,4032.36
2026-03-08T18:00:00+00:00,4775.88
2026-03-08T18:15:00+00:00,5539.52
2026-03-08T18:30:00+00:00,6242.2
2026-03-08T18:45:00+00:00,6803.52
2026-03-08T19:00:00+00:00,7308.84
2026-03-08T19:15:00+00:00,7746.36
2026-03-08T19:30:00+00:00,8259.88
2026-03-08T19:45:00+00:00,8255.04
2026-03-08T20:00:00+00:00,8196.56
2026-03-08T20:15:00+00:00,8143.36
2026-03-08T20:30:00+00:00,7945.8
2026-03-08T20:45:00+00:00,7708.12
2026-03-08T21:00:00+00:00,7360.64
2026-03-08T21:15:00+00:00,8125.8
2026-03-08T21:30:00+00:00,9082.08
2026-03-08T21:45:00+00:00,9532.56
2026-03-08T22:00:00+00:00,9959.48
2026-03-08T22:15:00+00:00,10083.84
2026-03-08T22:30:00+00:00,9695.6
2026-03-08T22:45:00+00:00,9263.0
2026-03-08T23:00:00+00:00,8598.48
2026-03-08T23:15:00+00:00,8475.72
2026-03-08T23:30:00+00:00,8170.44
2026-03-08T23:45:00+00:00,7404.64
2026-03-09T00:00:00+00:00,6446.24
2026-03-09T00:15:00+00:00,5485.64
2026-03-09T00:30:00+00:00,4191.2
2026-03-09T00:45:00+00:00,2794.24
2026-03-09T01:00:00+00:00,1388.36
2026-03-09T01:15:00+00:00,1404.08
2026-03-09T01:30:00+00:00,1411.08
2026-03-09T01:45:00+00:00,1436.56
2026-03-09T02:00:00+00:00,1409.48
2026-03-09T02:15:00+00:00,1398.36
2026-03-09T02:30:00+00:00,1412.6
2026-03-09T02:45:00+00:00,1429.04
2026-03-09T03:00:00+00:00,1402.36
2026-03-09T03:15:00+00:00,1408.4
2026-03-09T03:30:00+00:00,1406.88
2026-03-09T03:45:00+00:00,1411.64
2026-03-09T04:00:00+00:00,1412.52
2026-03-09T04:15:00+00:00,1407.52
2026-03-09T04:30:00+00:00,1418.68
2026-03-09T04:45:00+00:00,1397.96
2026-03-09T05:00:00+00:00,1390.92
2026-03-09T05:15:00+00:00,3708.36
2026-03-09T05:30:00+00:00,6041.64
2026-03-09T05:45:00+00:00,7981.92
2026-03-09T06:00:00+00:00,9887.64
2026-03-09T06:15:00+00:00,11566.76
2026-03-09T06:30:00+00:00,13036.6
2026-03-09T06:45:00+00:00,13967.72
2026-03-09T07:00:00+00:00,14382.44
2026-03-09T07:15:00+00:00,14833.16
2026-03-09T07:30:00+00:00,14661.64
2026-03-09T07:45:00+00:00,14223.08
2026-03-09T08:00:00+00:00,15954.76
2026-03-09T08:15:00+00:00,14752.84
2026-03-09T08:30:00+00:00,12899.6
2026-03-09T08:45:00+00:00,10939.24
2026-03-09T09:00:00+00:00,8814.16
2026-03-09T09:15:00+00:00,8121.92
2026-03-09T09:30:00+00:00,7488.28
2026-03-09T09:45:00+00:00,6536.88
2026-03-09T10:00:00+00:00,5736.28
2026-03-09T10:15:00+00:00,4755.12
2026-03-09T10:30:00+00:00,3788.6
2026-03-09T10:45:00+00:00,2788.64
2026-03-09T11:00:00+00:00,1672.0
2026-03-09T11:15:00+00:00,1676.6
2026-03-09T11:30:00+00:00,1686.28
2026-03-09T11:45:00+00:00,1678.76
2026-03-09T12:00:00+00:00,1676.04
2026-03-09T12:15:00+00:00,1662.52
2026-03-09T12:30:00+00:00,1695.4
2026-03-09T12:45:00+00:00,1679.52
2026-03-09T13:00:00+00:00,1670.84
2026-03-09T13:15:00+00:00,3378.32
2026-03-09T13:30:00+00:00,5000.16
2026-03-09T13:45:00+00:00,6512.36
2026-03-09T14:00:00+00:00,7757.64
2026-03-09T14:15:00+00:00,8833.92
2026-03-09T14:30:00+00:00,9566.24
2026-03-09T14:45:00+00:00,10362.52
2026-03-09T15:00:00+00:00,10315.0
2026-03-09T15:15:00+00:00,10107.24
2026-03-09T15:30:00+00:00,9507.16
2026-03-09T15:45:00+00:00,8836.04
2026-03-09T16:00:00+00:00,7886.0
2026-03-09T16:15:00+00:00,6502.52
2026-03-09T16:30:00+00:00,4986.6
2026-03-09T16:45:00+00:00,3375.44
2026-03-09T17:00:00+00:00,1410.08
2026-03-09T17:15:00+00:00,2271.36
2026-03-09T17:30:00+00:00,3181.16
2026-03-09T17:45:00+00:00,4031.44
2026-03-09T18:00:00+00:00,4804.84
2026-03-09T18:15:00+00:00,5461.04
2026-03-09T18:30:00+00:00,6216.96
2026-03-09T18:45:00+00:00,6811.52
2026-03-09T19:00:00+00:00,7448.88
2026-03-09T19:15:00+00:00,7786.28
2026-03-09T19:30:00+00:00,8015.28
2026-03-09T19:45:00+00:00,8234.64
2026-03-09T20:00:00+00:00,8275.52
2026-03-09T20:15:00+00:00,8187.72
2026-03-09T20:30:00+00:00,8043.88
2026-03-09T20:45:00+00:00,7768.88
2026-03-09T21:00:00+00:00,7320.96
2026-03-09T21:15:00+00:00,8158.0
2026-03-09T21:30:00+00:00,8996.96
2026-03-09T21:45:00+00:00,9610.16
2026-03-09T22:00:00+00:00,9931.36
2026-03-09T22:15:00+00:00,9871.92
2026-03-09T22:30:00+00:00,9822.64
2026-03-09T22:45:00+00:00,9292.08
2026-03-09T23:00:00+00:00,8580.52
2026-03-09T23:15:00+00:00,8521.84
2026-03-09T23:30:00+00:00,8007.44
2026-03-09T23:45:00+00:00,7446.36
2026-03-10T00:00:00+00:00,6542.28
2026-03-10T00:15:00+00:00,5514.12
2026-03-10T00:30:00+00:00,4222.2
2026-03-10T00:45:00+00:00,2820.24
2026-03-10T01:00:00+00:00,1433.32
2026-03-10T01:15:00+00:00,1395.84
2026-03-10T01:30:00+00:00,1419.16
2026-03-10T01:45:00+00:00,1403.04
2026-03-10T02:00:00+00:00,1412.6
2026-03-10T02:15:00+00:00,1414.64
2026-03-10T02:30:00+00:00,1400.76
2026-03-10T02:45:00+00:00,1393.24
2026-03-10T03:00:00+00:00,1392.08
2026-03-10T03:15:00+00:00,1412.8
2026-03-10T03:30:00+00:00,1400.84
2026-03-10T03:45:00+00:00,1404.72
2026-03-10T04:00:00+00:00,1400.76
2026-03-10T04:15:00+00:00,1418.24
2026-03-10T04:30:00+00:00,1413.44
2026-03-10T04:45:00+00:00,1427.64
2026-03-10T05:00:00+00:00,1389.44
2026-03-10T05:15:00+00:00,3716.04
2026-03-10T05:30:00+00:00,5967.16
2026-03-10T05:45:00+00:00,7978.92
2026-03-10T06:00:00+00:00,9864.44
2026-03-10T06:15:00+00:00,11421.04
2026-03-10T06:30:00+00:00,12856.0
2026-03-10T06:45:00+00:00,13823.84
2026-03-10T07:00:00+00:00,14507.4
2026-03-10T07:15:00+00:00,14908.08
2026-03-10T07:30:00+00:00,14612.04
2026-03-10T07:45:00+00:00,14257.2
2026-03-10T08:00:00+00:00,16137.28
2026-03-10T08:15:00+00:00,14291.6
2026-03-10T08:30:00+00:00,12887.48
2026-03-10T08:45:00+00:00,10946.32
2026-03-10T09:00:00+00:00,8733.64
2026-03-10T09:15:00+00:00,8188.4
2026-03-10T09:30:00+00:00,7471.68
2026-03-10T09:45:00+00:00,6633.64
2026-03-10T10:00:00+00:00,5775.92
2026-03-10T10:15:00+00:00,4806.0
2026-03-10T10:30:00+00:00,3747.68
2026-03-10T10:45:00+00:00,2725.28
2026-03-10T11:00:00+00:00,1673.4
2026-03-10T11:15:00+00:00,1673.4
2026-03-10T11:30:00+00:00,1674.88
2026-03-10T11:45:00+00:00,1666.48
2026-03-10T12:00:00+00:00,1656.36
2026-03-10T12:15:00+00:00,1691.36
2026-03-10T12:30:00+00:00,1684.08
2026-03-10T12:45:00+00:00,1689.88
2026-03-10T13:00:00+00:00,1666.84
2026-03-10T13:15:00+00:00,3337.08
2026-03-10T13:30:00+00:00,4908.72
2026-03-10T13:45:00+00:00,6413.56
2026-03-10T14:00:00+00:00,7730.48
2026-03-10T14:15:00+00:00,8788.64
2026-03-10T14:30:00+00:00,9549.72
2026-03-10T14:45:00+00:00,10111.12
2026-03-10T15:00:00+00:00,10272.88
2026-03-10T15:15:00+00:00,10145.6
2026-03-10T15:30:00+00:00,9610.72
2026-03-10T15:45:00+00:00,8851.56
2026-03-10T16:00:00+00:00,7851.52
2026-03-10T16:15:00+00:00,6448.68
2026-03-10T16:30:00+00:00,4959.96
2026-03-10T16:45:00+00:00,3375.16
2026-03-10T17:00:00+00:00,1392.44
2026-03-10T17:15:00+00:00,2320.8
2026-03-10T17:30:00+00:00,3151.24
2026-03-10T17:45:00+00:00,4006.84
2026-03-10T18:00:00+00:00,4820.76
2026-03-10T18:15:00+00:00,5602.96
2026-03-10T18:30:00+00:00,6273.24
2026-03-10T18:45:00+00:00,6868.68
2026-03-10T19:00:00+00:00,7349.08
2026-03-10T19:15:00+00:00,7839.52
2026-03-10T19:30:00+00:00,8024.48
2026-03-10T19:45:00+00:00,8258.92
2026-03-10T20:00:00+00:00,8090.36
2026-03-10T20:15:00+00:00,8346.72
2026-03-10T20:30:00+00:00,7908.12
2026-03-10T20:45:00+00:00,7720.88
2026-03-10T21:00:00+00:00,7312.12
2026-03-10T21:15:00+00:00,8318.72
2026-03-10T21:30:00+00:00,9062.88
2026-03-10T21:45:00+00:00,9634.84
2026-03-10T22:00:00+00:00,9845.52
2026-03-10T22:15:00+00:00,10129.24
2026-03-10T22:30:00+00:00,9807.2
2026-03-10T22:45:00+00:00,9288.48
2026-03-10T23:00:00+00:00,8680.16
2026-03-10T23:15:00+00:00,8413.12
2026-03-10T23:30:00+00:00,8054.6
2026-03-10T23:45:00+00:00,7419.12
2026-03-11T00:00:00+00:00,6603.92
2026-03-11T00:15:00+00:00,5413.88
2026-03-11T00:30:00+00:00,4188.92
2026-03-11T00:45:00+00:00,2798.84
2026-03-11T01:00:00+00:00,1415.28
2026-03-11T01:15:00+00:00,1424.92
2026-03-11T01:30:00+00:00,1415.56
2026-03-11T01:45:00+00:00,1412.68
2026-03-11T02:00:00+00:00,1420.84
2026-03-11T02:15:00+00:00,1422.28
2026-03-11T02:30:00+00:00,1383.4
2026-03-11T02:45:00+00:00,1408.32
2026-03-11T03:00:00+00:00,1393.4
2026-03-11T03:15:00+00:00,1411.56
2026-03-11T03:30:00+00:00,1399.52
2026-03-11T03:45:00+00:00,1418.0
2026-03-11T04:00:00+00:00,1414.88
2026-03-11T04:15:00+00:00,1414.88
2026-03-11T04:30:00+00:00,1421.2
2026-03-11T04:45:00+00:00,1405.84
2026-03-11T05:00:00+00:00,1420.64
2026-03-11T05:15:00+00:00,3671.84
2026-03-11T05:30:00+00:00,5932.16
2026-03-11T05:45:00+00:00,7973.76
2026-03-11T06:00:00+00:00,10122.04
2026-03-11T06:15:00+00:00,11496.4
2026-03-11T06:30:00+00:00,12925.48
2026-03-11T06:45:00+00:00,13877.24
2026-03-11T07:00:00+00:00,14663.88
2026-03-11T07:15:00+00:00,14866.08
2026-03-11T07:30:00+00:00,14851.48
2026-03-11T07:45:00+00:00,14459.6
2026-03-11T08:00:00+00:00,15952.08
2026-03-11T08:15:00+00:00,14642.68
2026-03-11T08:30:00+00:00,12930.48
2026-03-11T08:45:00+00:00,10757.04
2026-03-11T09:00:00+00:00,8818.4
2026-03-11T09:15:00+00:00,8221.24
2026-03-11T09:30:00+00:00,7533.84
2026-03-11T09:45:00+00:00,6563.16
2026-03-11T10:00:00+00:00,5746.48
2026-03-11T10:15:00+00:00,4818.72
2026-03-11T10:30:00+00:00,3733.88
2026-03-11T10:45:00+00:00,2749.88
2026-03-11T11:00:00+00:00,1669.04
2026-03-11T11:15:00+00:00,1656.16
2026-03-11T11:30:00+00:00,1693.88
2026-03-11T11:45:00+00:00,1683.52
2026-03-11T12:00:00+00:00,1680.56
2026-03-11T12:15:00+00:00,1672.8
2026-03-11T12:30:00+00:00,1671.68
2026-03-11T12:45:00+00:00,1694.4
2026-03-11T13:00:00+00:00,1692.04
2026-03-11T13:15:00+00:00,3354.36
2026-03-11T13:30:00+00:00,5059.2
2026-03-11T13:45:00+00:00,6426.4
2026-03-11T14:00:00+00:00,7723.88
2026-03-11T14:15:00+00:00,8803.92
2026-03-11T14:30:00+00:00,9572.36
2026-03-11T14:45:00+00:00,10141.28
2026-03-11T15:00:00+00:00,10272.32
2026-03-11T15:15:00+00:00,10039.76
2026-03-11T15:30:00+00:00,9516.16
2026-03-11T15:45:00+00:00,8960.92
2026-03-11T16:00:00+00:00,7826.8
2026-03-11T16:15:00+00:00,6491.2
2026-03-11T16:30:00+00:00,4924.08
2026-03-11T16:45:00+00:00,3306.36
2026-03-11T17:00:00+00:00,1421.68
2026-03-11T17:15:00+00:00,2265.44
2026-03-11T17:30:00+00:00,3145.84
2026-03-11T17:45:00+00:00,4016.4
2026-03-11T18:00:00+00:00,4875.0
2026-03-11T18:15:00+00:00,5467.68
2026-03-11T18:30:00+00:00,6205.04
2026-03-11T18:45:00+00:00,6805.12
2026-03-11T19:00:00+00:00,7369.08
2026-03-11T19:15:00+00:00,7700.28
2026-03-11T19:30:00+00:00,7939.16
2026-03-11T19:45:00+00:00,8169.28
2026-03-11T20:00:00+00:00,8201.4
2026-03-11T20:15:00+00:00,8273.64
2026-03-11T20:30:00+00:00,8177.28
2026-03-11T20:45:00+00:00,7772.68
2026-03-11T21:00:00+00:00,7375.36
2026-03-11T21:15:00+00:00,8251.04
2026-03-11T21:30:00+00:00,8949.88
2026-03-11T21:45:00+00:00,9517.08
2026-03-11T22:00:00+00:00,9815.0
2026-03-11T22:15:00+00:00,10086.92
2026-03-11T22:30:00+00:00,9842.68
2026-03-11T22:45:00+00:00,9405.04
2026-03-11T23:00:00+00:00,8680.44
2026-03-11T23:15:00+00:00,8586.8
2026-03-11T23:30:00+00:00,8027.88
2026-03-11T23:45:00+00:00,7394.96
2026-03-12T00:00:00+00:00,6533.64
2026-03-12T00:15:00+00:00,5432.52
2026-03-12T00:30:00+00:00,4204.32
2026-03-12T00:45:00+00:00,2806.0
2026-03-12T01:00:00+00:00,1415.08
2026-03-12T01:15:00+00:00,1403.44
2026-03-12T01:30:00+00:00,1404.4
2026-03-12T01:45:00+00:00,1395.16
2026-03-12T02:00:00+00:00,1418.72
2026-03-12T02:15:00+00:00,1427.24
2026-03-12T02:30:00+00:00,1411.52
2026-03-12T02:45:00+00:00,1423.76
2026-03-12T03:00:00+00:00,1410.0
2026-03-12T03:15:00+00:00,1405.24
2026-03-12T03:30:00+00:00,1409.44
2026-03-12T03:45:00+00:00,1418.76
2026-03-12T04:00:00+00:00,1419.0
2026-03-12T04:15:00+00:00,1421.8
2026-03-12T04:30:00+00:00,1415.92
2026-03-12T04:45:00+00:00,1406.68
2026-03-12T05:00:00+00:00,1400.84
2026-03-12T05:15:00+00:00,3720.12
2026-03-12T05:30:00+00:00,5893.64
2026-03-12T05:45:00+00:00,8029.56
2026-03-12T06:00:00+00:00,10065.64
2026-03-12T06:15:00+00:00,11679.36
2026-03-12T06:30:00+00:00,13127.56
2026-03-12T06:45:00+00:00,13987.96
2026-03-12T07:00:00+00:00,14620.16
2026-03-12T07:15:00+00:00,14818.36
2026-03-12T07:30:00+00:00,14499.6
2026-03-12T07:45:00+00:00,14491.84
2026-03-12T08:00:00+00:00,15789.32
2026-03-12T08:15:00+00:00,14470.24
2026-03-12T08:30:00+00:00,12743.12
2026-03-12T08:45:00+00:00,10834.12
2026-03-12T09:00:00+00:00,8851.92
2026-03-12T09:15:00+00:00,8162.96
2026-03-12T09:30:00+00:00,7538.2
2026-03-12T09:45:00+00:00,6653.0
2026-03-12T10:00:00+00:00,5822.12
2026-03-12T10:15:00+00:00,4831.72
2026-03-12T10:30:00+00:00,3858.12
2026-03-12T10:45:00+00:00,2751.88
2026-03-12T11:00:00+00:00,1654.92
2026-03-12T11:15:00+00:00,1680.04
2026-03-12T11:30:00+00:00,1693.4
2026-03-12T11:45:00+00:00,1663.32
2026-03-12T12:00:00+00:00,1650.24
2026-03-12T12:15:00+00:00,1673.08
2026-03-12T12:30:00+00:00,1689.08
2026-03-12T12:45:00+00:00,1673.8
2026-03-12T13:00:00+00:00,1653.08
2026-03-12T13:15:00+00:00,3371.68
2026-03-12T13:30:00+00:00,5007.32
2026-03-12T13:45:00+00:00,6380.48
2026-03-12T14:00:00+00:00,7760.24
2026-03-12T14:15:00+00:00,8737.32
2026-03-12T14:30:00+00:00,9515.16
2026-03-12T14:45:00+00:00,9998.36
2026-03-12T15:00:00+00:00,10184.96
2026-03-12T15:15:00+00:00,10230.0
2026-03-12T15:30:00+00:00,9618.76
2026-03-12T15:45:00+00:00,8894.24
2026-03-12T16:00:00+00:00,7789.64
2026-03-12T16:15:00+00:00,6489.68
2026-03-12T16:30:00+00:00,4971.88
2026-03-12T16:45:00+00:00,3401.96
2026-03-12T17:00:00+00:00,1416.32
2026-03-12T17:15:00+00:00,2300.8
2026-03-12T17:30:00+00:00,3163.12
2026-03-12T17:45:00+00:00,4057.88
2026-03-12T18:00:00+00:00,4840.88
2026-03-12T18:15:00+00:00,5577.84
2026-03-12T18:30:00+00:00,6261.92
2026-03-12T18:45:00+00:00,6806.08
2026-03-12T19:00:00+00:00,7412.0
2026-03-12T19:15:00+00:00,7651.76
2026-03-12T19:30:00+00:00,7933.76
2026-03-12T19:45:00+00:00,8216.52
2026-03-12T20:00:00+00:00,8331.76
2026-03-12T20:15:00+00:00,8124.36
2026-03-12T20:30:00+00:00,8057.96
2026-03-12T20:45:00+00:00,7632.88
2026-03-12T21:00:00+00:00,7294.8
2026-03-12T21:15:00+00:00,8270.12
2026-03-12T21:30:00+00:00,8995.12
2026-03-12T21:45:00+00:00,9599.44
2026-03-12T22:00:00+00:00,9894.16
2026-03-12T22:15:00+00:00,9905.68
2026-03-12T22:30:00+00:00,9884.32
2026-03-12T22:45:00+00:00,9315.12
2026-03-12T23:00:00+00:00,8587.44
2026-03-12T23:15:00+00:00,8469.8
2026-03-12T23:30:00+00:00,8072.04
2026-03-12T23:45:00+00:00,7405.52
2026-03-13T00:00:00+00:00,6535.24
2026-03-13T00:15:00+00:00,5390.24
2026-03-13T00:30:00+00:00,4175.84
2026-03-13T00:45:00+00:00,2808.76
2026-03-13T01:00:00+00:00,1426.6
2026-03-13T01:15:00+00:00,1405.2
2026-03-13T01:30:00+00:00,1418.64
2026-03-13T01:45:00+00:00,1416.0
2026-03-13T02:00:00+00:00,1393.96
2026-03-13T02:15:00+00:00,1409.72
2026-03-13T02:30:00+00:00,1393.44
2026-03-13T02:45:00+00:00,1392.2
2026-03-13T03:00:00+00:00,1410.0
2026-03-13T03:15:00+00:00,1411.08
2026-03-13T03:30:00+00:00,1390.88
2026-03-13T03:45:00+00:00,1409.32
2026-03-13T04:00:00+00:00,1429.76
2026-03-13T04:15:00+00:00,1401.88
2026-03-13T04:30:00+00:00,1406.84
2026-03-13T04:45:00+00:00,1409.72
2026-03-13T05:00:00+00:00,1395.68
2026-03-13T05:15:00+00:00,3665.2
2026-03-13T05:30:00+00:00,5928.24
2026-03-13T05:45:00+00:00,8043.52
2026-03-13T06:00:00+00:00,9949.6
2026-03-13T06:15:00+00:00,11621.08
2026-03-13T06:30:00+00:00,13011.44
2026-03-13T06:45:00+00:00,14072.76
2026-03-13T07:00:00+00:00,14690.72
2026-03-13T07:15:00+00:00,14870.28
2026-03-13T07:30:00+00:00,14693.68
2026-03-13T07:45:00+00:00,14143.16
2026-03-13T08:00:00+00:00,16009.52
2026-03-13T08:15:00+00:00,14380.32
2026-03-13T08:30:00+00:00,12799.04
2026-03-13T08:45:00+00:00,10958.28
2026-03-13T09:00:00+00:00,8809.6
2026-03-13T09:15:00+00:00,8166.48
2026-03-13T09:30:00+00:00,7476.72
2026-03-13T09:45:00+00:00,6637.72
2026-03-13T10:00:00+00:00,5735.88
2026-03-13T10:15:00+00:00,4861.08
2026-03-13T10:30:00+00:00,3783.52
2026-03-13T10:45:00+00:00,2762.56
2026-03-13T11:00:00+00:00,1698.16
2026-03-13T11:15:00+00:00,1670.4
2026-03-13T11:30:00+00:00,1672.24
2026-03-13T11:45:00+00:00,1674.8
2026-03-13T12:00:00+00:00,1671.92
2026-03-13T12:15:00+00:00,1676.96
2026-03-13T12:30:00+00:00,1683.4
2026-03-13T12:45:00+00:00,1694.92
2026-03-13T13:00:00+00:00,1678.52
2026-03-13T13:15:00+00:00,3346.6
2026-03-13T13:30:00+00:00,4966.8
2026-03-13T13:45:00+00:00,6511.6
2026-03-13T14:00:00+00:00,7818.92
2026-03-13T14:15:00+00:00,8929.64
2026-03-13T14:30:00+00:00,9586.12
2026-03-13T14:45:00+00:00,9976.52
2026-03-13T15:00:00+00:00,10246.92
2026-03-13T15:15:00+00:00,10197.6
2026-03-13T15:30:00+00:00,9627.32
2026-03-13T15:45:00+00:00,8962.04
2026-03-13T16:00:00+00:00,7745.36
2026-03-13T16:15:00+00:00,6476.52
2026-03-13T16:30:00+00:00,4960.08
2026-03-13T16:45:00+00:00,3385.32
2026-03-13T17:00:00+00:00,1411.88
2026-03-13T17:15:00+00:00,2290.88
2026-03-13T17:30:00+00:00,3171.12
2026-03-13T17:45:00+00:00,4039.36
2026-03-13T18:00:00+00:00,4805.4
2026-03-13T18:15:00+00:00,5525.52
2026-03-13T18:30:00+00:00,6299.6
2026-03-13T18:45:00+00:00,6824.28
2026-03-13T19:00:00+00:00,7363.44
2026-03-13T19:15:00+00:00,7670.12
2026-03-13T19:30:00+00:00,7933.0
2026-03-13T19:45:00+00:00,8177.56
2026-03-13T20:00:00+00:00,8223.32
2026-03-13T20:15:00+00:00,8251.72
2026-03-13T20:30:00+00:00,7956.64
2026-03-13T20:45:00+00:00,7735.88
2026-03-13T21:00:00+00:00,7377.6
2026-03-13T21:15:00+00:00,8241.12
2026-03-13T21:30:00+00:00,8947.4
2026-03-13T21:45:00+00:00,9513.88
2026-03-13T22:00:00+00:00,9857.56
2026-03-13T22:15:00+00:00,10111.6
2026-03-13T22:30:00+00:00,9830.6
2026-03-13T22:45:00+00:00,9448.72
2026-03-13T23:00:00+00:00,8705.72
2026-03-13T23:15:00+00:00,8425.76
2026-03-13T23:30:00+00:00,7991.44
2026-03-13T23:45:00+00:00,7378.52
2026-03-14T00:00:00+00:00,6615.12
2026-03-14T00:15:00+00:00,5474.24
2026-03-14T00:30:00+00:00,4208.76
2026-03-14T00:45:00+00:00,2826.24
2026-03-14T01:00:00+00:00,1414.32
2026-03-14T01:15:00+00:00,1418.12
2026-03-14T01:30:00+00:00,1406.48
2026-03-14T01:45:00+00:00,1412.48
2026-03-14T02:00:00+00:00,1411.24
2026-03-14T02:15:00+00:00,1385.44
2026-03-14T02:30:00+00:00,1404.68
2026-03-14T02:45:00+00:00,1407.52
2026-03-14T03:00:00+00:00,1419.04
2026-03-14T03:15:00+00:00,1409.4
2026-03-14T03:30:00+00:00,1403.64
2026-03-14T03:45:00+00:00,1404.72
2026-03-14T04:00:00+00:00,1397.28
2026-03-14T04:15:00+00:00,1405.36
2026-03-14T04:30:00+00:00,1419.36
2026-03-14T04:45:00+00:00,1405.0
2026-03-14T05:00:00+00:00,1393.08
2026-03-14T05:15:00+00:00,3674.48
2026-03-14T05:30:00+00:00,5847.64
2026-03-14T05:45:00+00:00,8094.36
2026-03-14T06:00:00+00:00,10062.36
2026-03-14T06:15:00+00:00,11641.92
2026-03-14T06:30:00+00:00,13052.96
2026-03-14T06:45:00+00:00,13911.16
2026-03-14T07:00:00+00:00,14490.76
2026-03-14T07:15:00+00:00,14857.2
2026-03-14T07:30:00+00:00,14824.52
2026-03-14T07:45:00+00:00,14188.64
2026-03-14T08:00:00+00:00,13458.52
2026-03-14T08:15:00+00:00,12470.6
2026-03-14T08:30:00+00:00,10776.2
2026-03-14T08:45:00+00:00,9089.84
2026-03-14T09:00:00+00:00,7371.64
2026-03-14T09:15:00+00:00,6841.32
2026-03-14T09:30:00+00:00,6251.16
2026-03-14T09:45:00+00:00,5632.6
2026-03-14T10:00:00+00:00,4810.48
2026-03-14T10:15:00+00:00,4065.56
2026-03-14T10:30:00+00:00,3221.2
2026-03-14T10:45:00+00:00,2329.36
2026-03-14T11:00:00+00:00,1411.48
2026-03-14T11:15:00+00:00,1391.52
2026-03-14T11:30:00+00:00,1414.04
2026-03-14T11:45:00+00:00,1426.64
2026-03-14T12:00:00+00:00,1390.48
2026-03-14T12:15:00+00:00,1405.16
2026-03-14T12:30:00+00:00,1383.72
2026-03-14T12:45:00+00:00,1396.92
2026-03-14T13:00:00+00:00,1415.24
2026-03-14T13:15:00+00:00,2814.76
2026-03-14T13:30:00+00:00,4147.84
2026-03-14T13:45:00+00:00,5443.64
2026-03-14T14:00:00+00:00,6539.28
2026-03-14T14:15:00+00:00,7545.2
2026-03-14T14:30:00+00:00,8040.0
2026-03-14T14:45:00+00:00,8482.52
2026-03-14T15:00:00+00:00,8529.76
2026-03-14T15:15:00+00:00,8420.72
2026-03-14T15:30:00+00:00,8012.16
2026-03-14T15:45:00+00:00,7470.32
2026-03-14T16:00:00+00:00,6536.36
2026-03-14T16:15:00+00:00,5436.64
2026-03-14T16:30:00+00:00,4197.68
2026-03-14T16:45:00+00:00,2824.12
2026-03-14T17:00:00+00:00,1399.08
2026-03-14T17:15:00+00:00,2322.28
2026-03-14T17:30:00+00:00,3140.84
2026-03-14T17:45:00+00:00,3950.92
2026-03-14T18:00:00+00:00,4790.44
2026-03-14T18:15:00+00:00,5630.88
2026-03-14T18:30:00+00:00,6281.32
2026-03-14T18:45:00+00:00,6790.08
2026-03-14T19:00:00+00:00,7312.84
2026-03-14T19:15:00+00:00,7788.76
2026-03-14T19:30:00+00:00,8032.08
2026-03-14T19:45:00+00:00,8106.72
2026-03-14T20:00:00+00:00,8313.28
2026-03-14T20:15:00+00:00,8136.68
2026-03-14T20:30:00+00:00,8027.56
2026-03-14T20:45:00+00:00,7783.08
2026-03-14T21:00:00+00:00,7283.12
2026-03-14T21:15:00+00:00,8140.8
2026-03-14T21:30:00+00:00,9055.88
2026-03-14T21:45:00+00:00,9535.84
2026-03-14T22:00:00+00:00,9982.32
2026-03-14T22:15:00+00:00,10033.68
2026-03-14T22:30:00+00:00,9797.32
2026-03-14T22:45:00+00:00,9358.12
2026-03-14T23:00:00+00:00,8571.04
2026-03-14T23:15:00+00:00,8646.24
2026-03-14T23:30:00+00:00,8042.84
2026-03-14T23:45:00+00:00,7389.92
2026-03-15T00:00:00+00:00,6581.12
2026-03-15T00:15:00+00:00,5424.84
2026-03-15T00:30:00+00:00,4157.72
2026-03-15T00:45:00+00:00,2843.6
2026-03-15T01:00:00+00:00,1408.88
2026-03-15T01:15:00+00:00,1429.56
2026-03-15T01:30:00+00:00,1402.76
2026-03-15T01:45:00+00:00,1378.0
2026-03-15T02:00:00+00:00,1392.56
2026-03-15T02:15:00+00:00,1392.96
2026-03-15T02:30:00+00:00,1389.6
2026-03-15T02:45:00+00:00,1418.16
2026-03-15T03:00:00+00:00,1417.16
2026-03-15T03:15:00+00:00,1384.24
2026-03-15T03:30:00+00:00,1394.72
2026-03-15T03:45:00+00:00,1415.72
2026-03-15T04:00:00+00:00,1415.12
2026-03-15T04:15:00+00:00,1390.04
2026-03-15T04:30:00+00:00,1425.32
2026-03-15T04:45:00+00:00,1394.96
2026-03-15T05:00:00+00:00,1413.52
2026-03-15T05:15:00+00:00,3685.84
2026-03-15T05:30:00+00:00,5948.24
2026-03-15T05:45:00+00:00,8001.36
2026-03-15T06:00:00+00:00,10037.64
2026-03-15T06:15:00+00:00,11522.16
2026-03-15T06:30:00+00:00,12944.68
2026-03-15T06:45:00+00:00,14056.72
2026-03-15T07:00:00+00:00,14450.32
2026-03-15T07:15:00+00:00,14857.36
2026-03-15T07:30:00+00:00,14652.76
2026-03-15T07:45:00+00:00,14111.44
2026-03-15T08:00:00+00:00,13570.64
2026-03-15T08:15:00+00:00,12363.72
2026-03-15T08:30:00+00:00,10820.68
2026-03-15T08:45:00+00:00,9122.96
2026-03-15T09:00:00+00:00,7244.92
2026-03-15T09:15:00+00:00,6783.72
2026-03-15T09:30:00+00:00,6313.36
2026-03-15T09:45:00+00:00,5504.84
2026-03-15T10:00:00+00:00,4751.92
2026-03-15T10:15:00+00:00,4025.76
2026-03-15T10:30:00+00:00,3155.04
2026-03-15T10:45:00+00:00,2281.28
2026-03-15T11:00:00+00:00,1413.12
2026-03-15T11:15:00+00:00,1398.48
2026-03-15T11:30:00+00:00,1408.84
2026-03-15T11:45:00+00:00,1436.56
2026-03-15T12:00:00+00:00,1429.36
2026-03-15T12:15:00+00:00,1409.56
2026-03-15T12:30:00+00:00,1411.2
2026-03-15T12:45:00+00:00,1412.52
2026-03-15T13:00:00+00:00,1403.32
2026-03-15T13:15:00+00:00,2866.88
2026-03-15T13:30:00+00:00,4188.56
2026-03-15T13:45:00+00:00,5377.76
2026-03-15T14:00:00+00:00,6562.2
2026-03-15T14:15:00+00:00,7486.12
2026-03-15T14:30:00+00:00,8148.2
2026-03-15T14:45:00+00:00,8534.24
2026-03-15T15:00:00+00:00,8565.28
2026-03-15T15:15:00+00:00,8487.32
2026-03-15T15:30:00+00:00,8018.84
2026-03-15T15:45:00+00:00,7389.76
2026-03-15T16:00:00+00:00,6522.08
2026-03-15T16:15:00+00:00,5432.92
2026-03-15T16:30:00+00:00,4166.8
2026-03-15T16:45:00+00:00,2829.0
2026-03-15T17:00:00+00:00,1394.92
2026-03-15T17:15:00+00:00,2301.6
2026-03-15T17:30:00+00:00,3158.32
2026-03-15T17:45:00+00:00,4058.0
2026-03-15T18:00:00+00:00,4823.32
2026-03-15T18:15:00+00:00,5640.76
2026-03-15T18:30:00+00:00,6240.6
2026-03-15T18:45:00+00:00,6845.2
2026-03-15T19:00:00+00:00,7284.68
2026-03-15T19:15:00+00:00,7747.96
2026-03-15T19:30:00+00:00,8074.6
2026-03-15T19:45:00+00:00,8301.0
2026-03-15T20:00:00+00:00,8370.28
2026-03-15T20:15:00+00:00,8278.44
2026-03-15T20:30:00+00:00,7997.52
2026-03-15T20:45:00+00:00,7758.32
2026-03-15T21:00:00+00:00,7379.36
2026-03-15T21:15:00+00:00,8243.92
2026-03-15T21:30:00+00:00,9156.72
2026-03-15T21:45:00+00:00,9483.68
2026-03-15T22:00:00+00:00,9895.16
2026-03-15T22:15:00+00:00,10017.44
2026-03-15T22:30:00+00:00,9820.48
2026-03-15T22:45:00+00:00,9288.2
2026-03-15T23:00:00+00:00,8743.36
2026-03-15T23:15:00+00:00,8598.36
2026-03-15T23:30:00+00:00,8171.2
2026-03-15T23:45:00+00:00,7315.48
2026-03-16T00:00:00+00:00,6498.6
2026-03-16T00:15:00+00:00,5421.36
2026-03-16T00:30:00+00:00,4135.68
2026-03-16T00:45:00+00:00,2803.84
2026-03-16T01:00:00+00:00,1383.72
2026-03-16T01:15:00+00:00,1425.24
2026-03-16T01:30:00+00:00,1413.16
2026-03-16T01:45:00+00:00,1400.56
2026-03-16T02:00:00+00:00,1436.88
2026-03-16T02:15:00+00:00,1410.24
2026-03-16T02:30:00+00:00,1431.64
2026-03-16T02:45:00+00:00,1399.52
2026-03-16T03:00:00+00:00,1421.12
2026-03-16T03:15:00+00:00,1396.48
2026-03-16T03:30:00+00:00,1417.64
2026-03-16T03:45:00+00:00,1410.68
2026-03-16T04:00:00+00:00,1411.48
2026-03-16T04:15:00+00:00,1400.64
2026-03-16T04:30:00+00:00,1404.72
2026-03-16T04:45:00+00:00,1403.08
2026-03-16T05:00:00+00:00,1422.76
2026-03-16T05:15:00+00:00,3747.64
2026-03-16T05:30:00+00:00,6044.32
2026-03-16T05:45:00+00:00,7917.8
2026-03-16T06:00:00+00:00,9852.24
2026-03-16T06:15:00+00:00,11519.36
2026-03-16T06:30:00+00:00,12949.88
2026-03-16T06:45:00+00:00,13793.64
2026-03-16T07:00:00+00:00,14845.24
2026-03-16T07:15:00+00:00,15024.48
2026-03-16T07:30:00+00:00,14792.6
2026-03-16T07:45:00+00:00,14161.56
2026-03-16T08:00:00+00:00,15901.32
2026-03-16T08:15:00+00:00,14640.0
2026-03-16T08:30:00+00:00,12758.52
2026-03-16T08:45:00+00:00,11001.04
2026-03-16T09:00:00+00:00,8681.0
2026-03-16T09:15:00+00:00,8201.48
2026-03-16T09:30:00+00:00,7466.88
2026-03-16T09:45:00+00:00,6616.84
2026-03-16T10:00:00+00:00,5699.2
2026-03-16T10:15:00+00:00,4842.24
2026-03-16T10:30:00+00:00,3795.24
2026-03-16T10:45:00+00:00,2729.32
2026-03-16T11:00:00+00:00,1699.28
2026-03-16T11:15:00+00:00,1686.6
2026-03-16T11:30:00+00:00,1685.36
2026-03-16T11:45:00+00:00,1664.76
2026-03-16T12:00:00+00:00,1685.04
2026-03-16T12:15:00+00:00,1690.52
2026-03-16T12:30:00+00:00,1688.04
2026-03-16T12:45:00+00:00,1687.84
2026-03-16T13:00:00+00:00,1650.56
2026-03-16T13:15:00+00:00,3347.4
2026-03-16T13:30:00+00:00,5008.16
2026-03-16T13:45:00+00:00,6431.76
2026-03-16T14:00:00+00:00,7706.6
2026-03-16T14:15:00+00:00,9008.64
2026-03-16T14:30:00+00:00,9460.8
2026-03-16T14:45:00+00:00,10223.36
2026-03-16T15:00:00+00:00,10343.12
2026-03-16T15:15:00+00:00,10023.84
2026-03-16T15:30:00+00:00,9531.84
2026-03-16T15:45:00+00:00,8770.28
2026-03-16T16:00:00+00:00,7746.52
2026-03-16T16:15:00+00:00,6466.96
2026-03-16T16:30:00+00:00,4992.2
2026-03-16T16:45:00+00:00,3350.16
2026-03-16T17:00:00+00:00,1413.72
2026-03-16T17:15:00+00:00,2324.2
2026-03-16T17:30:00+00:00,3137.84
2026-03-16T17:45:00+00:00,4017.08
2026-03-16T18:00:00+00:00,4761.56
2026-03-16T18:15:00+00:00,5558.96
2026-03-16T18:30:00+00:00,6204.92
2026-03-16T18:45:00+00:00,6849.96
2026-03-16T19:00:00+00:00,7411.56
2026-03-16T19:15:00+00:00,7768.8
2026-03-16T19:30:00+00:00,7966.84
2026-03-16T19:45:00+00:00,8134.8
2026-03-16T20:00:00+00:00,8204.48
2026-03-16T20:15:00+00:00,8205.88
2026-03-16T20:30:00+00:00,7923.24
2026-03-16T20:45:00+00:00,7681.04
2026-03-16T21:00:00+00:00,7300.68
2026-03-16T21:15:00+00:00,8299.72
2026-03-16T21:30:00+00:00,8959.8
2026-03-16T21:45:00+00:00,9571.88
2026-03-16T22:00:00+00:00,9967.72
2026-03-16T22:15:00+00:00,10101.36
2026-03-16T22:30:00+00:00,9908.4
2026-03-16T22:45:00+00:00,9187.12
2026-03-16T23:00:00+00:00,8584.6
2026-03-16T23:15:00+00:00,8649.88
2026-03-16T23:30:00+00:00,8043.48
2026-03-16T23:45:00+00:00,7436.04
2026-03-17T00:00:00+00:00,6535.48
2026-03-17T00:15:00+00:00,5477.48
2026-03-17T00:30:00+00:00,4227.28
2026-03-17T00:45:00+00:00,2828.72
2026-03-17T01:00:00+00:00,1421.56
2026-03-17T01:15:00+00:00,1403.36
2026-03-17T01:30:00+00:00,1375.88
2026-03-17T01:45:00+00:00,1404.92
2026-03-17T02:00:00+00:00,1399.52
2026-03-17T02:15:00+00:00,1405.08
2026-03-17T02:30:00+00:00,1407.64
2026-03-17T02:45:00+00:00,1398.28
2026-03-17T03:00:00+00:00,1413.4
2026-03-17T03:15:00+00:00,1414.8
2026-03-17T03:30:00+00:00,1411.68
2026-03-17T03:45:00+00:00,1384.12
2026-03-17T04:00:00+00:00,1408.28
2026-03-17T04:15:00+00:00,1412.72
2026-03-17T04:30:00+00:00,1394.4
2026-03-17T04:45:00+00:00,1424.44
2026-03-17T05:00:00+00:00,1425.72
2026-03-17T05:15:00+00:00,3723.04
2026-03-17T05:30:00+00:00,5975.32
2026-03-17T05:45:00+00:00,8070.8
2026-03-17T06:00:00+00:00,9996.08
2026-03-17T06:15:00+00:00,11580.44
2026-03-17T06:30:00+00:00,12810.52
2026-03-17T06:45:00+00:00,13823.84
2026-03-17T07:00:00+00:00,14430.92
2026-03-17T07:15:00+00:00,14950.8
2026-03-17T07:30:00+00:00,14627.12
2026-03-17T07:45:00+00:00,14271.12
2026-03-17T08:00:00+00:00,15984.52
2026-03-17T08:15:00+00:00,14439.8
2026-03-17T08:30:00+00:00,12931.76
2026-03-17T08:45:00+00:00,10925.28
2026-03-17T09:00:00+00:00,8681.08
2026-03-17T09:15:00+00:00,8193.96
2026-03-17T09:30:00+00:00,7372.76
2026-03-17T09:45:00+00:00,6593.08
2026-03-17T10:00:00+00:00,5746.16
2026-03-17T10:15:00+00:00,4810.4
2026-03-17T10:30:00+00:00,3773.84
2026-03-17T10:45:00+00:00,2783.24
2026-03-17T11:00:00+00:00,1705.68
2026-03-17T11:15:00+00:00,1671.12
2026-03-17T11:30:00+00:00,1669.88
2026-03-17T11:45:00+00:00,1691.88
2026-03-17T12:00:00+00:00,1671.92
2026-03-17T12:15:00+00:00,1701.24
2026-03-17T12:30:00+00:00,1667.2
2026-03-17T12:45:00+00:00,1666.12
2026-03-17T13:00:00+00:00,1676.96
2026-03-17T13:15:00+00:00,3328.08
2026-03-17T13:30:00+00:00,5016.32
2026-03-17T13:45:00+00:00,6489.64
2026-03-17T14:00:00+00:00,7799.52
2026-03-17T14:15:00+00:00,8802.32
2026-03-17T14:30:00+00:00,9690.04
2026-03-17T14:45:00+00:00,10120.08
2026-03-17T15:00:00+00:00,10343.2
2026-03-17T15:15:00+00:00,10173.36
2026-03-17T15:30:00+00:00,9600.08
2026-03-17T15:45:00+00:00,8771.28
2026-03-17T16:00:00+00:00,7806.6
2026-03-17T16:15:00+00:00,6390.2
2026-03-17T16:30:00+00:00,4927.32
2026-03-17T16:45:00+00:00,3383.64
2026-03-17T17:00:00+00:00,1430.52
2026-03-17T17:15:00+00:00,2305.12
2026-03-17T17:30:00+00:00,3170.72
2026-03-17T17:45:00+00:00,4093.8
2026-03-17T18:00:00+00:00,4827.84
2026-03-17T18:15:00+00:00,5627.2
2026-03-17T18:30:00+00:00,6255.32
2026-03-17T18:45:00+00:00,6795.72
2026-03-17T19:00:00+00:00,7257.8
2026-03-17T19:15:00+00:00,7798.08
2026-03-17T19:30:00+00:00,8014.52
2026-03-17T19:45:00+00:00,8159.36
2026-03-17T20:00:00+00:00,8234.04
2026-03-17T20:15:00+00:00,8143.72
2026-03-17T20:30:00+00:00,8089.52
2026-03-17T20:45:00+00:00,7821.2
2026-03-17T21:00:00+00:00,7309.2
2026-03-17T21:15:00+00:00,8282.12
2026-03-17T21:30:00+00:00,9015.24
2026-03-17T21:45:00+00:00,9627.28
2026-03-17T22:00:00+00:00,9966.96
2026-03-17T22:15:00+00:00,10079.72
2026-03-17T22:30:00+00:00,9837.92
2026-03-17T22:45:00+00:00,9484.56
2026-03-17T23:00:00+00:00,8622.32
2026-03-17T23:15:00+00:00,8528.52
2026-03-17T23:30:00+00:00,8104.44
2026-03-17T23:45:00+00:00,7384.0
2026-03-18T00:00:00+00:00,6457.24
2026-03-18T00:15:00+00:00,5368.84
2026-03-18T00:30:00+00:00,4120.28
2026-03-18T00:45:00+00:00,2824.96
2026-03-18T01:00:00+00:00,1403.96
2026-03-18T01:15:00+00:00,1394.64
2026-03-18T01:30:00+00:00,1402.08
2026-03-18T01:45:00+00:00,1408.52
2026-03-18T02:00:00+00:00,1415.2
2026-03-18T02:15:00+00:00,1402.32
2026-03-18T02:30:00+00:00,1400.6
2026-03-18T02:45:00+00:00,1416.44
2026-03-18T03:00:00+00:00,1420.76
2026-03-18T03:15:00+00:00,1402.72
2026-03-18T03:30:00+00:00,1397.68
2026-03-18T03:45:00+00:00,1416.88
2026-03-18T04:00:00+00:00,1412.96
2026-03-18T04:15:00+00:00,1403.44
2026-03-18T04:30:00+00:00,1408.64
2026-03-18T04:45:00+00:00,1402.52
2026-03-18T05:00:00+00:00,1403.04
2026-03-18T05:15:00+00:00,3719.76
2026-03-18T05:30:00+00:00,5870.08
2026-03-18T05:45:00+00:00,8019.72
2026-03-18T06:00:00+00:00,9909.2
2026-03-18T06:15:00+00:00,11647.64
2026-03-18T06:30:00+00:00,12877.4
2026-03-18T06:45:00+00:00,14031.56
2026-03-18T07:00:00+00:00,14530.76
2026-03-18T07:15:00+00:00,15029.32
2026-03-18T07:30:00+00:00,14710.64
2026-03-18T07:45:00+00:00,14164.08
2026-03-18T08:00:00+00:00,15842.08
2026-03-18T08:15:00+00:00,14410.12
2026-03-18T08:30:00+00:00,12871.56
2026-03-18T08:45:00+00:00,10788.88
2026-03-18T09:00:00+00:00,8734.84
2026-03-18T09:15:00+00:00,8145.68
2026-03-18T09:30:00+00:00,7502.0
2026-03-18T09:45:00+00:00,6636.72
2026-03-18T10:00:00+00:00,5740.64
2026-03-18T10:15:00+00:00,4887.44
2026-03-18T10:30:00+00:00,3764.88
2026-03-18T10:45:00+00:00,2706.08
2026-03-18T11:00:00+00:00,1678.8
2026-03-18T11:15:00+00:00,1694.36
2026-03-18T11:30:00+00:00,1683.0
2026-03-18T11:45:00+00:00,1675.32
2026-03-18T12:00:00+00:00,1672.76
2026-03-18T12:15:00+00:00,1675.56
2026-03-18T12:30:00+00:00,1684.32
2026-03-18T12:45:00+00:00,1675.72
2026-03-18T13:00:00+00:00,1699.76
2026-03-18T13:15:00+00:00,3382.2
2026-03-18T13:30:00+00:00,4977.92
2026-03-18T13:45:00+00:00,6463.2
2026-03-18T14:00:00+00:00,7720.6
2026-03-18T14:15:00+00:00,8885.24
2026-03-18T14:30:00+00:00,9671.8
2026-03-18T14:45:00+00:00,10034.6
2026-03-18T15:00:00+00:00,10287.64
2026-03-18T15:15:00+00:00,10214.56
2026-03-18T15:30:00+00:00,9774.44
2026-03-18T15:45:00+00:00,8818.48
2026-03-18T16:00:00+00:00,7811.88
2026-03-18T16:15:00+00:00,6498.44
2026-03-18T16:30:00+00:00,5040.44
2026-03-18T16:45:00+00:00,3387.6
2026-03-18T17:00:00+00:00,1411.64
2026-03-18T17:15:00+00:00,2316.0
2026-03-18T17:30:00+00:00,3205.52
2026-03-18T17:45:00+00:00,3986.8
2026-03-18T18:00:00+00:00,4784.0
2026-03-18T18:15:00+00:00,5601.56
2026-03-18T18:30:00+00:00,6316.04
2026-03-18T18:45:00+00:00,6787.84
2026-03-18T19:00:00+00:00,7264.64
2026-03-18T19:15:00+00:00,7674.72
2026-03-18T19:30:00+00:00,8117.32
2026-03-18T19:45:00+00:00,8175.84
2026-03-18T20:00:00+00:00,8207.88
2026-03-18T20:15:00+00:00,8218.8
2026-03-18T20:30:00+00:00,7962.76
2026-03-18T20:45:00+00:00,7703.76
2026-03-18T21:00:00+00:00,7338.08
2026-03-18T21:15:00+00:00,8293.0
2026-03-18T21:30:00+00:00,8966.12
2026-03-18T21:45:00+00:00,9521.44
2026-03-18T22:00:00+00:00,9883.56
2026-03-18T22:15:00+00:00,10145.56
2026-03-18T22:30:00+00:00,9799.44
2026-03-18T22:45:00+00:00,9424.6
2026-03-18T23:00:00+00:00,8678.96
2026-03-18T23:15:00+00:00,8490.12
2026-03-18T23:30:00+00:00,8042.32
2026-03-18T23:45:00+00:00,7342.8
2026-03-19T00:00:00+00:00,6504.56
2026-03-19T00:15:00+00:00,5437.64
2026-03-19T00:30:00+00:00,4172.04
2026-03-19T00:45:00+00:00,2828.0
2026-03-19T01:00:00+00:00,1401.28
2026-03-19T01:15:00+00:00,1408.08
2026-03-19T01:30:00+00:00,1417.24
2026-03-19T01:45:00+00:00,1401.12
2026-03-19T02:00:00+00:00,1406.4
2026-03-19T02:15:00+00:00,1421.08
2026-03-19T02:30:00+00:00,1425.12
2026-03-19T02:45:00+00:00,1407.24
2026-03-19T03:00:00+00:00,1416.28
2026-03-19T03:15:00+00:00,1375.92
2026-03-19T03:30:00+00:00,1415.76
2026-03-19T03:45:00+00:00,1402.64
2026-03-19T04:00:00+00:00,1393.04
2026-03-19T04:15:00+00:00,1411.72
2026-03-19T04:30:00+00:00,1418.96
2026-03-19T04:45:00+00:00,1405.08
2026-03-19T05:00:00+00:00,1394.64
2026-03-19T05:15:00+00:00,3654.64
2026-03-19T05:30:00+00:00,5959.0
2026-03-19T05:45:00+00:00,8105.48
2026-03-19T06:00:00+00:00,9867.68
2026-03-19T06:15:00+00:00,11628.68
2026-03-19T06:30:00+00:00,12930.76
2026-03-19T06:45:00+00:00,13821.92
2026-03-19T07:00:00+00:00,14360.72
2026-03-19T07:15:00+00:00,14895.12
2026-03-19T07:30:00+00:00,14781.64
2026-03-19T07:45:00+00:00,14304.72
2026-03-19T08:00:00+00:00,15770.24
2026-03-19T08:15:00+00:00,14519.68
2026-03-19T08:30:00+00:00,12907.8
2026-03-19T08:45:00+00:00,10875.4
2026-03-19T09:00:00+00:00,8675.56
2026-03-19T09:15:00+00:00,8330.52
2026-03-19T09:30:00+00:00,7510.52
2026-03-19T09:45:00+00:00,6675.36
2026-03-19T10:00:00+00:00,5650.48
2026-03-19T10:15:00+00:00,4747.04
2026-03-19T10:30:00+00:00,3801.68
2026-03-19T10:45:00+00:00,2725.68
2026-03-19T11:00:00+00:00,1701.96
2026-03-19T11:15:00+00:00,1683.56
2026-03-19T11:30:00+00:00,1676.64
2026-03-19T11:45:00+00:00,1677.92
2026-03-19T12:00:00+00:00,1680.76
2026-03-19T12:15:00+00:00,1680.36
2026-03-19T12:30:00+00:00,1658.0
2026-03-19T12:45:00+00:00,1701.56
2026-03-19T13:00:00+00:00,1666.84
2026-03-19T13:15:00+00:00,3321.48
2026-03-19T13:30:00+00:00,4976.56
2026-03-19T13:45:00+00:00,6435.2
2026-03-19T14:00:00+00:00,7770.36
2026-03-19T14:15:00+00:00,8890.0
2026-03-19T14:30:00+00:00,9723.92
2026-03-19T14:45:00+00:00,10124.52
2026-03-19T15:00:00+00:00,10302.56
2026-03-19T15:15:00+00:00,10106.2
2026-03-19T15:30:00+00:00,9601.84
2026-03-19T15:45:00+00:00,8937.96
2026-03-19T16:00:00+00:00,7679.4
2026-03-19T16:15:00+00:00,6377.44
2026-03-19T16:30:00+00:00,5023.84
2026-03-19T16:45:00+00:00,3327.52
2026-03-19T17:00:00+00:00,1422.4
2026-03-19T17:15:00+00:00,2307.32
2026-03-19T17:30:00+00:00,3189.68
2026-03-19T17:45:00+00:00,4074.24
2026-03-19T18:00:00+00:00,4839.12
2026-03-19T18:15:00+00:00,5618.36
2026-03-19T18:30:00+00:00,6245.92
2026-03-19T18:45:00+00:00,6783.36
2026-03-19T19:00:00+00:00,7333.52
2026-03-19T19:15:00+00:00,7692.52
2026-03-19T19:30:00+00:00,8066.32
2026-03-19T19:45:00+00:00,8136.04
2026-03-19T20:00:00+00:00,8260.32
2026-03-19T20:15:00+00:00,8245.8
2026-03-19T20:30:00+00:00,7894.8
2026-03-19T20:45:00+00:00,7748.92
2026-03-19T21:00:00+00:00,7293.96
2026-03-19T21:15:00+00:00,8179.96
2026-03-19T21:30:00+00:00,9003.32
2026-03-19T21:45:00+00:00,9696.4
2026-03-19T22:00:00+00:00,9867.76
2026-03-19T22:15:00+00:00,10008.8
2026-03-19T22:30:00+00:00,9840.36
2026-03-19T22:45:00+00:00,9368.84
2026-03-19T23:00:00+00:00,8726.32
2026-03-19T23:15:00+00:00,8552.28
2026-03-19T23:30:00+00:00,8103.64
2026-03-19T23:45:00+00:00,7447.0
2026-03-20T00:00:00+00:00,6494.48
2026-03-20T00:15:00+00:00,5402.28
2026-03-20T00:30:00+00:00,4208.92
2026-03-20T00:45:00+00:00,2824.48
2026-03-20T01:00:00+00:00,1406.72
2026-03-20T01:15:00+00:00,1404.2
2026-03-20T01:30:00+00:00,1414.4
2026-03-20T01:45:00+00:00,1420.4
2026-03-20T02:00:00+00:00,1407.48
2026-03-20T02:15:00+00:00,1412.16
2026-03-20T02:30:00+00:00,1386.76
2026-03-20T02:45:00+00:00,1401.44
2026-03-20T03:00:00+00:00,1401.56
2026-03-20T03:15:00+00:00,1423.56
2026-03-20T03:30:00+00:00,1407.16
2026-03-20T03:45:00+00:00,1419.64
2026-03-20T04:00:00+00:00,1424.08
2026-03-20T04:15:00+00:00,1413.04
2026-03-20T04:30:00+00:00,1423.32
2026-03-20T04:45:00+00:00,1410.12
2026-03-20T05:00:00+00:00,1409.84
2026-03-20T05:15:00+00:00,3665.2
2026-03-20T05:30:00+00:00,5966.88
2026-03-20T05:45:00+00:00,8166.2
2026-03-20T06:00:00+00:00,9959.44
2026-03-20T06:15:00+00:00,11717.2
2026-03-20T06:30:00+00:00,12851.56
2026-03-20T06:45:00+00:00,13831.52
2026-03-20T07:00:00+00:00,14421.2
2026-03-20T07:15:00+00:00,14694.64
2026-03-20T07:30:00+00:00,14605.16
2026-03-20T07:45:00+00:00,14302.04
2026-03-20T08:00:00+00:00,15584.72
2026-03-20T08:15:00+00:00,14395.04
2026-03-20T08:30:00+00:00,12890.36
2026-03-20T08:45:00+00:00,10900.8
2026-03-20T09:00:00+00:00,8813.64
2026-03-20T09:15:00+00:00,8200.52
2026-03-20T09:30:00+00:00,7370.12
2026-03-20T09:45:00+00:00,6647.44
2026-03-20T10:00:00+00:00,5786.8
2026-03-20T10:15:00+00:00,4733.84
2026-03-20T10:30:00+00:00,3752.8
2026-03-20T10:45:00+00:00,2724.76
2026-03-20T11:00:00+00:00,1665.16
2026-03-20T11:15:00+00:00,1697.52
2026-03-20T11:30:00+00:00,1689.28
2026-03-20T11:45:00+00:00,1674.04
2026-03-20T12:00:00+00:00,1670.44
2026-03-20T12:15:00+00:00,1676.96
2026-03-20T12:30:00+00:00,1672.44
2026-03-20T12:45:00+00:00,1661.88
2026-03-20T13:00:00+00:00,1686.84
2026-03-20T13:15:00+00:00,3409.76
2026-03-20T13:30:00+00:00,5015.2
2026-03-20T13:45:00+00:00,6427.2
2026-03-20T14:00:00+00:00,7763.4
2026-03-20T14:15:00+00:00,8917.48
2026-03-20T14:30:00+00:00,9742.88
2026-03-20T14:45:00+00:00,10120.84
2026-03-20T15:00:00+00:00,10375.28
2026-03-20T15:15:00+00:00,10090.96
2026-03-20T15:30:00+00:00,9556.36
2026-03-20T15:45:00+00:00,8905.52
2026-03-20T16:00:00+00:00,7793.08
2026-03-20T16:15:00+00:00,6464.0
2026-03-20T16:30:00+00:00,4978.28
2026-03-20T16:45:00+00:00,3335.48
2026-03-20T17:00:00+00:00,1407.44
2026-03-20T17:15:00+00:00,2276.2
2026-03-20T17:30:00+00:00,3180.8
2026-03-20T17:45:00+00:00,4041.64
2026-03-20T18:00:00+00:00,4863.44
2026-03-20T18:15:00+00:00,5537.6
2026-03-20T18:30:00+00:00,6296.2
2026-03-20T18:45:00+00:00,6872.48
2026-03-20T19:00:00+00:00,7379.28
2026-03-20T19:15:00+00:00,7648.24
2026-03-20T19:30:00+00:00,8045.64
2026-03-20T19:45:00+00:00,8160.4
2026-03-20T20:00:00+00:00,8166.92
2026-03-20T20:15:00+00:00,8258.52
2026-03-20T20:30:00+00:00,8093.92
2026-03-20T20:45:00+00:00,7813.12
2026-03-20T21:00:00+00:00,7317.52
2026-03-20T21:15:00+00:00,8414.48
2026-03-20T21:30:00+00:00,8937.56
2026-03-20T21:45:00+00:00,9546.28
2026-03-20T22:00:00+00:00,9944.6
2026-03-20T22:15:00+00:00,9894.92
2026-03-20T22:30:00+00:00,9799.92
2026-03-20T22:45:00+00:00,9326.0
2026-03-20T23:00:00+00:00,8664.88
2026-03-20T23:15:00+00:00,8348.0
2026-03-20T23:30:00+00:00,7979.56
2026-03-20T23:45:00+00:00,7429.4
2026-03-21T00:00:00+00:00,6513.76
2026-03-21T00:15:00+00:00,5338.32
2026-03-21T00:30:00+00:00,4206.64
2026-03-21T00:45:00+00:00,2791.92
2026-03-21T01:00:00+00:00,1417.92
2026-03-21T01:15:00+00:00,1399.08
2026-03-21T01:30:00+00:00,1399.48
2026-03-21T01:45:00+00:00,1414.84
2026-03-21T02:00:00+00:00,1402.04
2026-03-21T02:15:00+00:00,1415.76
2026-03-21T02:30:00+00:00,1410.0
2026-03-21T02:45:00+00:00,1414.64
2026-03-21T03:00:00+00:00,1415.96
2026-03-21T03:15:00+00:00,1419.52
2026-03-21T03:30:00+00:00,1392.28
2026-03-21T03:45:00+00:00,1394.72
2026-03-21T04:00:00+00:00,1398.16
2026-03-21T04:15:00+00:00,1402.68
2026-03-21T04:30:00+00:00,1412.96
2026-03-21T04:45:00+00:00,1400.92
2026-03-21T05:00:00+00:00,1427.68
2026-03-21T05:15:00+00:00,3642.88
2026-03-21T05:30:00+00:00,5996.44
2026-03-21T05:45:00+00:00,8078.92
2026-03-21T06:00:00+00:00,9925.4
2026-03-21T06:15:00+00:00,11687.84
2026-03-21T06:30:00+00:00,13021.28
2026-03-21T06:45:00+00:00,13921.16
2026-03-21T07:00:00+00:00,14447.88
2026-03-21T07:15:00+00:00,14708.32
2026-03-21T07:30:00+00:00,14820.24
2026-03-21T07:45:00+00:00,14370.36
2026-03-21T08:00:00+00:00,13282.44
2026-03-21T08:15:00+00:00,12166.28
2026-03-21T08:30:00+00:00,10674.44
2026-03-21T08:45:00+00:00,9198.84
2026-03-21T09:00:00+00:00,7234.2
2026-03-21T09:15:00+00:00,6840.6
2026-03-21T09:30:00+00:00,6150.12
2026-03-21T09:45:00+00:00,5603.96
2026-03-21T10:00:00+00:00,4880.0
2026-03-21T10:15:00+00:00,4012.28
2026-03-21T10:30:00+00:00,3195.36
2026-03-21T10:45:00+00:00,2285.36
2026-03-21T11:00:00+00:00,1408.48
2026-03-21T11:15:00+00:00,1410.4
2026-03-21T11:30:00+00:00,1409.16
2026-03-21T11:45:00+00:00,1422.28
2026-03-21T12:00:00+00:00,1411.84
2026-03-21T12:15:00+00:00,1405.52
2026-03-21T12:30:00+00:00,1415.44
2026-03-21T12:45:00+00:00,1424.92
2026-03-21T13:00:00+00:00,1412.16
2026-03-21T13:15:00+00:00,2840.24
2026-03-21T13:30:00+00:00,4145.4
2026-03-21T13:45:00+00:00,5469.52
2026-03-21T14:00:00+00:00,6560.2
2026-03-21T14:15:00+00:00,7456.8
2026-03-21T14:30:00+00:00,8117.64
2026-03-21T14:45:00+00:00,8379.56
2026-03-21T15:00:00+00:00,8658.64
2026-03-21T15:15:00+00:00,8522.08
2026-03-21T15:30:00+00:00,8117.68
2026-03-21T15:45:00+00:00,7415.6
2026-03-21T16:00:00+00:00,6505.08
2026-03-21T16:15:00+00:00,5492.36
2026-03-21T16:30:00+00:00,4169.04
2026-03-21T16:45:00+00:00,2839.64
2026-03-21T17:00:00+00:00,1409.04
2026-03-21T17:15:00+00:00,2269.8
2026-03-21T17:30:00+00:00,3195.72
2026-03-21T17:45:00+00:00,4006.24
2026-03-21T18:00:00+00:00,4848.68
2026-03-21T18:15:00+00:00,5661.96
2026-03-21T18:30:00+00:00,6184.16
2026-03-21T18:45:00+00:00,6930.84
2026-03-21T19:00:00+00:00,7360.56
2026-03-21T19:15:00+00:00,7748.4
2026-03-21T19:30:00+00:00,7963.92
2026-03-21T19:45:00+00:00,8145.32
2026-03-21T20:00:00+00:00,8192.72
2026-03-21T20:15:00+00:00,8196.44
2026-03-21T20:30:00+00:00,8023.12
2026-03-21T20:45:00+00:00,7644.12
2026-03-21T21:00:00+00:00,7354.52
2026-03-21T21:15:00+00:00,8221.08
2026-03-21T21:30:00+00:00,8957.08
2026-03-21T21:45:00+00:00,9514.52
2026-03-21T22:00:00+00:00,9916.84
2026-03-21T22:15:00+00:00,10125.52
2026-03-21T22:30:00+00:00,9876.92
2026-03-21T22:45:00+00:00,9339.88
2026-03-21T23:00:00+00:00,8653.76
2026-03-21T23:15:00+00:00,8431.76
2026-03-21T23:30:00+00:00,8125.36
2026-03-21T23:45:00+00:00,7466.04
2026-03-22T00:00:00+00:00,6531.68
2026-03-22T00:15:00+00:00,5455.88
2026-03-22T00:30:00+00:00,4141.92
2026-03-22T00:45:00+00:00,2819.64
2026-03-22T01:00:00+00:00,1421.2
2026-03-22T01:15:00+00:00,1406.96
2026-03-22T01:30:00+00:00,1386.04
2026-03-22T01:45:00+00:00,1406.2
2026-03-22T02:00:00+00:00,1398.6
2026-03-22T02:15:00+00:00,1400.76
2026-03-22T02:30:00+00:00,1407.08
2026-03-22T02:45:00+00:00,1413.04
2026-03-22T03:00:00+00:00,1414.36
2026-03-22T03:15:00+00:00,1400.52
2026-03-22T03:30:00+00:00,1429.72
2026-03-22T03:45:00+00:00,1392.2
2026-03-22T04:00:00+00:00,1394.72
2026-03-22T04:15:00+00:00,1410.88
2026-03-22T04:30:00+00:00,1407.6
2026-03-22T04:45:00+00:00,1400.52
2026-03-22T05:00:00+00:00,1410.52
2026-03-22T05:15:00+00:00,3658.0
2026-03-22T05:30:00+00:00,5938.2
2026-03-22T05:45:00+00:00,8056.64
2026-03-22T06:00:00+00:00,10007.76
2026-03-22T06:15:00+00:00,11566.16
2026-03-22T06:30:00+00:00,12902.6
2026-03-22T06:45:00+00:00,13947.92
2026-03-22T07:00:00+00:00,14524.52
2026-03-22T07:15:00+00:00,14828.28
2026-03-22T07:30:00+00:00,14706.12
2026-03-22T07:45:00+00:00,14051.2
2026-03-22T08:00:00+00:00,13325.32
2026-03-22T08:15:00+00:00,12275.28
2026-03-22T08:30:00+00:00,10792.52
2026-03-22T08:45:00+00:00,9165.32
2026-03-22T09:00:00+00:00,7344.88
2026-03-22T09:15:00+00:00,6800.68
2026-03-22T09:30:00+00:00,6094.48
2026-03-22T09:45:00+00:00,5495.0
2026-03-22T10:00:00+00:00,4754.84
2026-03-22T10:15:00+00:00,4009.36
2026-03-22T10:30:00+00:00,3157.2
2026-03-22T10:45:00+00:00,2300.8
2026-03-22T11:00:00+00:00,1423.56
2026-03-22T11:15:00+00:00,1408.96
2026-03-22T11:30:00+00:00,1409.92
2026-03-22T11:45:00+00:00,1416.28
2026-03-22T12:00:00+00:00,1407.52
2026-03-22T12:15:00+00:00,1408.28
2026-03-22T12:30:00+00:00,1419.24
2026-03-22T12:45:00+00:00,1413.6
2026-03-22T13:00:00+00:00,1397.08
2026-03-22T13:15:00+00:00,2820.36
2026-03-22T13:30:00+00:00,4240.2
2026-03-22T13:45:00+00:00,5487.12
2026-03-22T14:00:00+00:00,6530.12
2026-03-22T14:15:00+00:00,7481.08
2026-03-22T14:30:00+00:00,8016.8
2026-03-22T14:45:00+00:00,8509.72
2026-03-22T15:00:00+00:00,8626.52
2026-03-22T15:15:00+00:00,8374.92
2026-03-22T15:30:00+00:00,8094.52
2026-03-22T15:45:00+00:00,7390.52
2026-03-22T16:00:00+00:00,6537.6
2026-03-22T16:15:00+00:00,5448.2
2026-03-22T16:30:00+00:00,4182.64
2026-03-22T16:45:00+00:00,2820.76
2026-03-22T17:00:00+00:00,1400.76
2026-03-22T17:15:00+00:00,2303.36
2026-03-22T17:30:00+00:00,3141.52
2026-03-22T17:45:00+00:00,4033.16
2026-03-22T18:00:00+00:00,4794.04
2026-03-22T18:15:00+00:00,5605.48
2026-03-22T18:30:00+00:00,6288.8
2026-03-22T18:45:00+00:00,6897.64
2026-03-22T19:00:00+00:00,7436.88
2026-03-22T19:15:00+00:00,7759.24
2026-03-22T19:30:00+00:00,7991.6
2026-03-22T19:45:00+00:00,8297.28
2026-03-22T20:00:00+00:00,8095.12
2026-03-22T20:15:00+00:00,8153.8
2026-03-22T20:30:00+00:00,7964.04
2026-03-22T20:45:00+00:00,7729.88
2026-03-22T21:00:00+00:00,7384.76
2026-03-22T21:15:00+00:00,8241.2
2026-03-22T21:30:00+00:00,9106.8
2026-03-22T21:45:00+00:00,9537.76
2026-03-22T22:00:00+00:00,9981.0
2026-03-22T22:15:00+00:00,10099.72
2026-03-22T22:30:00+00:00,9848.72
2026-03-22T22:45:00+00:00,9456.2
2026-03-22T23:00:00+00:00,8595.56
2026-03-22T23:15:00+00:00,8491.76
2026-03-22T23:30:00+00:00,8084.12
2026-03-22T23:45:00+00:00,7404.92
2026-03-23T00:00:00+00:00,6529.2
2026-03-23T00:15:00+00:00,5405.92
2026-03-23T00:30:00+00:00,4132.28
2026-03-23T00:45:00+00:00,2811.72
2026-03-23T01:00:00+00:00,1409.2
2026-03-23T01:15:00+00:00,1404.96
2026-03-23T01:30:00+00:00,1400.2
2026-03-23T01:45:00+00:00,1412.2
2026-03-23T02:00:00+00:00,1398.6
2026-03-23T02:15:00+00:00,1402.92
2026-03-23T02:30:00+00:00,1427.2
2026-03-23T02:45:00+00:00,1400.28
2026-03-23T03:00:00+00:00,1392.96
2026-03-23T03:15:00+00:00,1415.4
2026-03-23T03:30:00+00:00,1414.44
2026-03-23T03:45:00+00:00,1385.88
2026-03-23T04:00:00+00:00,1420.36
2026-03-23T04:15:00+00:00,1399.84
2026-03-23T04:30:00+00:00,1423.48
2026-03-23T04:45:00+00:00,1407.2
2026-03-23T05:00:00+00:00,1426.92
2026-03-23T05:15:00+00:00,3730.68
2026-03-23T05:30:00+00:00,5910.6
2026-03-23T05:45:00+00:00,8014.72
2026-03-23T06:00:00+00:00,9898.08
2026-03-23T06:15:00+00:00,11594.04
2026-03-23T06:30:00+00:00,12896.52
2026-03-23T06:45:00+00:00,13980.44
2026-03-23T07:00:00+00:00,14539.72
2026-03-23T07:15:00+00:00,14838.92
2026-03-23T07:30:00+00:00,14718.0
2026-03-23T07:45:00+00:00,14257.32
2026-03-23T08:00:00+00:00,15931.36
2026-03-23T08:15:00+00:00,14554.12
2026-03-23T08:30:00+00:00,12802.92
2026-03-23T08:45:00+00:00,10886.76
2026-03-23T09:00:00+00:00,8807.36
2026-03-23T09:15:00+00:00,8179.6
2026-03-23T09:30:00+00:00,7465.0
2026-03-23T09:45:00+00:00,6562.12
2026-03-23T10:00:00+00:00,5728.0
2026-03-23T10:15:00+00:00,4827.48
2026-03-23T10:30:00+00:00,3752.76
2026-03-23T10:45:00+00:00,2751.52
2026-03-23T11:00:00+00:00,1689.96
2026-03-23T11:15:00+00:00,1710.24
2026-03-23T11:30:00+00:00,1690.24
2026-03-23T11:45:00+00:00,1699.0
2026-03-23T12:00:00+00:00,1696.12
2026-03-23T12:15:00+00:00,1668.32
2026-03-23T12:30:00+00:00,1668.84
2026-03-23T12:45:00+00:00,1694.44
2026-03-23T13:00:00+00:00,1678.16
2026-03-23T13:15:00+00:00,3338.4
2026-03-23T13:30:00+00:00,4968.12
2026-03-23T13:45:00+00:00,6467.52
2026-03-23T14:00:00+00:00,7844.68
2026-03-23T14:15:00+00:00,8971.84
2026-03-23T14:30:00+00:00,9615.72
2026-03-23T14:45:00+00:00,10136.0
2026-03-23T15:00:00+00:00,10266.0
2026-03-23T15:15:00+00:00,10192.96
2026-03-23T15:30:00+00:00,9701.56
2026-03-23T15:45:00+00:00,8830.68
2026-03-23T16:00:00+00:00,7764.8
2026-03-23T16:15:00+00:00,6468.48
2026-03-23T16:30:00+00:00,4922.04
2026-03-23T16:45:00+00:00,3366.88
2026-03-23T17:00:00+00:00,1414.24
2026-03-23T17:15:00+00:00,2286.6
2026-03-23T17:30:00+00:00,3165.36
2026-03-23T17:45:00+00:00,4055.0
2026-03-23T18:00:00+00:00,4838.04
2026-03-23T18:15:00+00:00,5612.68
2026-03-23T18:30:00+00:00,6225.04
2026-03-23T18:45:00+00:00,6823.44
2026-03-23T19:00:00+00:00,7369.84
2026-03-23T19:15:00+00:00,7746.96
2026-03-23T19:30:00+00:00,7996.48
2026-03-23T19:45:00+00:00,8148.84
2026-03-23T20:00:00+00:00,8288.8
2026-03-23T20:15:00+00:00,8216.6
2026-03-23T20:30:00+00:00,8023.56
2026-03-23T20:45:00+00:00,7730.72
2026-03-23T21:00:00+00:00,7318.44
2026-03-23T21:15:00+00:00,8154.48
2026-03-23T21:30:00+00:00,9128.08
2026-03-23T21:45:00+00:00,9604.72
2026-03-23T22:00:00+00:00,9997.68
2026-03-23T22:15:00+00:00,10076.88
2026-03-23T22:30:00+00:00,9953.12
2026-03-23T22:45:00+00:00,9461.76
2026-03-23T23:00:00+00:00,8711.44
2026-03-23T23:15:00+00:00,8523.44
2026-03-23T23:30:00+00:00,8043.08
2026-03-23T23:45:00+00:00,7451.8
2026-03-24T00:00:00+00:00,6545.0
2026-03-24T00:15:00+00:00,5488.24
2026-03-24T00:30:00+00:00,4144.28
2026-03-24T00:45:00+00:00,2834.96
2026-03-24T01:00:00+00:00,1404.4
2026-03-24T01:15:00+00:00,1425.04
2026-03-24T01:30:00+00:00,1411.84
2026-03-24T01:45:00+00:00,1392.92
2026-03-24T02:00:00+00:00,1400.8
2026-03-24T02:15:00+00:00,1412.44
2026-03-24T02:30:00+00:00,1394.56
2026-03-24T02:45:00+00:00,1391.24
2026-03-24T03:00:00+00:00,1436.92
2026-03-24T03:15:00+00:00,1420.08
2026-03-24T03:30:00+00:00,1405.08
2026-03-24T03:45:00+00:00,1395.84
2026-03-24T04:00:00+00:00,1408.12
2026-03-24T04:15:00+00:00,1403.24
2026-03-24T04:30:00+00:00,1393.2
2026-03-24T04:45:00+00:00,1403.64
2026-03-24T05:00:00+00:00,1402.64
2026-03-24T05:15:00+00:00,3693.64
2026-03-24T05:30:00+00:00,5948.04
2026-03-24T05:45:00+00:00,8103.88
2026-03-24T06:00:00+00:00,9995.2
2026-03-24T06:15:00+00:00,11515.0
2026-03-24T06:30:00+00:00,12906.08
2026-03-24T06:45:00+00:00,13989.92
2026-03-24T07:00:00+00:00,14552.6
2026-03-24T07:15:00+00:00,14762.4
2026-03-24T07:30:00+00:00,14923.36
2026-03-24T07:45:00+00:00,14251.04
2026-03-24T08:00:00+00:00,15994.48
2026-03-24T08:15:00+00:00,14463.96
2026-03-24T08:30:00+00:00,13025.36
2026-03-24T08:45:00+00:00,10933.2
2026-03-24T09:00:00+00:00,8756.08
2026-03-24T09:15:00+00:00,8157.08
2026-03-24T09:30:00+00:00,7527.48
2026-03-24T09:45:00+00:00,6618.76
2026-03-24T10:00:00+00:00,5688.28
2026-03-24T10:15:00+00:00,4771.44
2026-03-24T10:30:00+00:00,3781.2
2026-03-24T10:45:00+00:00,2763.12
2026-03-24T11:00:00+00:00,1685.08
2026-03-24T11:15:00+00:00,1693.64
2026-03-24T11:30:00+00:00,1681.76
2026-03-24T11:45:00+00:00,1667.76
2026-03-24T12:00:00+00:00,1678.48
2026-03-24T12:15:00+00:00,1672.48
2026-03-24T12:30:00+00:00,1703.72
2026-03-24T12:45:00+00:00,1698.6
2026-03-24T13:00:00+00:00,1653.6
2026-03-24T13:15:00+00:00,3388.8
2026-03-24T13:30:00+00:00,4998.96
2026-03-24T13:45:00+00:00,6440.56
2026-03-24T14:00:00+00:00,7764.56
2026-03-24T14:15:00+00:00,8860.24
2026-03-24T14:30:00+00:00,9635.88
2026-03-24T14:45:00+00:00,10010.0
2026-03-24T15:00:00+00:00,10474.52
2026-03-24T15:15:00+00:00,10135.56
2026-03-24T15:30:00+00:00,9715.16
2026-03-24T15:45:00+00:00,8840.8
2026-03-24T16:00:00+00:00,7762.28
2026-03-24T16:15:00+00:00,6499.56
2026-03-24T16:30:00+00:00,4879.56
2026-03-24T16:45:00+00:00,3357.68
2026-03-24T17:00:00+00:00,1432.56
2026-03-24T17:15:00+00:00,2330.6
2026-03-24T17:30:00+00:00,3136.8
2026-03-24T17:45:00+00:00,4072.04
2026-03-24T18:00:00+00:00,4811.08
2026-03-24T18:15:00+00:00,5556.52
2026-03-24T18:30:00+00:00,6278.24
2026-03-24T18:45:00+00:00,6821.16
2026-03-24T19:00:00+00:00,7362.68
2026-03-24T19:15:00+00:00,7775.2
2026-03-24T19:30:00+00:00,7967.4
2026-03-24T19:45:00+00:00,8190.48
2026-03-24T20:00:00+00:00,8111.24
2026-03-24T20:15:00+00:00,8288.04
2026-03-24T20:30:00+00:00,7941.6
2026-03-24T20:45:00+00:00,7717.08
2026-03-24T21:00:00+00:00,7315.12
2026-03-24T21:15:00+00:00,8346.92
2026-03-24T21:30:00+00:00,9010.6
2026-03-24T21:45:00+00:00,9562.16
2026-03-24T22:00:00+00:00,9979.52
2026-03-24T22:15:00+00:00,10017.96
2026-03-24T22:30:00+00:00,9853.36
2026-03-24T22:45:00+00:00,9386.96
2026-03-24T23:00:00+00:00,8468.92
2026-03-24T23:15:00+00:00,8514.2
2026-03-24T23:30:00+00:00,8181.96
2026-03-24T23:45:00+00:00,7494.44
2026-03-25T00:00:00+00:00,6456.08
2026-03-25T00:15:00+00:00,5427.72
2026-03-25T00:30:00+00:00,4234.64
2026-03-25T00:45:00+00:00,2787.88
2026-03-25T01:00:00+00:00,1412.4
2026-03-25T01:15:00+00:00,1413.28
2026-03-25T01:30:00+00:00,1403.84
2026-03-25T01:45:00+00:00,1423.64
2026-03-25T02:00:00+00:00,1422.04
2026-03-25T02:15:00+00:00,1411.64
2026-03-25T02:30:00+00:00,1421.52
2026-03-25T02:45:00+00:00,1421.56
2026-03-25T03:00:00+00:00,1437.08
2026-03-25T03:15:00+00:00,1397.52
2026-03-25T03:30:00+00:00,1407.16
2026-03-25T03:45:00+00:00,1392.6
2026-03-25T04:00:00+00:00,1419.36
2026-03-25T04:15:00+00:00,1408.08
2026-03-25T04:30:00+00:00,1380.64
2026-03-25T04:45:00+00:00,1418.72
2026-03-25T05:00:00+00:00,1412.08
2026-03-25T05:15:00+00:00,3725.32
2026-03-25T05:30:00+00:00,5933.16
2026-03-25T05:45:00+00:00,8123.84
2026-03-25T06:00:00+00:00,9995.52
2026-03-25T06:15:00+00:00,11610.24
2026-03-25T06:30:00+00:00,12850.6
2026-03-25T06:45:00+00:00,13914.92
2026-03-25T07:00:00+00:00,14664.76
2026-03-25T07:15:00+00:00,14707.92
2026-03-25T07:30:00+00:00,14700.8
2026-03-25T07:45:00+00:00,14416.8
2026-03-25T08:00:00+00:00,16066.12
2026-03-25T08:15:00+00:00,14630.24
2026-03-25T08:30:00+00:00,12869.68
2026-03-25T08:45:00+00:00,10996.64
2026-03-25T09:00:00+00:00,8778.72
2026-03-25T09:15:00+00:00,8062.76
2026-03-25T09:30:00+00:00,7450.36
2026-03-25T09:45:00+00:00,6665.64
2026-03-25T10:00:00+00:00,5768.68
2026-03-25T10:15:00+00:00,4809.48
2026-03-25T10:30:00+00:00,3744.08
2026-03-25T10:45:00+00:00,2701.52
2026-03-25T11:00:00+00:00,1674.6
2026-03-25T11:15:00+00:00,1645.0
2026-03-25T11:30:00+00:00,1655.2
2026-03-25T11:45:00+00:00,1650.04
2026-03-25T12:00:00+00:00,1685.56
2026-03-25T12:15:00+00:00,1660.56
2026-03-25T12:30:00+00:00,1659.84
2026-03-25T12:45:00+00:00,1668.36
2026-03-25T13:00:00+00:00,1688.44
2026-03-25T13:15:00+00:00,3354.96
2026-03-25T13:30:00+00:00,5042.72
2026-03-25T13:45:00+00:00,6489.36
2026-03-25T14:00:00+00:00,7781.2
2026-03-25T14:15:00+00:00,8799.84
2026-03-25T14:30:00+00:00,9742.56
2026-03-25T14:45:00+00:00,10114.76
2026-03-25T15:00:00+00:00,10332.08
2026-03-25T15:15:00+00:00,10074.88
2026-03-25T15:30:00+00:00,9554.72
2026-03-25T15:45:00+00:00,8869.6
2026-03-25T16:00:00+00:00,7770.84
2026-03-25T16:15:00+00:00,6448.84
2026-03-25T16:30:00+00:00,4945.08
2026-03-25T16:45:00+00:00,3355.64
2026-03-25T17:00:00+00:00,1404.88
2026-03-25T17:15:00+00:00,2306.68
2026-03-25T17:30:00+00:00,3218.4
2026-03-25T17:45:00+00:00,4039.32
2026-03-25T18:00:00+00:00,4839.48
2026-03-25T18:15:00+00:00,5582.68
2026-03-25T18:30:00+00:00,6256.04
2026-03-25T18:45:00+00:00,6798.68
2026-03-25T19:00:00+00:00,7317.52
2026-03-25T19:15:00+00:00,7733.36
2026-03-25T19:30:00+00:00,7991.2
2026-03-25T19:45:00+00:00,8111.32
2026-03-25T20:00:00+00:00,8315.56
2026-03-25T20:15:00+00:00,8332.72
2026-03-25T20:30:00+00:00,7975.64
2026-03-25T20:45:00+00:00,7678.72
2026-03-25T21:00:00+00:00,7209.52
2026-03-25T21:15:00+00:00,8271.16
2026-03-25T21:30:00+00:00,8963.12
2026-03-25T21:45:00+00:00,9563.76
2026-03-25T22:00:00+00:00,10063.64
2026-03-25T22:15:00+00:00,10178.32
2026-03-25T22:30:00+00:00,10016.72
2026-03-25T22:45:00+00:00,9460.72
2026-03-25T23:00:00+00:00,8750.68
2026-03-25T23:15:00+00:00,8465.12
2026-03-25T23:30:00+00:00,8136.2
2026-03-25T23:45:00+00:00,7483.72
2026-03-26T00:00:00+00:00,6519.4
2026-03-26T00:15:00+00:00,5430.08
2026-03-26T00:30:00+00:00,4197.56
2026-03-26T00:45:00+00:00,2816.32
2026-03-26T01:00:00+00:00,1422.2
2026-03-26T01:15:00+00:00,1402.08
2026-03-26T01:30:00+00:00,1405.76
2026-03-26T01:45:00+00:00,1417.72
2026-03-26T02:00:00+00:00,1396.32
2026-03-26T02:15:00+00:00,1407.68
2026-03-26T02:30:00+00:00,1419.64
2026-03-26T02:45:00+00:00,1414.08
2026-03-26T03:00:00+00:00,1422.64
2026-03-26T03:15:00+00:00,1418.92
2026-03-26T03:30:00+00:00,1397.48
2026-03-26T03:45:00+00:00,1411.88
2026-03-26T04:00:00+00:00,1405.08
2026-03-26T04:15:00+00:00,1403.04
2026-03-26T04:30:00+00:00,1389.68
2026-03-26T04:45:00+00:00,1421.12
2026-03-26T05:00:00+00:00,1397.12
2026-03-26T05:15:00+00:00,3719.52
2026-03-26T05:30:00+00:00,6036.04
2026-03-26T05:45:00+00:00,8082.08
2026-03-26T06:00:00+00:00,10059.52
2026-03-26T06:15:00+00:00,11695.96
2026-03-26T06:30:00+00:00,12925.68
2026-03-26T06:45:00+00:00,13835.36
2026-03-26T07:00:00+00:00,14679.2
2026-03-26T07:15:00+00:00,14876.72
2026-03-26T07:30:00+00:00,14622.16
2026-03-26T07:45:00+00:00,14149.68
2026-03-26T08:00:00+00:00,15795.0
2026-03-26T08:15:00+00:00,14619.4
2026-03-26T08:30:00+00:00,12865.0
2026-03-26T08:45:00+00:00,10906.0
2026-03-26T09:00:00+00:00,8672.32
2026-03-26T09:15:00+00:00,8078.28
2026-03-26T09:30:00+00:00,7509.72
2026-03-26T09:45:00+00:00,6554.24
2026-03-26T10:00:00+00:00,5720.92
2026-03-26T10:15:00+00:00,4775.12
2026-03-26T10:30:00+00:00,3747.36
2026-03-26T10:45:00+00:00,2739.88
2026-03-26T11:00:00+00:00,1644.4
2026-03-26T11:15:00+00:00,1637.56
2026-03-26T11:30:00+00:00,1672.52
2026-03-26T11:45:00+00:00,1680.92
2026-03-26T12:00:00+00:00,1676.24
2026-03-26T12:15:00+00:00,1687.12
2026-03-26T12:30:00+00:00,1700.96
2026-03-26T12:45:00+00:00,1665.4
2026-03-26T13:00:00+00:00,1678.68
2026-03-26T13:15:00+00:00,3325.8
2026-03-26T13:30:00+00:00,5034.52
2026-03-26T13:45:00+00:00,6432.6
2026-03-26T14:00:00+00:00,7773.16
2026-03-26T14:15:00+00:00,8883.04
2026-03-26T14:30:00+00:00,9565.88
2026-03-26T14:45:00+00:00,10133.12
2026-03-26T15:00:00+00:00,10348.2
2026-03-26T15:15:00+00:00,10132.36
2026-03-26T15:30:00+00:00,9768.56
2026-03-26T15:45:00+00:00,8785.92
2026-03-26T16:00:00+00:00,7800.64
2026-03-26T16:15:00+00:00,6468.64
2026-03-26T16:30:00+00:00,4952.48
2026-03-26T16:45:00+00:00,3345.96
2026-03-26T17:00:00+00:00,1414.64
2026-03-26T17:15:00+00:00,2311.72
2026-03-26T17:30:00+00:00,3168.64
2026-03-26T17:45:00+00:00,4025.36
2026-03-26T18:00:00+00:00,4839.72
2026-03-26T18:15:00+00:00,5553.56
2026-03-26T18:30:00+00:00,6215.48
2026-03-26T18:45:00+00:00,6946.2
2026-03-26T19:00:00+00:00,7264.52
2026-03-26T19:15:00+00:00,7629.36
2026-03-26T19:30:00+00:00,8123.32
2026-03-26T19:45:00+00:00,8146.08
2026-03-26T20:00:00+00:00,8259.96
2026-03-26T20:15:00+00:00,8199.28
2026-03-26T20:30:00+00:00,8059.12
2026-03-26T20:45:00+00:00,7721.36
2026-03-26T21:00:00+00:00,7298.04
2026-03-26T21:15:00+00:00,8248.68
2026-03-26T21:30:00+00:00,9098.12
2026-03-26T21:45:00+00:00,9572.36
2026-03-26T22:00:00+00:00,9966.04
2026-03-26T22:15:00+00:00,9940.48
2026-03-26T22:30:00+00:00,9965.64
2026-03-26T22:45:00+00:00,9426.84
2026-03-26T23:00:00+00:00,8529.68
2026-03-26T23:15:00+00:00,8542.92
2026-03-26T23:30:00+00:00,8178.68
2026-03-26T23:45:00+00:00,7499.28
2026-03-27T00:00:00+00:00,6582.24
2026-03-27T00:15:00+00:00,5522.24
2026-03-27T00:30:00+00:00,4185.36
2026-03-27T00:45:00+00:00,2849.0
2026-03-27T01:00:00+00:00,1421.16
2026-03-27T01:15:00+00:00,1400.76
2026-03-27T01:30:00+00:00,1401.32
2026-03-27T01:45:00+00:00,1419.88
2026-03-27T02:00:00+00:00,1404.48
2026-03-27T02:15:00+00:00,1430.28
2026-03-27T02:30:00+00:00,1406.6
2026-03-27T02:45:00+00:00,1384.28
2026-03-27T03:00:00+00:00,1386.76
2026-03-27T03:15:00+00:00,1422.16
2026-03-27T03:30:00+00:00,1409.96
2026-03-27T03:45:00+00:00,1428.44
2026-03-27T04:00:00+00:00,1423.48
2026-03-27T04:15:00+00:00,1416.84
2026-03-27T04:30:00+00:00,1397.96
2026-03-27T04:45:00+00:00,1417.08
2026-03-27T05:00:00+00:00,1423.92
2026-03-27T05:15:00+00:00,3672.48
2026-03-27T05:30:00+00:00,5995.44
2026-03-27T05:45:00+00:00,8001.44
2026-03-27T06:00:00+00:00,9909.84
2026-03-27T06:15:00+00:00,11744.84
2026-03-27T06:30:00+00:00,12845.24
2026-03-27T06:45:00+00:00,13936.84
2026-03-27T07:00:00+00:00,14659.8
2026-03-27T07:15:00+00:00,14909.96
2026-03-27T07:30:00+00:00,14692.52
2026-03-27T07:45:00+00:00,14343.84
2026-03-27T08:00:00+00:00,15937.8
2026-03-27T08:15:00+00:00,14655.6
2026-03-27T08:30:00+00:00,12862.36
2026-03-27T08:45:00+00:00,10820.72
2026-03-27T09:00:00+00:00,8760.76
2026-03-27T09:15:00+00:00,8190.52
2026-03-27T09:30:00+00:00,7397.28
2026-03-27T09:45:00+00:00,6633.32
2026-03-27T10:00:00+00:00,5777.56
2026-03-27T10:15:00+00:00,4721.52
2026-03-27T10:30:00+00:00,3805.64
2026-03-27T10:45:00+00:00,2731.28
2026-03-27T11:00:00+00:00,1696.2
2026-03-27T11:15:00+00:00,1686.16
2026-03-27T11:30:00+00:00,1666.8
2026-03-27T11:45:00+00:00,1693.96
2026-03-27T12:00:00+00:00,1703.88
2026-03-27T12:15:00+00:00,1667.44
2026-03-27T12:30:00+00:00,1679.0
2026-03-27T12:45:00+00:00,1693.84
2026-03-27T13:00:00+00:00,1678.68
2026-03-27T13:15:00+00:00,3369.48
2026-03-27T13:30:00+00:00,4999.28
2026-03-27T13:45:00+00:00,6417.52
2026-03-27T14:00:00+00:00,7794.64
2026-03-27T14:15:00+00:00,8877.52
2026-03-27T14:30:00+00:00,9626.6
2026-03-27T14:45:00+00:00,10135.56
2026-03-27T15:00:00+00:00,10396.48
2026-03-27T15:15:00+00:00,10180.52
2026-03-27T15:30:00+00:00,9729.64
2026-03-27T15:45:00+00:00,8820.68
2026-03-27T16:00:00+00:00,7772.2
2026-03-27T16:15:00+00:00,6486.92
2026-03-27T16:30:00+00:00,5021.72
2026-03-27T16:45:00+00:00,3384.4
2026-03-27T17:00:00+00:00,1435.2
2026-03-27T17:15:00+00:00,2286.64
2026-03-27T17:30:00+00:00,3219.6
2026-03-27T17:45:00+00:00,4097.16
2026-03-27T18:00:00+00:00,4827.8
2026-03-27T18:15:00+00:00,5574.88
2026-03-27T18:30:00+00:00,6175.12
2026-03-27T18:45:00+00:00,6852.96
2026-03-27T19:00:00+00:00,7327.64
2026-03-27T19:15:00+00:00,7768.24
2026-03-27T19:30:00+00:00,7994.32
2026-03-27T19:45:00+00:00,8199.08
2026-03-27T20:00:00+00:00,8246.04
2026-03-27T20:15:00+00:00,8213.52
2026-03-27T20:30:00+00:00,8019.88
2026-03-27T20:45:00+00:00,7738.56
2026-03-27T21:00:00+00:00,7296.36
2026-03-27T21:15:00+00:00,8370.88
2026-03-27T21:30:00+00:00,8978.56
2026-03-27T21:45:00+00:00,9566.72
2026-03-27T22:00:00+00:00,9982.16
2026-03-27T22:15:00+00:00,9984.0
2026-03-27T22:30:00+00:00,9828.32
2026-03-27T22:45:00+00:00,9333.16
2026-03-27T23:00:00+00:00,8527.16
2026-03-27T23:15:00+00:00,8546.96
2026-03-27T23:30:00+00:00,8158.84
2026-03-27T23:45:00+00:00,7540.88
2026-03-28T00:00:00+00:00,6529.28
2026-03-28T00:15:00+00:00,5429.16
2026-03-28T00:30:00+00:00,4253.84
2026-03-28T00:45:00+00:00,2811.6
2026-03-28T01:00:00+00:00,1404.84
2026-03-28T01:15:00+00:00,1415.16
2026-03-28T01:30:00+00:00,1392.24
2026-03-28T01:45:00+00:00,1394.12
2026-03-28T02:00:00+00:00,1407.92
2026-03-28T02:15:00+00:00,1406.64
2026-03-28T02:30:00+00:00,1411.28
2026-03-28T02:45:00+00:00,1405.08
2026-03-28T03:00:00+00:00,1396.88
2026-03-28T03:15:00+00:00,1386.64
2026-03-28T03:30:00+00:00,1414.2
2026-03-28T03:45:00+00:00,1395.44
2026-03-28T04:00:00+00:00,1420.64
2026-03-28T04:15:00+00:00,1412.88
2026-03-28T04:30:00+00:00,1380.76
2026-03-28T04:45:00+00:00,1390.4
2026-03-28T05:00:00+00:00,1409.08
2026-03-28T05:15:00+00:00,3725.96
2026-03-28T05:30:00+00:00,5879.96
2026-03-28T05:45:00+00:00,8100.28
2026-03-28T06:00:00+00:00,9881.8
2026-03-28T06:15:00+00:00,11590.96
2026-03-28T06:30:00+00:00,12886.76
2026-03-28T06:45:00+00:00,14030.16
2026-03-28T07:00:00+00:00,14548.4
2026-03-28T07:15:00+00:00,14855.96
2026-03-28T07:30:00+00:00,14678.24
2026-03-28T07:45:00+00:00,14443.52
2026-03-28T08:00:00+00:00,13384.48
2026-03-28T08:15:00+00:00,12223.08
2026-03-28T08:30:00+00:00,10788.24
2026-03-28T08:45:00+00:00,9065.08
2026-03-28T09:00:00+00:00,7409.92
2026-03-28T09:15:00+00:00,6834.0
2026-03-28T09:30:00+00:00,6164.6
2026-03-28T09:45:00+00:00,5658.88
2026-03-28T10:00:00+00:00,4764.44
2026-03-28T10:15:00+00:00,4033.88
2026-03-28T10:30:00+00:00,3175.12
2026-03-28T10:45:00+00:00,2287.72
2026-03-28T11:00:00+00:00,1410.48
2026-03-28T11:15:00+00:00,1399.2
2026-03-28T11:30:00+00:00,1397.2
2026-03-28T11:45:00+00:00,1430.92
2026-03-28T12:00:00+00:00,1412.92
2026-03-28T12:15:00+00:00,1397.16
2026-03-28T12:30:00+00:00,1428.44
2026-03-28T12:45:00+00:00,1403.32
2026-03-28T13:00:00+00:00,1392.36
2026-03-28T13:15:00+00:00,2831.92
2026-03-28T13:30:00+00:00,4222.8
2026-03-28T13:45:00+00:00,5486.2
2026-03-28T14:00:00+00:00,6497.04
2026-03-28T14:15:00+00:00,7402.0
2026-03-28T14:30:00+00:00,8214.96
2026-03-28T14:45:00+00:00,8541.48
2026-03-28T15:00:00+00:00,8756.52
2026-03-28T15:15:00+00:00,8526.08
2026-03-28T15:30:00+00:00,8145.04
2026-03-28T15:45:00+00:00,7531.0
2026-03-28T16:00:00+00:00,6559.96
2026-03-28T16:15:00+00:00,5469.08
2026-03-28T16:30:00+00:00,4182.08
2026-03-28T16:45:00+00:00,2817.96
2026-03-28T17:00:00+00:00,1397.88
2026-03-28T17:15:00+00:00,2315.56
2026-03-28T17:30:00+00:00,3184.08
2026-03-28T17:45:00+00:00,4005.76
2026-03-28T18:00:00+00:00,4824.92
2026-03-28T18:15:00+00:00,5587.84
2026-03-28T18:30:00+00:00,6306.24
2026-03-28T18:45:00+00:00,6858.28
2026-03-28T19:00:00+00:00,7321.08
2026-03-28T19:15:00+00:00,7751.96
2026-03-28T19:30:00+00:00,7993.0
2026-03-28T19:45:00+00:00,8267.04
2026-03-28T20:00:00+00:00,8300.48
2026-03-28T20:15:00+00:00,8196.4
2026-03-28T20:30:00+00:00,7871.96
2026-03-28T20:45:00+00:00,7668.52
2026-03-28T21:00:00+00:00,7193.24
2026-03-28T21:15:00+00:00,8270.48
2026-03-28T21:30:00+00:00,9136.08
2026-03-28T21:45:00+00:00,9637.48
2026-03-28T22:00:00+00:00,9929.72
2026-03-28T22:15:00+00:00,9874.56
2026-03-28T22:30:00+00:00,9856.24
2026-03-28T22:45:00+00:00,9334.2
2026-03-28T23:00:00+00:00,8646.48
2026-03-28T23:15:00+00:00,8508.84
2026-03-28T23:30:00+00:00,8098.32
2026-03-28T23:45:00+00:00,7431.48
2026-03-29T00:00:00+00:00,6384.4
2026-03-29T00:15:00+00:00,5412.76
2026-03-29T00:30:00+00:00,4209.84
2026-03-29T00:45:00+00:00,2784.04
2026-03-29T01:00:00+00:00,1400.32
2026-03-29T01:15:00+00:00,1404.76
2026-03-29T01:30:00+00:00,1399.56
2026-03-29T01:45:00+00:00,1405.36
2026-03-29T02:00:00+00:00,1389.84
2026-03-29T02:15:00+00:00,1402.36
2026-03-29T02:30:00+00:00,1425.08
2026-03-29T02:45:00+00:00,1400.28
2026-03-29T03:00:00+00:00,1402.44
2026-03-29T03:15:00+00:00,1408.88
2026-03-29T03:30:00+00:00,1421.92
2026-03-29T03:45:00+00:00,1431.84
2026-03-29T04:00:00+00:00,1400.52
2026-03-29T04:15:00+00:00,1409.24
2026-03-29T04:30:00+00:00,1414.88
2026-03-29T04:45:00+00:00,1405.2
2026-03-29T05:00:00+00:00,1411.44
2026-03-29T05:15:00+00:00,3702.96
2026-03-29T05:30:00+00:00,5906.04
2026-03-29T05:45:00+00:00,7964.08
2026-03-29T06:00:00+00:00,9921.96
2026-03-29T06:15:00+00:00,11538.04
2026-03-29T06:30:00+00:00,12801.68
2026-03-29T06:45:00+00:00,14102.92
2026-03-29T07:00:00+00:00,14568.64
2026-03-29T07:15:00+00:00,14863.24
2026-03-29T07:30:00+00:00,14607.16
2026-03-29T07:45:00+00:00,14150.6
2026-03-29T08:00:00+00:00,13275.8
2026-03-29T08:15:00+00:00,12116.24
2026-03-29T08:30:00+00:00,10743.72
2026-03-29T08:45:00+00:00,9206.56
2026-03-29T09:00:00+00:00,7290.76
2026-03-29T09:15:00+00:00,6872.56
2026-03-29T09:30:00+00:00,6291.96
2026-03-29T09:45:00+00:00,5575.84
2026-03-29T10:00:00+00:00,4808.28
2026-03-29T10:15:00+00:00,4080.08
2026-03-29T10:30:00+00:00,3088.2
2026-03-29T10:45:00+00:00,2283.76
2026-03-29T11:00:00+00:00,1385.2
2026-03-29T11:15:00+00:00,1401.48
2026-03-29T11:30:00+00:00,1416.8
2026-03-29T11:45:00+00:00,1417.56
2026-03-29T12:00:00+00:00,1432.28
2026-03-29T12:15:00+00:00,1401.0
2026-03-29T12:30:00+00:00,1376.24
2026-03-29T12:45:00+00:00,1395.84
2026-03-29T13:00:00+00:00,1416.28
2026-03-29T13:15:00+00:00,2795.76
2026-03-29T13:30:00+00:00,4189.96
2026-03-29T13:45:00+00:00,5460.56
2026-03-29T14:00:00+00:00,6500.08
2026-03-29T14:15:00+00:00,7421.48
2026-03-29T14:30:00+00:00,8182.32
2026-03-29T14:45:00+00:00,8543.56
2026-03-29T15:00:00+00:00,8567.96
2026-03-29T15:15:00+00:00,8557.16
2026-03-29T15:30:00+00:00,8038.2
2026-03-29T15:45:00+00:00,7373.52
2026-03-29T16:00:00+00:00,6593.44
2026-03-29T16:15:00+00:00,5383.2
2026-03-29T16:30:00+00:00,4197.4
2026-03-29T16:45:00+00:00,2769.2
2026-03-29T17:00:00+00:00,1427.56
2026-03-29T17:15:00+00:00,2334.0
2026-03-29T17:30:00+00:00,3185.56
2026-03-29T17:45:00+00:00,4082.28
2026-03-29T18:00:00+00:00,4903.12
2026-03-29T18:15:00+00:00,5577.24
2026-03-29T18:30:00+00:00,6264.84
2026-03-29T18:45:00+00:00,6864.48
2026-03-29T19:00:00+00:00,7307.8
2026-03-29T19:15:00+00:00,7618.4
2026-03-29T19:30:00+00:00,8004.04
2026-03-29T19:45:00+00:00,8082.84
2026-03-29T20:00:00+00:00,8269.32
2026-03-29T20:15:00+00:00,8170.04
2026-03-29T20:30:00+00:00,8086.88
2026-03-29T20:45:00+00:00,7768.6
2026-03-29T21:00:00+00:00,7340.08
2026-03-29T21:15:00+00:00,8304.2
2026-03-29T21:30:00+00:00,8984.96
2026-03-29T21:45:00+00:00,9633.16
2026-03-29T22:00:00+00:00,9940.92
2026-03-29T22:15:00+00:00,10095.92
2026-03-29T22:30:00+00:00,9690.12
2026-03-29T22:45:00+00:00,9341.44
2026-03-29T23:00:00+00:00,8668.68
2026-03-29T23:15:00+00:00,8401.48
2026-03-29T23:30:00+00:00,8040.72
2026-03-29T23:45:00+00:00,7411.64
2026-03-30T00:00:00+00:00,6641.64
2026-03-30T00:15:00+00:00,5446.52
2026-03-30T00:30:00+00:00,4174.88
2026-03-30T00:45:00+00:00,2844.24
2026-03-30T01:00:00+00:00,1408.16
2026-03-30T01:15:00+00:00,1413.28
2026-03-30T01:30:00+00:00,1420.4
2026-03-30T01:45:00+00:00,1398.36
2026-03-30T02:00:00+00:00,1402.56
2026-03-30T02:15:00+00:00,1399.68
2026-03-30T02:30:00+00:00,1424.8
2026-03-30T02:45:00+00:00,1399.64
2026-03-30T03:00:00+00:00,1413.16
2026-03-30T03:15:00+00:00,1412.88
2026-03-30T03:30:00+00:00,1400.48
2026-03-30T03:45:00+00:00,1422.68
2026-03-30T04:00:00+00:00,1388.4
2026-03-30T04:15:00+00:00,1405.64
2026-03-30T04:30:00+00:00,1429.52
2026-03-30T04:45:00+00:00,1398.76
2026-03-30T05:00:00+00:00,1423.64
2026-03-30T05:15:00+00:00,3742.64
2026-03-30T05:30:00+00:00,5926.64
2026-03-30T05:45:00+00:00,8072.68
2026-03-30T06:00:00+00:00,9976.8
2026-03-30T06:15:00+00:00,11557.56
2026-03-30T06:30:00+00:00,13106.6
2026-03-30T06:45:00+00:00,13940.96
2026-03-30T07:00:00+00:00,14568.36
2026-03-30T07:15:00+00:00,14892.04
2026-03-30T07:30:00+00:00,14817.12
2026-03-30T07:45:00+00:00,14068.6
2026-03-30T08:00:00+00:00,15995.76
2026-03-30T08:15:00+00:00,14623.16
2026-03-30T08:30:00+00:00,12798.6
2026-03-30T08:45:00+00:00,10875.44
2026-03-30T09:00:00+00:00,8710.24
2026-03-30T09:15:00+00:00,8187.4
2026-03-30T09:30:00+00:00,7500.96
2026-03-30T09:45:00+00:00,6578.68
2026-03-30T10:00:00+00:00,5720.12
2026-03-30T10:15:00+00:00,4850.08
2026-03-30T10:30:00+00:00,3799.32
2026-03-30T10:45:00+00:00,2742.92
2026-03-30T11:00:00+00:00,1684.4
2026-03-30T11:15:00+00:00,1664.96
2026-03-30T11:30:00+00:00,1666.92
2026-03-30T11:45:00+00:00,1683.04
2026-03-30T12:00:00+00:00,1687.16
2026-03-30T12:15:00+00:00,1681.68
2026-03-30T12:30:00+00:00,1678.8
2026-03-30T12:45:00+00:00,1701.28
2026-03-30T13:00:00+00:00,1680.48
2026-03-30T13:15:00+00:00,3365.8
2026-03-30T13:30:00+00:00,5039.64
2026-03-30T13:45:00+00:00,6484.76
2026-03-30T14:00:00+00:00,7741.96
2026-03-30T14:15:00+00:00,8835.12
2026-03-30T14:30:00+00:00,9683.64
2026-03-30T14:45:00+00:00,10237.56
2026-03-30T15:00:00+00:00,10457.88
2026-03-30T15:15:00+00:00,10064.28
2026-03-30T15:30:00+00:00,9724.36
2026-03-30T15:45:00+00:00,8830.04
2026-03-30T16:00:00+00:00,7787.92
2026-03-30T16:15:00+00:00,6535.44
2026-03-30T16:30:00+00:00,4953.08
2026-03-30T16:45:00+00:00,3384.24
2026-03-30T17:00:00+00:00,1412.48
2026-03-30T17:15:00+00:00,2309.0
2026-03-30T17:30:00+00:00,3199.6
2026-03-30T17:45:00+00:00,4060.16
2026-03-30T18:00:00+00:00,4841.28
2026-03-30T18:15:00+00:00,5577.84
2026-03-30T18:30:00+00:00,6182.64
2026-03-30T18:45:00+00:00,6870.32
2026-03-30T19:00:00+00:00,7289.12
2026-03-30T19:15:00+00:00,7809.88
2026-03-30T19:30:00+00:00,8043.36
2026-03-30T19:45:00+00:00,8214.64
2026-03-30T20:00:00+00:00,8309.64
2026-03-30T20:15:00+00:00,8170.96
2026-03-30T20:30:00+00:00,7901.56
2026-03-30T20:45:00+00:00,7723.96
2026-03-30T21:00:00+00:00,7333.68
2026-03-30T21:15:00+00:00,8270.32
2026-03-30T21:30:00+00:00,9090.12
2026-03-30T21:45:00+00:00,9506.24
2026-03-30T22:00:00+00:00,10058.36
2026-03-30T22:15:00+00:00,9996.76
2026-03-30T22:30:00+00:00,10013.68
2026-03-30T22:45:00+00:00,9508.76
2026-03-30T23:00:00+00:00,8571.52
2026-03-30T23:15:00+00:00,8471.12
2026-03-30T23:30:00+00:00,7950.92
2026-03-30T23:45:00+00:00,7372.56
2026-03-31T00:00:00+00:00,6444.24
2026-03-31T00:15:00+00:00,5467.76
2026-03-31T00:30:00+00:00,4149.2
2026-03-31T00:45:00+00:00,2829.0
2026-03-31T01:00:00+00:00,1421.84
2026-03-31T01:15:00+00:00,1408.64
2026-03-31T01:30:00+00:00,1430.24
2026-03-31T01:45:00+00:00,1406.88
2026-03-31T02:00:00+00:00,1418.24
2026-03-31T02:15:00+00:00,1423.76
2026-03-31T02:30:00+00:00,1399.08
2026-03-31T02:45:00+00:00,1401.08
2026-03-31T03:00:00+00:00,1413.0
2026-03-31T03:15:00+00:00,1402.48
2026-03-31T03:30:00+00:00,1389.6
2026-03-31T03:45:00+00:00,1414.32
2026-03-31T04:00:00+00:00,1411.68
2026-03-31T04:15:00+00:00,1413.68
2026-03-31T04:30:00+00:00,1399.12
2026-03-31T04:45:00+00:00,1408.4
2026-03-31T05:00:00+00:00,1410.48
2026-03-31T05:15:00+00:00,3781.48
2026-03-31T05:30:00+00:00,6016.68
2026-03-31T05:45:00+00:00,7960.4
2026-03-31T06:00:00+00:00,9958.8
2026-03-31T06:15:00+00:00,11558.92
2026-03-31T06:30:00+00:00,13034.92
2026-03-31T06:45:00+00:00,14034.52
2026-03-31T07:00:00+00:00,14654.24
2026-03-31T07:15:00+00:00,14952.4
2026-03-31T07:30:00+00:00,14884.96
2026-03-31T07:45:00+00:00,14240.16
2026-03-31T08:00:00+00:00,16005.4
2026-03-31T08:15:00+00:00,14522.44
2026-03-31T08:30:00+00:00,12726.08
2026-03-31T08:45:00+00:00,10904.84
2026-03-31T09:00:00+00:00,8816.08
2026-03-31T09:15:00+00:00,8057.52
2026-03-31T09:30:00+00:00,7379.56
2026-03-31T09:45:00+00:00,6653.12
2026-03-31T10:00:00+00:00,5793.48
2026-03-31T10:15:00+00:00,4780.08
2026-03-31T10:30:00+00:00,3767.0
2026-03-31T10:45:00+00:00,2709.64
2026-03-31T11:00:00+00:00,1679.12
2026-03-31T11:15:00+00:00,1681.6
2026-03-31T11:30:00+00:00,1683.44
2026-03-31T11:45:00+00:00,1701.48
2026-03-31T12:00:00+00:00,1661.88
2026-03-31T12:15:00+00:00,1677.36
2026-03-31T12:30:00+00:00,1688.24
2026-03-31T12:45:00+00:00,1657.12
2026-03-31T13:00:00+00:00,1670.92
2026-03-31T13:15:00+00:00,3337.96
2026-03-31T13:30:00+00:00,4976.72
2026-03-31T13:45:00+00:00,6436.2
2026-03-31T14:00:00+00:00,7827.52
2026-03-31T14:15:00+00:00,8871.0
2026-03-31T14:30:00+00:00,9535.2
2026-03-31T14:45:00+00:00,10176.72
2026-03-31T15:00:00+00:00,10160.0
2026-03-31T15:15:00+00:00,10175.56
2026-03-31T15:30:00+00:00,9790.6
2026-03-31T15:45:00+00:00,8894.92
2026-03-31T16:00:00+00:00,7827.92
2026-03-31T16:15:00+00:00,6417.52
2026-03-31T16:30:00+00:00,4979.76
2026-03-31T16:45:00+00:00,3366.04
2026-03-31T17:00:00+00:00,1418.12
2026-03-31T17:15:00+00:00,2279.4
2026-03-31T17:30:00+00:00,3138.4
2026-03-31T17:45:00+00:00,4079.6
2026-03-31T18:00:00+00:00,4880.32
2026-03-31T18:15:00+00:00,5629.4
2026-03-31T18:30:00+00:00,6245.4
2026-03-31T18:45:00+00:00,6824.48
2026-03-31T19:00:00+00:00,7412.6
2026-03-31T19:15:00+00:00,7758.6
2026-03-31T19:30:00+00:00,8100.6
2026-03-31T19:45:00+00:00,8159.96
2026-03-31T20:00:00+00:00,8399.72
2026-03-31T20:15:00+00:00,8311.28
2026-03-31T20:30:00+00:00,7949.4
2026-03-31T20:45:00+00:00,7811.52
2026-03-31T21:00:00+00:00,7300.8
2026-03-31T21:15:00+00:00,8210.36
2026-03-31T21:30:00+00:00,9045.0
2026-03-31T21:45:00+00:00,9743.8
2026-03-31T22:00:00+00:00,10023.68
2026-03-31T22:15:00+00:00,10032.48
2026-03-31T22:30:00+00:00,9855.32
2026-03-31T22:45:00+00:00,9435.2
2026-03-31T23:00:00+00:00,8749.44
2026-03-31T23:15:00+00:00,8509.52
2026-03-31T23:30:00+00:00,8078.92
2026-03-31T23:45:00+00:00,7514.48
2026-04-01T00:00:00+00:00,7363.8
2026-04-01T00:15:00+00:00,6243.08
2026-04-01T00:30:00+00:00,4777.84
2026-04-01T00:45:00+00:00,3267.28
2026-04-01T01:00:00+00:00,1604.44
2026-04-01T01:15:00+00:00,1624.08
2026-04-01T01:30:00+00:00,1629.36
2026-04-01T01:45:00+00:00,1627.92
2026-04-01T02:00:00+00:00,1606.52
2026-04-01T02:15:00+00:00,1634.6
2026-04-01T02:30:00+00:00,1618.96
2026-04-01T02:45:00+00:00,1632.16
2026-04-01T03:00:00+00:00,1611.2
2026-04-01T03:15:00+00:00,1602.48
2026-04-01T03:30:00+00:00,1609.44
2026-04-01T03:45:00+00:00,1612.8
2026-04-01T04:00:00+00:00,1606.84
2026-04-01T04:15:00+00:00,1629.44
2026-04-01T04:30:00+00:00,1610.36
2026-04-01T04:45:00+00:00,1617.4
2026-04-01T05:00:00+00:00,1612.88
2026-04-01T05:15:00+00:00,4240.04
2026-04-01T05:30:00+00:00,6818.84
2026-04-01T05:45:00+00:00,9158.04
2026-04-01T06:00:00+00:00,11329.2
2026-04-01T06:15:00+00:00,13267.0
2026-04-01T06:30:00+00:00,14726.28
2026-04-01T06:45:00+00:00,15916.56
2026-04-01T07:00:00+00:00,16659.12
2026-04-01T07:15:00+00:00,17228.4
2026-04-01T07:30:00+00:00,17008.88
2026-04-01T07:45:00+00:00,16489.88
2026-04-01T08:00:00+00:00,18138.68
2026-04-01T08:15:00+00:00,16586.28
2026-04-01T08:30:00+00:00,14781.88
2026-04-01T08:45:00+00:00,12625.36
2026-04-01T09:00:00+00:00,9900.76
2026-04-01T09:15:00+00:00,9414.92
2026-04-01T09:30:00+00:00,8630.08
2026-04-01T09:45:00+00:00,7550.24
2026-04-01T10:00:00+00:00,6590.04
2026-04-01T10:15:00+00:00,5510.24
2026-04-01T10:30:00+00:00,4314.88
2026-04-01T10:45:00+00:00,3099.16
2026-04-01T11:00:00+00:00,1927.4
2026-04-01T11:15:00+00:00,1927.8
2026-04-01T11:30:00+00:00,1921.4
2026-04-01T11:45:00+00:00,1951.56
2026-04-01T12:00:00+00:00,1919.04
2026-04-01T12:15:00+00:00,1921.08
2026-04-01T12:30:00+00:00,1922.88
2026-04-01T12:45:00+00:00,1922.24
2026-04-01T13:00:00+00:00,1922.24
2026-04-01T13:15:00+00:00,3864.84
2026-04-01T13:30:00+00:00,5733.68
2026-04-01T13:45:00+00:00,7366.76
2026-04-01T14:00:00+00:00,9041.16
2026-04-01T14:15:00+00:00,10158.88
2026-04-01T14:30:00+00:00,11037.56
2026-04-01T14:45:00+00:00,11675.08
2026-04-01T15:00:00+00:00,11711.0
2026-04-01T15:15:00+00:00,11788.56
2026-04-01T15:30:00+00:00,11078.68
2026-04-01T15:45:00+00:00,10133.8
2026-04-01T16:00:00+00:00,8968.92
2026-04-01T16:15:00+00:00,7462.92
2026-04-01T16:30:00+00:00,5723.92
2026-04-01T16:45:00+00:00,3869.96
2026-04-01T17:00:00+00:00,1595.4
2026-04-01T17:15:00+00:00,2634.44
2026-04-01T17:30:00+00:00,3676.84
2026-04-01T17:45:00+00:00,4686.04
2026-04-01T18:00:00+00:00,5586.16
2026-04-01T18:15:00+00:00,6384.24
2026-04-01T18:30:00+00:00,7221.8
2026-04-01T18:45:00+00:00,7799.44
2026-04-01T19:00:00+00:00,8437.52
2026-04-01T19:15:00+00:00,8924.0
2026-04-01T19:30:00+00:00,9319.76
2026-04-01T19:45:00+00:00,9503.0
2026-04-01T20:00:00+00:00,9441.12
2026-04-01T20:15:00+00:00,9495.76
2026-04-01T20:30:00+00:00,9359.64
2026-04-01T20:45:00+00:00,8987.52
2026-04-01T21:00:00+00:00,8531.4
2026-04-01T21:15:00+00:00,9425.2
2026-04-01T21:30:00+00:00,10294.4
2026-04-01T21:45:00+00:00,11089.56
2026-04-01T22:00:00+00:00,11370.0
2026-04-01T22:15:00+00:00,11513.48
2026-04-01T22:30:00+00:00,11460.36
2026-04-01T22:45:00+00:00,10626.88
2026-04-01T23:00:00+00:00,10008.88
2026-04-01T23:15:00+00:00,9774.0
2026-04-01T23:30:00+00:00,9293.52
2026-04-01T23:45:00+00:00,8457.12
2026-04-02T00:00:00+00:00,7563.68
2026-04-02T00:15:00+00:00,6207.52
2026-04-02T00:30:00+00:00,4806.04
2026-04-02T00:45:00+00:00,3217.0
2026-04-02T01:00:00+00:00,1609.56
2026-04-02T01:15:00+00:00,1612.96
2026-04-02T01:30:00+00:00,1611.76
2026-04-02T01:45:00+00:00,1617.36
2026-04-02T02:00:00+00:00,1613.8
2026-04-02T02:15:00+00:00,1606.36
2026-04-02T02:30:00+00:00,1618.0
2026-04-02T02:45:00+00:00,1596.88
2026-04-02T03:00:00+00:00,1607.88
2026-04-02T03:15:00+00:00,1607.64
2026-04-02T03:30:00+00:00,1630.64
2026-04-02T03:45:00+00:00,1625.56
2026-04-02T04:00:00+00:00,1621.12
2026-04-02T04:15:00+00:00,1632.64
2026-04-02T04:30:00+00:00,1632.08
2026-04-02T04:45:00+00:00,1615.2
2026-04-02T05:00:00+00:00,1612.56
2026-04-02T05:15:00+00:00,4277.96
2026-04-02T05:30:00+00:00,6889.96
2026-04-02T05:45:00+00:00,9193.84
2026-04-02T06:00:00+00:00,11433.76
2026-04-02T06:15:00+00:00,13440.48
2026-04-02T06:30:00+00:00,14935.16
2026-04-02T06:45:00+00:00,16073.36
2026-04-02T07:00:00+00:00,16700.44
2026-04-02T07:15:00+00:00,16914.68
2026-04-02T07:30:00+00:00,16930.64
2026-04-02T07:45:00+00:00,16327.84
2026-04-02T08:00:00+00:00,18282.52
2026-04-02T08:15:00+00:00,16762.64
2026-04-02T08:30:00+00:00,14898.8
2026-04-02T08:45:00+00:00,12557.16
2026-04-02T09:00:00+00:00,9899.76
2026-04-02T09:15:00+00:00,9318.16
2026-04-02T09:30:00+00:00,8464.08
2026-04-02T09:45:00+00:00,7664.24
2026-04-02T10:00:00+00:00,6560.44
2026-04-02T10:15:00+00:00,5558.92
2026-04-02T10:30:00+00:00,4394.0
2026-04-02T10:45:00+00:00,3142.0
2026-04-02T11:00:00+00:00,1907.16
2026-04-02T11:15:00+00:00,1933.4
2026-04-02T11:30:00+00:00,1923.2
2026-04-02T11:45:00+00:00,1935.92
2026-04-02T12:00:00+00:00,1915.52
2026-04-02T12:15:00+00:00,1919.36
2026-04-02T12:30:00+00:00,1945.68
2026-04-02T12:45:00+00:00,1895.12
2026-04-02T13:00:00+00:00,1965.36
2026-04-02T13:15:00+00:00,3816.6
2026-04-02T13:30:00+00:00,5727.72
2026-04-02T13:45:00+00:00,7461.24
2026-04-02T14:00:00+00:00,8968.12
2026-04-02T14:15:00+00:00,10120.28
2026-04-02T14:30:00+00:00,11185.2
2026-04-02T14:45:00+00:00,11843.96
2026-04-02T15:00:00+00:00,11835.76
2026-04-02T15:15:00+00:00,11633.4
2026-04-02T15:30:00+00:00,11207.24
2026-04-02T15:45:00+00:00,10142.72
2026-04-02T16:00:00+00:00,8979.96
2026-04-02T16:15:00+00:00,7538.64
2026-04-02T16:30:00+00:00,5743.52
2026-04-02T16:45:00+00:00,3860.72
2026-04-02T17:00:00+00:00,1600.84
2026-04-02T17:15:00+00:00,2659.6
2026-04-02T17:30:00+00:00,3713.48
2026-04-02T17:45:00+00:00,4636.84
2026-04-02T18:00:00+00:00,5567.84
2026-04-02T18:15:00+00:00,6468.24
2026-04-02T18:30:00+00:00,7137.88
2026-04-02T18:45:00+00:00,7923.88
2026-04-02T19:00:00+00:00,8355.24
2026-04-02T19:15:00+00:00,8870.32
2026-04-02T19:30:00+00:00,9140.68
2026-04-02T19:45:00+00:00,9614.16
2026-04-02T20:00:00+00:00,9482.92
2026-04-02T20:15:00+00:00,9474.8
2026-04-02T20:30:00+00:00,9134.88
2026-04-02T20:45:00+00:00,8819.36
2026-04-02T21:00:00+00:00,8547.04
2026-04-02T21:15:00+00:00,9484.24
2026-04-02T21:30:00+00:00,10354.8
2026-04-02T21:45:00+00:00,10965.6
2026-04-02T22:00:00+00:00,11488.08
2026-04-02T22:15:00+00:00,11498.16
2026-04-02T22:30:00+00:00,11283.76
2026-04-02T22:45:00+00:00,10785.4
2026-04-02T23:00:00+00:00,9968.36
2026-04-02T23:15:00+00:00,9712.32
2026-04-02T23:30:00+00:00,9320.36
2026-04-02T23:45:00+00:00,8521.36
2026-04-03T00:00:00+00:00,7534.4
2026-04-03T00:15:00+00:00,6303.08
2026-04-03T00:30:00+00:00,4764.8
2026-04-03T00:45:00+00:00,3243.8
2026-04-03T01:00:00+00:00,1636.12
2026-04-03T01:15:00+00:00,1626.68
2026-04-03T01:30:00+00:00,1621.72
2026-04-03T01:45:00+00:00,1640.48
2026-04-03T02:00:00+00:00,1634.88
2026-04-03T02:15:00+00:00,1600.64
2026-04-03T02:30:00+00:00,1625.48
2026-04-03T02:45:00+00:00,1622.12
2026-04-03T03:00:00+00:00,1631.72
2026-04-03T03:15:00+00:00,1602.08
2026-04-03T03:30:00+00:00,1604.96
2026-04-03T03:45:00+00:00,1608.12
2026-04-03T04:00:00+00:00,1596.6
2026-04-03T04:15:00+00:00,1628.64
2026-04-03T04:30:00+00:00,1623.4
2026-04-03T04:45:00+00:00,1604.28
2026-04-03T05:00:00+00:00,1619.36
2026-04-03T05:15:00+00:00,4249.52
2026-04-03T05:30:00+00:00,6874.92
2026-04-03T05:45:00+00:00,9283.0
2026-04-03T06:00:00+00:00,11372.76
2026-04-03T06:15:00+00:00,13365.76
2026-04-03T06:30:00+00:00,14835.2
2026-04-03T06:45:00+00:00,15923.8
2026-04-03T07:00:00+00:00,16678.6
2026-04-03T07:15:00+00:00,17256.96
2026-04-03T07:30:00+00:00,16826.84
2026-04-03T07:45:00+00:00,16466.0
2026-04-03T08:00:00+00:00,18416.28
2026-04-03T08:15:00+00:00,16833.04
2026-04-03T08:30:00+00:00,14940.92
2026-04-03T08:45:00+00:00,12651.72
2026-04-03T09:00:00+00:00,10118.84
2026-04-03T09:15:00+00:00,9234.24
2026-04-03T09:30:00+00:00,8609.12
2026-04-03T09:45:00+00:00,7628.56
2026-04-03T10:00:00+00:00,6659.08
2026-04-03T10:15:00+00:00,5529.2
2026-04-03T10:30:00+00:00,4378.96
2026-04-03T10:45:00+00:00,3110.84
2026-04-03T11:00:00+00:00,1935.92
2026-04-03T11:15:00+00:00,1917.12
2026-04-03T11:30:00+00:00,1937.6
2026-04-03T11:45:00+00:00,1906.92
2026-04-03T12:00:00+00:00,1924.72
2026-04-03T12:15:00+00:00,1944.76
2026-04-03T12:30:00+00:00,1941.2
2026-04-03T12:45:00+00:00,1895.08
2026-04-03T13:00:00+00:00,1918.96
2026-04-03T13:15:00+00:00,3912.76
2026-04-03T13:30:00+00:00,5730.24
2026-04-03T13:45:00+00:00,7411.2
2026-04-03T14:00:00+00:00,8858.04
2026-04-03T14:15:00+00:00,10165.4
2026-04-03T14:30:00+00:00,10936.92
2026-04-03T14:45:00+00:00,11659.56
2026-04-03T15:00:00+00:00,11904.96
2026-04-03T15:15:00+00:00,11707.8
2026-04-03T15:30:00+00:00,11077.12
2026-04-03T15:45:00+00:00,10218.96
2026-04-03T16:00:00+00:00,9052.08
2026-04-03T16:15:00+00:00,7473.32
2026-04-03T16:30:00+00:00,5662.24
2026-04-03T16:45:00+00:00,3851.84
2026-04-03T17:00:00+00:00,1620.84
2026-04-03T17:15:00+00:00,2654.76
2026-04-03T17:30:00+00:00,3684.84
2026-04-03T17:45:00+00:00,4651.64
2026-04-03T18:00:00+00:00,5541.16
2026-04-03T18:15:00+00:00,6429.96
2026-04-03T18:30:00+00:00,7206.8
2026-04-03T18:45:00+00:00,7886.52
2026-04-03T19:00:00+00:00,8450.8
2026-04-03T19:15:00+00:00,9011.2
2026-04-03T19:30:00+00:00,9232.64
2026-04-03T19:45:00+00:00,9288.72
2026-04-03T20:00:00+00:00,9538.52
2026-04-03T20:15:00+00:00,9458.72
2026-04-03T20:30:00+00:00,9256.08
2026-04-03T20:45:00+00:00,8976.16
2026-04-03T21:00:00+00:00,8343.32
2026-04-03T21:15:00+00:00,9376.16
2026-04-03T21:30:00+00:00,10419.56
2026-04-03T21:45:00+00:00,11079.48
2026-04-03T22:00:00+00:00,11518.92
2026-04-03T22:15:00+00:00,11536.4
2026-04-03T22:30:00+00:00,11495.96
2026-04-03T22:45:00+00:00,10853.4
2026-04-03T23:00:00+00:00,9982.52
2026-04-03T23:15:00+00:00,9799.12
2026-04-03T23:30:00+00:00,9280.68
2026-04-03T23:45:00+00:00,8465.36
2026-04-04T00:00:00+00:00,7476.12
2026-04-04T00:15:00+00:00,6266.88
2026-04-04T00:30:00+00:00,4818.56
2026-04-04T00:45:00+00:00,3275.16
2026-04-04T01:00:00+00:00,1615.36
2026-04-04T01:15:00+00:00,1604.64
2026-04-04T01:30:00+00:00,1622.24
2026-04-04T01:45:00+00:00,1646.76
2026-04-04T02:00:00+00:00,1608.52
2026-04-04T02:15:00+00:00,1614.6
2026-04-04T02:30:00+00:00,1625.44
2026-04-04T02:45:00+00:00,1611.4
2026-04-04T03:00:00+00:00,1634.24
2026-04-04T03:15:00+00:00,1607.6
2026-04-04T03:30:00+00:00,1609.2
2026-04-04T03:45:00+00:00,1619.16
2026-04-04T04:00:00+00:00,1610.32
2026-04-04T04:15:00+00:00,1628.52
2026-04-04T04:30:00+00:00,1607.28
2026-04-04T04:45:00+00:00,1630.68
2026-04-04T05:00:00+00:00,1603.16
2026-04-04T05:15:00+00:00,4300.84
2026-04-04T05:30:00+00:00,6841.64
2026-04-04T05:45:00+00:00,9224.36
2026-04-04T06:00:00+00:00,11444.68
2026-04-04T06:15:00+00:00,13220.32
2026-04-04T06:30:00+00:00,14847.88
2026-04-04T06:45:00+00:00,15879.56
2026-04-04T07:00:00+00:00,16762.48
2026-04-04T07:15:00+00:00,16900.96
2026-04-04T07:30:00+00:00,16874.4
2026-04-04T07:45:00+00:00,16203.16
2026-04-04T08:00:00+00:00,15411.44
2026-04-04T08:15:00+00:00,14019.92
2026-04-04T08:30:00+00:00,12443.32
2026-04-04T08:45:00+00:00,10434.96
2026-04-04T09:00:00+00:00,8465.48
2026-04-04T09:15:00+00:00,7849.8
2026-04-04T09:30:00+00:00,7241.24
2026-04-04T09:45:00+00:00,6487.04
2026-04-04T10:00:00+00:00,5524.64
2026-04-04T10:15:00+00:00,4661.56
2026-04-04T10:30:00+00:00,3660.64
2026-04-04T10:45:00+00:00,2664.72
2026-04-04T11:00:00+00:00,1631.4
2026-04-04T11:15:00+00:00,1599.88
2026-04-04T11:30:00+00:00,1621.12
2026-04-04T11:45:00+00:00,1602.36
2026-04-04T12:00:00+00:00,1626.64
2026-04-04T12:15:00+00:00,1609.96
2026-04-04T12:30:00+00:00,1629.2
2026-04-04T12:45:00+00:00,1600.28
2026-04-04T13:00:00+00:00,1609.24
2026-04-04T13:15:00+00:00,3270.04
2026-04-04T13:30:00+00:00,4775.96
2026-04-04T13:45:00+00:00,6292.2
2026-04-04T14:00:00+00:00,7593.88
2026-04-04T14:15:00+00:00,8559.96
2026-04-04T14:30:00+00:00,9313.92
2026-04-04T14:45:00+00:00,9797.6
2026-04-04T15:00:00+00:00,9958.12
2026-04-04T15:15:00+00:00,9613.88
2026-04-04T15:30:00+00:00,9421.8
2026-04-04T15:45:00+00:00,8493.6
2026-04-04T16:00:00+00:00,7473.4
2026-04-04T16:15:00+00:00,6258.24
2026-04-04T16:30:00+00:00,4804.96
2026-04-04T16:45:00+00:00,3193.84
2026-04-04T17:00:00+00:00,1611.76
2026-04-04T17:15:00+00:00,2650.84
2026-04-04T17:30:00+00:00,3671.16
2026-04-04T17:45:00+00:00,4578.16
2026-04-04T18:00:00+00:00,5474.8
2026-04-04T18:15:00+00:00,6428.88
2026-04-04T18:30:00+00:00,7253.04
2026-04-04T18:45:00+00:00,7883.44
2026-04-04T19:00:00+00:00,8396.48
2026-04-04T19:15:00+00:00,8765.68
2026-04-04T19:30:00+00:00,9286.68
2026-04-04T19:45:00+00:00,9370.6
2026-04-04T20:00:00+00:00,9430.48
2026-04-04T20:15:00+00:00,9534.04
2026-04-04T20:30:00+00:00,9320.88
2026-04-04T20:45:00+00:00,8931.48
2026-04-04T21:00:00+00:00,8333.0
2026-04-04T21:15:00+00:00,9620.56
2026-04-04T21:30:00+00:00,10310.32
2026-04-04T21:45:00+00:00,11133.2
2026-04-04T22:00:00+00:00,11473.16
2026-04-04T22:15:00+00:00,11732.04
2026-04-04T22:30:00+00:00,11360.64
2026-04-04T22:45:00+00:00,10799.8
2026-04-04T23:00:00+00:00,9874.24
2026-04-04T23:15:00+00:00,9739.04
2026-04-04T23:30:00+00:00,9312.24
2026-04-04T23:45:00+00:00,8610.8
2026-04-05T00:00:00+00:00,7501.48
2026-04-05T00:15:00+00:00,6304.24
2026-04-05T00:30:00+00:00,4831.68
2026-04-05T00:45:00+00:00,3220.68
2026-04-05T01:00:00+00:00,1611.4
2026-04-05T01:15:00+00:00,1631.2
2026-04-05T01:30:00+00:00,1636.6
2026-04-05T01:45:00+00:00,1640.32
2026-04-05T02:00:00+00:00,1642.32
2026-04-05T02:15:00+00:00,1624.64
2026-04-05T02:30:00+00:00,1630.28
2026-04-05T02:45:00+00:00,1636.88
2026-04-05T03:00:00+00:00,1615.32
2026-04-05T03:15:00+00:00,1607.84
2026-04-05T03:30:00+00:00,1622.24
2026-04-05T03:45:00+00:00,1626.48
2026-04-05T04:00:00+00:00,1617.16
2026-04-05T04:15:00+00:00,1600.4
2026-04-05T04:30:00+00:00,1628.36
2026-04-05T04:45:00+00:00,1617.64
2026-04-05T05:00:00+00:00,1617.08
2026-04-05T05:15:00+00:00,4284.76
2026-04-05T05:30:00+00:00,6941.08
2026-04-05T05:45:00+00:00,9194.24
2026-04-05T06:00:00+00:00,11573.0
2026-04-05T06:15:00+00:00,13291.76
2026-04-05T06:30:00+00:00,15017.44
2026-04-05T06:45:00+00:00,15958.12
2026-04-05T07:00:00+00:00,16901.0
2026-04-05T07:15:00+00:00,16963.04
2026-04-05T07:30:00+00:00,16718.6
2026-04-05T07:45:00+00:00,16443.8
2026-04-05T08:00:00+00:00,15357.28
2026-04-05T08:15:00+00:00,14350.16
2026-04-05T08:30:00+00:00,12299.0
2026-04-05T08:45:00+00:00,10398.12
2026-04-05T09:00:00+00:00,8523.56
2026-04-05T09:15:00+00:00,7914.96
2026-04-05T09:30:00+00:00,7191.52
2026-04-05T09:45:00+00:00,6365.96
2026-04-05T10:00:00+00:00,5594.88
2026-04-05T10:15:00+00:00,4627.84
2026-04-05T10:30:00+00:00,3671.48
2026-04-05T10:45:00+00:00,2650.08
2026-04-05T11:00:00+00:00,1616.72
2026-04-05T11:15:00+00:00,1644.92
2026-04-05T11:30:00+00:00,1632.44
2026-04-05T11:45:00+00:00,1620.8
2026-04-05T12:00:00+00:00,1620.4
2026-04-05T12:15:00+00:00,1614.44
2026-04-05T12:30:00+00:00,1599.16
2026-04-05T12:45:00+00:00,1632.6
2026-04-05T13:00:00+00:00,1617.72
2026-04-05T13:15:00+00:00,3229.04
2026-04-05T13:30:00+00:00,4812.64
2026-04-05T13:45:00+00:00,6187.64
2026-04-05T14:00:00+00:00,7435.36
2026-04-05T14:15:00+00:00,8420.6
2026-04-05T14:30:00+00:00,9324.84
2026-04-05T14:45:00+00:00,9742.68
2026-04-05T15:00:00+00:00,9895.36
2026-04-05T15:15:00+00:00,9796.28
2026-04-05T15:30:00+00:00,9297.88
2026-04-05T15:45:00+00:00,8657.36
2026-04-05T16:00:00+00:00,7513.8
2026-04-05T16:15:00+00:00,6266.2
2026-04-05T16:30:00+00:00,4859.76
2026-04-05T16:45:00+00:00,3270.0
2026-04-05T17:00:00+00:00,1615.88
2026-04-05T17:15:00+00:00,2654.4
2026-04-05T17:30:00+00:00,3658.96
2026-04-05T17:45:00+00:00,4668.16
2026-04-05T18:00:00+00:00,5539.24
2026-04-05T18:15:00+00:00,6410.84
2026-04-05T18:30:00+00:00,7077.72
2026-04-05T18:45:00+00:00,7946.24
2026-04-05T19:00:00+00:00,8500.96
2026-04-05T19:15:00+00:00,8889.88
2026-04-05T19:30:00+00:00,9299.0
2026-04-05T19:45:00+00:00,9322.04
2026-04-05T20:00:00+00:00,9464.28
2026-04-05T20:15:00+00:00,9407.92
2026-04-05T20:30:00+00:00,9274.16
2026-04-05T20:45:00+00:00,8861.6
2026-04-05T21:00:00+00:00,8415.48
2026-04-05T21:15:00+00:00,9466.92
2026-04-05T21:30:00+00:00,10358.8
2026-04-05T21:45:00+00:00,10875.48
2026-04-05T22:00:00+00:00,11571.12
2026-04-05T22:15:00+00:00,11626.88
2026-04-05T22:30:00+00:00,11301.36
2026-04-05T22:45:00+00:00,10892.16
2026-04-05T23:00:00+00:00,9954.36
2026-04-05T23:15:00+00:00,9762.72
2026-04-05T23:30:00+00:00,9329.76
2026-04-05T23:45:00+00:00,8518.96
2026-04-06T00:00:00+00:00,7473.88
2026-04-06T00:15:00+00:00,6188.64
2026-04-06T00:30:00+00:00,4789.04
2026-04-06T00:45:00+00:00,3246.16
2026-04-06T01:00:00+00:00,1609.76
2026-04-06T01:15:00+00:00,1619.0
2026-04-06T01:30:00+00:00,1600.6
2026-04-06T01:45:00+00:00,1629.2
2026-04-06T02:00:00+00:00,1628.64
2026-04-06T02:15:00+00:00,1631.68
2026-04-06T02:30:00+00:00,1628.52
2026-04-06T02:45:00+00:00,1604.4
2026-04-06T03:00:00+00:00,1614.72
2026-04-06T03:15:00+00:00,1608.8
2026-04-06T03:30:00+00:00,1623.12
2026-04-06T03:45:00+00:00,1620.12
2026-04-06T04:00:00+00:00,1616.48
2026-04-06T04:15:00+00:00,1608.92
2026-04-06T04:30:00+00:00,1629.24
2026-04-06T04:45:00+00:00,1619.88
2026-04-06T05:00:00+00:00,1643.44
2026-04-06T05:15:00+00:00,4260.88
2026-04-06T05:30:00+00:00,6916.16
2026-04-06T05:45:00+00:00,9144.92
2026-04-06T06:00:00+00:00,11402.4
2026-04-06T06:15:00+00:00,13323.4
2026-04-06T06:30:00+00:00,14816.56
2026-04-06T06:45:00+00:00,16299.28
2026-04-06T07:00:00+00:00,16396.16
2026-04-06T07:15:00+00:00,17009.68
2026-04-06T07:30:00+00:00,16824.8
2026-04-06T07:45:00+00:00,16479.0
2026-04-06T08:00:00+00:00,18476.44
2026-04-06T08:15:00+00:00,16837.36
2026-04-06T08:30:00+00:00,14964.16
2026-04-06T08:45:00+00:00,12616.2
2026-04-06T09:00:00+00:00,9994.6
2026-04-06T09:15:00+00:00,9322.44
2026-04-06T09:30:00+00:00,8478.28
2026-04-06T09:45:00+00:00,7670.04
2026-04-06T10:00:00+00:00,6535.24
2026-04-06T10:15:00+00:00,5464.32
2026-04-06T10:30:00+00:00,4361.64
2026-04-06T10:45:00+00:00,3182.8
2026-04-06T11:00:00+00:00,1934.0
2026-04-06T11:15:00+00:00,1936.52
2026-04-06T11:30:00+00:00,1910.96
2026-04-06T11:45:00+00:00,1924.2
2026-04-06T12:00:00+00:00,1944.04
2026-04-06T12:15:00+00:00,1927.6
2026-04-06T12:30:00+00:00,1938.36
2026-04-06T12:45:00+00:00,1951.28
2026-04-06T13:00:00+00:00,1922.4
2026-04-06T13:15:00+00:00,3858.28
2026-04-06T13:30:00+00:00,5709.64
2026-04-06T13:45:00+00:00,7541.76
2026-04-06T14:00:00+00:00,9061.96
2026-04-06T14:15:00+00:00,10018.68
2026-04-06T14:30:00+00:00,11041.44
2026-04-06T14:45:00+00:00,11731.0
2026-04-06T15:00:00+00:00,11898.32
2026-04-06T15:15:00+00:00,11713.76
2026-04-06T15:30:00+00:00,11079.72
2026-04-06T15:45:00+00:00,10255.92
2026-04-06T16:00:00+00:00,8844.36
2026-04-06T16:15:00+00:00,7467.52
2026-04-06T16:30:00+00:00,5718.76
2026-04-06T16:45:00+00:00,3889.12
2026-04-06T17:00:00+00:00,1627.36
2026-04-06T17:15:00+00:00,2697.0
2026-04-06T17:30:00+00:00,3671.48
2026-04-06T17:45:00+00:00,4685.2
2026-04-06T18:00:00+00:00,5446.0
2026-04-06T18:15:00+00:00,6362.68
2026-04-06T18:30:00+00:00,7208.64
2026-04-06T18:45:00+00:00,7841.56
2026-04-06T19:00:00+00:00,8410.24
2026-04-06T19:15:00+00:00,8888.64
2026-04-06T19:30:00+00:00,9118.48
2026-04-06T19:45:00+00:00,9346.2
2026-04-06T20:00:00+00:00,9443.08
2026-04-06T20:15:00+00:00,9481.72
2026-04-06T20:30:00+00:00,9160.68
2026-04-06T20:45:00+00:00,8818.16
2026-04-06T21:00:00+00:00,8362.76
2026-04-06T21:15:00+00:00,9456.2
2026-04-06T21:30:00+00:00,10288.88
2026-04-06T21:45:00+00:00,10991.76
2026-04-06T22:00:00+00:00,11338.6
2026-04-06T22:15:00+00:00,11606.04
2026-04-06T22:30:00+00:00,11431.36
2026-04-06T22:45:00+00:00,10839.64
2026-04-06T23:00:00+00:00,10062.04
2026-04-06T23:15:00+00:00,9731.6
2026-04-06T23:30:00+00:00,9441.24
2026-04-06T23:45:00+00:00,8610.24
2026-04-07T00:00:00+00:00,7486.0
2026-04-07T00:15:00+00:00,6272.72
2026-04-07T00:30:00+00:00,4843.4
2026-04-07T00:45:00+00:00,3262.28
2026-04-07T01:00:00+00:00,1613.84
2026-04-07T01:15:00+00:00,1642.88
2026-04-07T01:30:00+00:00,1639.84
2026-04-07T01:45:00+00:00,1617.6
2026-04-07T02:00:00+00:00,1622.44
2026-04-07T02:15:00+00:00,1612.92
2026-04-07T02:30:00+00:00,1612.2
2026-04-07T02:45:00+00:00,1628.84
2026-04-07T03:00:00+00:00,1633.2
2026-04-07T03:15:00+00:00,1634.12
2026-04-07T03:30:00+00:00,1616.56
2026-04-07T03:45:00+00:00,1586.96
2026-04-07T04:00:00+00:00,1596.12
2026-04-07T04:15:00+00:00,1614.28
2026-04-07T04:30:00+00:00,1630.4
2026-04-07T04:45:00+00:00,1606.52
2026-04-07T05:00:00+00:00,1623.72
2026-04-07T05:15:00+00:00,4239.04
2026-04-07T05:30:00+00:00,6793.64
2026-04-07T05:45:00+00:00,9277.88
2026-04-07T06:00:00+00:00,11478.08
2026-04-07T06:15:00+00:00,13300.6
2026-04-07T06:30:00+00:00,14950.04
2026-04-07T06:45:00+00:00,15898.72
2026-04-07T07:00:00+00:00,16830.88
2026-04-07T07:15:00+00:00,17118.0
2026-04-07T07:30:00+00:00,16904.0
2026-04-07T07:45:00+00:00,16146.44
2026-04-07T08:00:00+00:00,18189.28
2026-04-07T08:15:00+00:00,16655.36
2026-04-07T08:30:00+00:00,14705.32
2026-04-07T08:45:00+00:00,12444.72
2026-04-07T09:00:00+00:00,9910.44
2026-04-07T09:15:00+00:00,9297.28
2026-04-07T09:30:00+00:00,8450.6
2026-04-07T09:45:00+00:00,7604.12
2026-04-07T10:00:00+00:00,6669.84
2026-04-07T10:15:00+00:00,5512.64
2026-04-07T10:30:00+00:00,4399.12
2026-04-07T10:45:00+00:00,3194.32
2026-04-07T11:00:00+00:00,1947.16
2026-04-07T11:15:00+00:00,1909.08
2026-04-07T11:30:00+00:00,1918.64
2026-04-07T11:45:00+00:00,1933.28
2026-04-07T12:00:00+00:00,1927.44
2026-04-07T12:15:00+00:00,1916.68
2026-04-07T12:30:00+00:00,1940.32
2026-04-07T12:45:00+00:00,1917.36
2026-04-07T13:00:00+00:00,1936.08
2026-04-07T13:15:00+00:00,3874.56
2026-04-07T13:30:00+00:00,5751.2
2026-04-07T13:45:00+00:00,7378.68
2026-04-07T14:00:00+00:00,8842.12
2026-04-07T14:15:00+00:00,10268.32
2026-04-07T14:30:00+00:00,11072.68
2026-04-07T14:45:00+00:00,11494.28
2026-04-07T15:00:00+00:00,12006.96
2026-04-07T15:15:00+00:00,11789.24
2026-04-07T15:30:00+00:00,11109.68
2026-04-07T15:45:00+00:00,10224.96
2026-04-07T16:00:00+00:00,8922.68
2026-04-07T16:15:00+00:00,7411.08
2026-04-07T16:30:00+00:00,5663.68
2026-04-07T16:45:00+00:00,3894.24
2026-04-07T17:00:00+00:00,1611.8
2026-04-07T17:15:00+00:00,2636.12
2026-04-07T17:30:00+00:00,3675.88
2026-04-07T17:45:00+00:00,4615.2
2026-04-07T18:00:00+00:00,5536.16
2026-04-07T18:15:00+00:00,6399.76
2026-04-07T18:30:00+00:00,7189.8
2026-04-07T18:45:00+00:00,7836.0
2026-04-07T19:00:00+00:00,8246.32
2026-04-07T19:15:00+00:00,8874.96
2026-04-07T19:30:00+00:00,9086.84
2026-04-07T19:45:00+00:00,9295.36
2026-04-07T20:00:00+00:00,9379.92
2026-04-07T20:15:00+00:00,9346.76
2026-04-07T20:30:00+00:00,9336.08
2026-04-07T20:45:00+00:00,8974.92
2026-04-07T21:00:00+00:00,8498.88
2026-04-07T21:15:00+00:00,9489.28
2026-04-07T21:30:00+00:00,10402.4
2026-04-07T21:45:00+00:00,10951.8
2026-04-07T22:00:00+00:00,11381.36
2026-04-07T22:15:00+00:00,11425.48
2026-04-07T22:30:00+00:00,11293.72
2026-04-07T22:45:00+00:00,10883.2
2026-04-07T23:00:00+00:00,10067.0
2026-04-07T23:15:00+00:00,9737.76
2026-04-07T23:30:00+00:00,9213.4
2026-04-07T23:45:00+00:00,8647.68
2026-04-08T00:00:00+00:00,7543.6
2026-04-08T00:15:00+00:00,6230.2
2026-04-08T00:30:00+00:00,4852.24
2026-04-08T00:45:00+00:00,3244.6
2026-04-08T01:00:00+00:00,1627.24
2026-04-08T01:15:00+00:00,1616.68
2026-04-08T01:30:00+00:00,1624.36
2026-04-08T01:45:00+00:00,1625.56
2026-04-08T02:00:00+00:00,1624.64
2026-04-08T02:15:00+00:00,1627.0
2026-04-08T02:30:00+00:00,1594.92
2026-04-08T02:45:00+00:00,1632.92
2026-04-08T03:00:00+00:00,1598.4
2026-04-08T03:15:00+00:00,1623.48
2026-04-08T03:30:00+00:00,1646.16
2026-04-08T03:45:00+00:00,1624.8
2026-04-08T04:00:00+00:00,1618.04
2026-04-08T04:15:00+00:00,1629.68
2026-04-08T04:30:00+00:00,1622.16
2026-04-08T04:45:00+00:00,1616.76
2026-04-08T05:00:00+00:00,1620.88
2026-04-08T05:15:00+00:00,4299.04
2026-04-08T05:30:00+00:00,6878.92
2026-04-08T05:45:00+00:00,9342.56
2026-04-08T06:00:00+00:00,11350.84
2026-04-08T06:15:00+00:00,13260.6
2026-04-08T06:30:00+00:00,14916.12
2026-04-08T06:45:00+00:00,16113.24
2026-04-08T07:00:00+00:00,16689.96
2026-04-08T07:15:00+00:00,17010.68
2026-04-08T07:30:00+00:00,16967.28
2026-04-08T07:45:00+00:00,16306.0
2026-04-08T08:00:00+00:00,18393.24
2026-04-08T08:15:00+00:00,16638.4
2026-04-08T08:30:00+00:00,14864.88
2026-04-08T08:45:00+00:00,12513.92
2026-04-08T09:00:00+00:00,10047.52
2026-04-08T09:15:00+00:00,9423.24
2026-04-08T09:30:00+00:00,8411.04
2026-04-08T09:45:00+00:00,7639.0
2026-04-08T10:00:00+00:00,6551.68
2026-04-08T10:15:00+00:00,5494.6
2026-04-08T10:30:00+00:00,4317.0
2026-04-08T10:45:00+00:00,3130.44
2026-04-08T11:00:00+00:00,1926.56
2026-04-08T11:15:00+00:00,1929.36
2026-04-08T11:30:00+00:00,1928.8
2026-04-08T11:45:00+00:00,1940.92
2026-04-08T12:00:00+00:00,1936.04
2026-04-08T12:15:00+00:00,1939.68
2026-04-08T12:30:00+00:00,1917.16
2026-04-08T12:45:00+00:00,1909.48
2026-04-08T13:00:00+00:00,1949.48
2026-04-08T13:15:00+00:00,3884.64
2026-04-08T13:30:00+00:00,5711.92
2026-04-08T13:45:00+00:00,7472.6
2026-04-08T14:00:00+00:00,8933.56
2026-04-08T14:15:00+00:00,10315.52
2026-04-08T14:30:00+00:00,11049.52
2026-04-08T14:45:00+00:00,11659.44
2026-04-08T15:00:00+00:00,11991.36
2026-04-08T15:15:00+00:00,11808.6
2026-04-08T15:30:00+00:00,10993.04
2026-04-08T15:45:00+00:00,10186.2
2026-04-08T16:00:00+00:00,8855.2
2026-04-08T16:15:00+00:00,7444.36
2026-04-08T16:30:00+00:00,5723.8
2026-04-08T16:45:00+00:00,3838.08
2026-04-08T17:00:00+00:00,1618.08
2026-04-08T17:15:00+00:00,2666.08
2026-04-08T17:30:00+00:00,3696.2
2026-04-08T17:45:00+00:00,4642.64
2026-04-08T18:00:00+00:00,5567.24
2026-04-08T18:15:00+00:00,6447.36
2026-04-08T18:30:00+00:00,7099.04
2026-04-08T18:45:00+00:00,7834.84
2026-04-08T19:00:00+00:00,8510.92
2026-04-08T19:15:00+00:00,8928.32
2026-04-08T19:30:00+00:00,9241.4
2026-04-08T19:45:00+00:00,9551.6
2026-04-08T20:00:00+00:00,9374.8
2026-04-08T20:15:00+00:00,9434.56
2026-04-08T20:30:00+00:00,9089.84
2026-04-08T20:45:00+00:00,8964.84
2026-04-08T21:00:00+00:00,8321.04
2026-04-08T21:15:00+00:00,9451.72
2026-04-08T21:30:00+00:00,10371.64
2026-04-08T21:45:00+00:00,10915.64
2026-04-08T22:00:00+00:00,11267.6
2026-04-08T22:15:00+00:00,11580.4
2026-04-08T22:30:00+00:00,11399.32
2026-04-08T22:45:00+00:00,10868.6
2026-04-08T23:00:00+00:00,9783.24
2026-04-08T23:15:00+00:00,9742.4
2026-04-08T23:30:00+00:00,9245.76
2026-04-08T23:45:00+00:00,8434.52
2026-04-09T00:00:00+00:00,7483.04
2026-04-09T00:15:00+00:00,6197.76
2026-04-09T00:30:00+00:00,4738.92
2026-04-09T00:45:00+00:00,3252.48
2026-04-09T01:00:00+00:00,1613.04
2026-04-09T01:15:00+00:00,1622.04
2026-04-09T01:30:00+00:00,1616.76
2026-04-09T01:45:00+00:00,1599.16
2026-04-09T02:00:00+00:00,1627.72
2026-04-09T02:15:00+00:00,1596.64
2026-04-09T02:30:00+00:00,1621.96
2026-04-09T02:45:00+00:00,1624.72
2026-04-09T03:00:00+00:00,1620.36
2026-04-09T03:15:00+00:00,1638.24
2026-04-09T03:30:00+00:00,1593.36
2026-04-09T03:45:00+00:00,1633.64
2026-04-09T04:00:00+00:00,1608.56
2026-04-09T04:15:00+00:00,1618.96
2026-04-09T04:30:00+00:00,1604.16
2026-04-09T04:45:00+00:00,1647.64
2026-04-09T05:00:00+00:00,1637.68
2026-04-09T05:15:00+00:00,4237.88
2026-04-09T05:30:00+00:00,6766.36
2026-04-09T05:45:00+00:00,9152.36
2026-04-09T06:00:00+00:00,11344.84
2026-04-09T06:15:00+00:00,13452.44
2026-04-09T06:30:00+00:00,14952.44
2026-04-09T06:45:00+00:00,16115.76
2026-04-09T07:00:00+00:00,16795.88
2026-04-09T07:15:00+00:00,16959.88
2026-04-09T07:30:00+00:00,16804.64
2026-04-09T07:45:00+00:00,16398.92
2026-04-09T08:00:00+00:00,18100.36
2026-04-09T08:15:00+00:00,16817.24
2026-04-09T08:30:00+00:00,14617.08
2026-04-09T08:45:00+00:00,12413.32
2026-04-09T09:00:00+00:00,10011.72
2026-04-09T09:15:00+00:00,9428.32
2026-04-09T09:30:00+00:00,8424.8
2026-04-09T09:45:00+00:00,7632.2
2026-04-09T10:00:00+00:00,6631.72
2026-04-09T10:15:00+00:00,5471.08
2026-04-09T10:30:00+00:00,4317.68
2026-04-09T10:45:00+00:00,3179.56
2026-04-09T11:00:00+00:00,1932.16
2026-04-09T11:15:00+00:00,1928.56
2026-04-09T11:30:00+00:00,1916.76
2026-04-09T11:45:00+00:00,1917.48
2026-04-09T12:00:00+00:00,1926.72
2026-04-09T12:15:00+00:00,1937.92
2026-04-09T12:30:00+00:00,1925.64
2026-04-09T12:45:00+00:00,1931.24
2026-04-09T13:00:00+00:00,1903.44
2026-04-09T13:15:00+00:00,3862.2
2026-04-09T13:30:00+00:00,5748.16
2026-04-09T13:45:00+00:00,7465.44
2026-04-09T14:00:00+00:00,8907.48
2026-04-09T14:15:00+00:00,10279.08
2026-04-09T14:30:00+00:00,11138.76
2026-04-09T14:45:00+00:00,11634.44
2026-04-09T15:00:00+00:00,12002.72
2026-04-09T15:15:00+00:00,11589.08
2026-04-09T15:30:00+00:00,11069.08
2026-04-09T15:45:00+00:00,10148.72
2026-04-09T16:00:00+00:00,8889.76
2026-04-09T16:15:00+00:00,7478.16
2026-04-09T16:30:00+00:00,5697.76
2026-04-09T16:45:00+00:00,3890.72
2026-04-09T17:00:00+00:00,1601.52
2026-04-09T17:15:00+00:00,2658.36
2026-04-09T17:30:00+00:00,3636.16
2026-04-09T17:45:00+00:00,4627.92
2026-04-09T18:00:00+00:00,5545.4
2026-04-09T18:15:00+00:00,6405.08
2026-04-09T18:30:00+00:00,7259.16
2026-04-09T18:45:00+00:00,7890.04
2026-04-09T19:00:00+00:00,8370.12
2026-04-09T19:15:00+00:00,8898.44
2026-04-09T19:30:00+00:00,9223.48
2026-04-09T19:45:00+00:00,9401.08
2026-04-09T20:00:00+00:00,9537.6
2026-04-09T20:15:00+00:00,9277.64
2026-04-09T20:30:00+00:00,9038.96
2026-04-09T20:45:00+00:00,8832.84
2026-04-09T21:00:00+00:00,8472.6
2026-04-09T21:15:00+00:00,9479.4
2026-04-09T21:30:00+00:00,10218.44
2026-04-09T21:45:00+00:00,11114.64
2026-04-09T22:00:00+00:00,11453.04
2026-04-09T22:15:00+00:00,11449.36
2026-04-09T22:30:00+00:00,11349.56
2026-04-09T22:45:00+00:00,10916.16
2026-04-09T23:00:00+00:00,9978.68
2026-04-09T23:15:00+00:00,9893.0
2026-04-09T23:30:00+00:00,9187.12
2026-04-09T23:45:00+00:00,8491.92
2026-04-10T00:00:00+00:00,7496.68
2026-04-10T00:15:00+00:00,6244.6
2026-04-10T00:30:00+00:00,4823.44
2026-04-10T00:45:00+00:00,3255.16
2026-04-10T01:00:00+00:00,1598.64
2026-04-10T01:15:00+00:00,1613.88
2026-04-10T01:30:00+00:00,1613.24
2026-04-10T01:45:00+00:00,1617.04
2026-04-10T02:00:00+00:00,1623.48
2026-04-10T02:15:00+00:00,1627.44
2026-04-10T02:30:00+00:00,1604.16
2026-04-10T02:45:00+00:00,1607.0
2026-04-10T03:00:00+00:00,1610.52
2026-04-10T03:15:00+00:00,1612.64
2026-04-10T03:30:00+00:00,1641.2
2026-04-10T03:45:00+00:00,1590.64
2026-04-10T04:00:00+00:00,1615.48
2026-04-10T04:15:00+00:00,1612.16
2026-04-10T04:30:00+00:00,1599.6
2026-04-10T04:45:00+00:00,1640.68
2026-04-10T05:00:00+00:00,1618.6
2026-04-10T05:15:00+00:00,4228.12
2026-04-10T05:30:00+00:00,6873.0
2026-04-10T05:45:00+00:00,9279.16
2026-04-10T06:00:00+00:00,11314.76
2026-04-10T06:15:00+00:00,13282.12
2026-04-10T06:30:00+00:00,14948.6
2026-04-10T06:45:00+00:00,16197.12
2026-04-10T07:00:00+00:00,16692.72
2026-04-10T07:15:00+00:00,16855.52
2026-04-10T07:30:00+00:00,16873.48
2026-04-10T07:45:00+00:00,16418.28
2026-04-10T08:00:00+00:00,18084.68
2026-04-10T08:15:00+00:00,16991.52
2026-04-10T08:30:00+00:00,14856.76
2026-04-10T08:45:00+00:00,12479.96
2026-04-10T09:00:00+00:00,10022.28
2026-04-10T09:15:00+00:00,9399.84
2026-04-10T09:30:00+00:00,8634.2
2026-04-10T09:45:00+00:00,7669.12
2026-04-10T10:00:00+00:00,6595.56
2026-04-10T10:15:00+00:00,5511.32
2026-04-10T10:30:00+00:00,4385.32
2026-04-10T10:45:00+00:00,3202.16
2026-04-10T11:00:00+00:00,1922.52
2026-04-10T11:15:00+00:00,1939.48
2026-04-10T11:30:00+00:00,1934.84
2026-04-10T11:45:00+00:00,1937.12
2026-04-10T12:00:00+00:00,1916.24
2026-04-10T12:15:00+00:00,1934.68
2026-04-10T12:30:00+00:00,1932.8
2026-04-10T12:45:00+00:00,1941.92
2026-04-10T13:00:00+00:00,1928.68
2026-04-10T13:15:00+00:00,3861.16
2026-04-10T13:30:00+00:00,5719.16
2026-04-10T13:45:00+00:00,7431.4
2026-04-10T14:00:00+00:00,8945.64
2026-04-10T14:15:00+00:00,10136.52
2026-04-10T14:30:00+00:00,11006.84
2026-04-10T14:45:00+00:00,11767.2
2026-04-10T15:00:00+00:00,11922.6
2026-04-10T15:15:00+00:00,11654.0
2026-04-10T15:30:00+00:00,10995.16
2026-04-10T15:45:00+00:00,10159.36
2026-04-10T16:00:00+00:00,8902.96
2026-04-10T16:15:00+00:00,7367.76
2026-04-10T16:30:00+00:00,5732.72
2026-04-10T16:45:00+00:00,3845.4
2026-04-10T17:00:00+00:00,1618.72
2026-04-10T17:15:00+00:00,2627.68
2026-04-10T17:30:00+00:00,3616.84
2026-04-10T17:45:00+00:00,4601.68
2026-04-10T18:00:00+00:00,5555.72
2026-04-10T18:15:00+00:00,6466.64
2026-04-10T18:30:00+00:00,7220.88
2026-04-10T18:45:00+00:00,7887.12
2026-04-10T19:00:00+00:00,8490.24
2026-04-10T19:15:00+00:00,8827.0
2026-04-10T19:30:00+00:00,9197.4
2026-04-10T19:45:00+00:00,9346.88
2026-04-10T20:00:00+00:00,9616.12
2026-04-10T20:15:00+00:00,9537.2
2026-04-10T20:30:00+00:00,9181.16
2026-04-10T20:45:00+00:00,8999.68
2026-04-10T21:00:00+00:00,8504.68
2026-04-10T21:15:00+00:00,9649.04
2026-04-10T21:30:00+00:00,10300.96
2026-04-10T21:45:00+00:00,11067.76
2026-04-10T22:00:00+00:00,11427.88
2026-04-10T22:15:00+00:00,11461.76
2026-04-10T22:30:00+00:00,11345.24
2026-04-10T22:45:00+00:00,10888.24
2026-04-10T23:00:00+00:00,9943.68
2026-04-10T23:15:00+00:00,9636.2
2026-04-10T23:30:00+00:00,9401.56
2026-04-10T23:45:00+00:00,8563.6
2026-04-11T00:00:00+00:00,7453.2
2026-04-11T00:15:00+00:00,6231.52
2026-04-11T00:30:00+00:00,4830.8
2026-04-11T00:45:00+00:00,3240.96
2026-04-11T01:00:00+00:00,1620.76
2026-04-11T01:15:00+00:00,1606.8
2026-04-11T01:30:00+00:00,1589.52
2026-04-11T01:45:00+00:00,1606.76
2026-04-11T02:00:00+00:00,1602.8
2026-04-11T02:15:00+00:00,1620.88
2026-04-11T02:30:00+00:00,1618.28
2026-04-11T02:45:00+00:00,1628.36
2026-04-11T03:00:00+00:00,1601.84
2026-04-11T03:15:00+00:00,1635.24
2026-04-11T03:30:00+00:00,1603.56
2026-04-11T03:45:00+00:00,1616.36
2026-04-11T04:00:00+00:00,1608.24
2026-04-11T04:15:00+00:00,1613.0
2026-04-11T04:30:00+00:00,1605.36
2026-04-11T04:45:00+00:00,1612.72
2026-04-11T05:00:00+00:00,1610.24
2026-04-11T05:15:00+00:00,4286.56
2026-04-11T05:30:00+00:00,6868.68
2026-04-11T05:45:00+00:00,9314.12
2026-04-11T06:00:00+00:00,11342.92
2026-04-11T06:15:00+00:00,13340.6
2026-04-11T06:30:00+00:00,15020.6
2026-04-11T06:45:00+00:00,15936.2
2026-04-11T07:00:00+00:00,16620.76
2026-04-11T07:15:00+00:00,17002.0
2026-04-11T07:30:00+00:00,16872.08
2026-04-11T07:45:00+00:00,16507.56
2026-04-11T08:00:00+00:00,15494.68
2026-04-11T08:15:00+00:00,13992.16
2026-04-11T08:30:00+00:00,12427.16
2026-04-11T08:45:00+00:00,10444.36
2026-04-11T09:00:00+00:00,8443.36
2026-04-11T09:15:00+00:00,7855.12
2026-04-11T09:30:00+00:00,7249.2
2026-04-11T09:45:00+00:00,6299.52
2026-04-11T10:00:00+00:00,5537.84
2026-04-11T10:15:00+00:00,4562.84
2026-04-11T10:30:00+00:00,3630.68
2026-04-11T10:45:00+00:00,2615.2
2026-04-11T11:00:00+00:00,1634.24
2026-04-11T11:15:00+00:00,1647.2
2026-04-11T11:30:00+00:00,1620.92
2026-04-11T11:45:00+00:00,1609.24
2026-04-11T12:00:00+00:00,1604.92
2026-04-11T12:15:00+00:00,1655.48
2026-04-11T12:30:00+00:00,1609.64
2026-04-11T12:45:00+00:00,1616.88
2026-04-11T13:00:00+00:00,1604.16
2026-04-11T13:15:00+00:00,3236.36
2026-04-11T13:30:00+00:00,4728.12
2026-04-11T13:45:00+00:00,6213.52
2026-04-11T14:00:00+00:00,7470.8
2026-04-11T14:15:00+00:00,8608.2
2026-04-11T14:30:00+00:00,9236.56
2026-04-11T14:45:00+00:00,9830.48
2026-04-11T15:00:00+00:00,10070.32
2026-04-11T15:15:00+00:00,9767.56
2026-04-11T15:30:00+00:00,9357.56
2026-04-11T15:45:00+00:00,8392.32
2026-04-11T16:00:00+00:00,7574.4
2026-04-11T16:15:00+00:00,6212.8
2026-04-11T16:30:00+00:00,4787.76
2026-04-11T16:45:00+00:00,3213.52
2026-04-11T17:00:00+00:00,1629.08
2026-04-11T17:15:00+00:00,2679.88
2026-04-11T17:30:00+00:00,3639.32
2026-04-11T17:45:00+00:00,4661.48
2026-04-11T18:00:00+00:00,5519.0
2026-04-11T18:15:00+00:00,6439.92
2026-04-11T18:30:00+00:00,7155.12
2026-04-11T18:45:00+00:00,7803.16
2026-04-11T19:00:00+00:00,8402.56
2026-04-11T19:15:00+00:00,8933.04
2026-04-11T19:30:00+00:00,9134.0
2026-04-11T19:45:00+00:00,9427.48
2026-04-11T20:00:00+00:00,9572.56
2026-04-11T20:15:00+00:00,9371.36
2026-04-11T20:30:00+00:00,9299.48
2026-04-11T20:45:00+00:00,8977.68
2026-04-11T21:00:00+00:00,8370.4
2026-04-11T21:15:00+00:00,9473.8
2026-04-11T21:30:00+00:00,10353.36
2026-04-11T21:45:00+00:00,10996.84
2026-04-11T22:00:00+00:00,11489.72
2026-04-11T22:15:00+00:00,11576.24
2026-04-11T22:30:00+00:00,11342.6
2026-04-11T22:45:00+00:00,10715.52
2026-04-11T23:00:00+00:00,9923.8
2026-04-11T23:15:00+00:00,9726.28
2026-04-11T23:30:00+00:00,9256.12
2026-04-11T23:45:00+00:00,8659.16
2026-04-12T00:00:00+00:00,7577.76
2026-04-12T00:15:00+00:00,6353.92
2026-04-12T00:30:00+00:00,4797.16
2026-04-12T00:45:00+00:00,3239.56
2026-04-12T01:00:00+00:00,1614.8
2026-04-12T01:15:00+00:00,1607.36
2026-04-12T01:30:00+00:00,1633.52
2026-04-12T01:45:00+00:00,1603.6
2026-04-12T02:00:00+00:00,1610.84
2026-04-12T02:15:00+00:00,1642.12
2026-04-12T02:30:00+00:00,1599.04
2026-04-12T02:45:00+00:00,1630.96
2026-04-12T03:00:00+00:00,1618.12
2026-04-12T03:15:00+00:00,1618.6
2026-04-12T03:30:00+00:00,1615.56
2026-04-12T03:45:00+00:00,1609.76
2026-04-12T04:00:00+00:00,1637.84
2026-04-12T04:15:00+00:00,1653.0
2026-04-12T04:30:00+00:00,1630.4
2026-04-12T04:45:00+00:00,1636.8
2026-04-12T05:00:00+00:00,1619.68
2026-04-12T05:15:00+00:00,4269.16
2026-04-12T05:30:00+00:00,6783.0
2026-04-12T05:45:00+00:00,9352.72
2026-04-12T06:00:00+00:00,11394.68
2026-04-12T06:15:00+00:00,13286.8
2026-04-12T06:30:00+00:00,15046.72
2026-04-12T06:45:00+00:00,16069.16
2026-04-12T07:00:00+00:00,16860.16
2026-04-12T07:15:00+00:00,17238.56
2026-04-12T07:30:00+00:00,16839.32
2026-04-12T07:45:00+00:00,16277.92
2026-04-12T08:00:00+00:00,15256.76
2026-04-12T08:15:00+00:00,14060.16
2026-04-12T08:30:00+00:00,12481.6
2026-04-12T08:45:00+00:00,10442.76
2026-04-12T09:00:00+00:00,8354.36
2026-04-12T09:15:00+00:00,7718.68
2026-04-12T09:30:00+00:00,7173.44
2026-04-12T09:45:00+00:00,6387.96
2026-04-12T10:00:00+00:00,5595.8
2026-04-12T10:15:00+00:00,4646.88
2026-04-12T10:30:00+00:00,3644.36
2026-04-12T10:45:00+00:00,2648.24
2026-04-12T11:00:00+00:00,1594.76
2026-04-12T11:15:00+00:00,1614.76
2026-04-12T11:30:00+00:00,1629.52
2026-04-12T11:45:00+00:00,1612.24
2026-04-12T12:00:00+00:00,1630.32
2026-04-12T12:15:00+00:00,1609.08
2026-04-12T12:30:00+00:00,1606.72
2026-04-12T12:45:00+00:00,1617.36
2026-04-12T13:00:00+00:00,1631.2
2026-04-12T13:15:00+00:00,3234.64
2026-04-12T13:30:00+00:00,4820.52
2026-04-12T13:45:00+00:00,6277.04
2026-04-12T14:00:00+00:00,7566.12
2026-04-12T14:15:00+00:00,8634.28
2026-04-12T14:30:00+00:00,9322.76
2026-04-12T14:45:00+00:00,9921.68
2026-04-12T15:00:00+00:00,9994.76
2026-04-12T15:15:00+00:00,9898.2
2026-04-12T15:30:00+00:00,9366.92
2026-04-12T15:45:00+00:00,8614.28
2026-04-12T16:00:00+00:00,7593.76
2026-04-12T16:15:00+00:00,6365.4
2026-04-12T16:30:00+00:00,4854.8
2026-04-12T16:45:00+00:00,3249.04
2026-04-12T17:00:00+00:00,1605.4
2026-04-12T17:15:00+00:00,2632.04
2026-04-12T17:30:00+00:00,3586.6
2026-04-12T17:45:00+00:00,4666.4
2026-04-12T18:00:00+00:00,5449.96
2026-04-12T18:15:00+00:00,6407.08
2026-04-12T18:30:00+00:00,7146.96
2026-04-12T18:45:00+00:00,7963.16
2026-04-12T19:00:00+00:00,8502.68
2026-04-12T19:15:00+00:00,8887.48
2026-04-12T19:30:00+00:00,9152.24
2026-04-12T19:45:00+00:00,9407.92
2026-04-12T20:00:00+00:00,9441.12
2026-04-12T20:15:00+00:00,9381.88
2026-04-12T20:30:00+00:00,9119.12
2026-04-12T20:45:00+00:00,8911.2
2026-04-12T21:00:00+00:00,8388.6
2026-04-12T21:15:00+00:00,9317.52
2026-04-12T21:30:00+00:00,10360.2
2026-04-12T21:45:00+00:00,11024.96
2026-04-12T22:00:00+00:00,11456.4
2026-04-12T22:15:00+00:00,11537.52
2026-04-12T22:30:00+00:00,11426.44
2026-04-12T22:45:00+00:00,10777.92
2026-04-12T23:00:00+00:00,9840.2
2026-04-12T23:15:00+00:00,9770.64
2026-04-12T23:30:00+00:00,9300.48
2026-04-12T23:45:00+00:00,8526.6
2026-04-13T00:00:00+00:00,7592.4
2026-04-13T00:15:00+00:00,6223.16
2026-04-13T00:30:00+00:00,4805.64
2026-04-13T00:45:00+00:00,3234.32
2026-04-13T01:00:00+00:00,1612.44
2026-04-13T01:15:00+00:00,1626.04
2026-04-13T01:30:00+00:00,1623.8
2026-04-13T01:45:00+00:00,1627.56
2026-04-13T02:00:00+00:00,1617.36
2026-04-13T02:15:00+00:00,1619.52
2026-04-13T02:30:00+00:00,1612.96
2026-04-13T02:45:00+00:00,1604.32
2026-04-13T03:00:00+00:00,1616.04
2026-04-13T03:15:00+00:00,1636.56
2026-04-13T03:30:00+00:00,1611.6
2026-04-13T03:45:00+00:00,1630.36
2026-04-13T04:00:00+00:00,1622.36
2026-04-13T04:15:00+00:00,1633.96
2026-04-13T04:30:00+00:00,1632.92
2026-04-13T04:45:00+00:00,1639.08
2026-04-13T05:00:00+00:00,1631.64
2026-04-13T05:15:00+00:00,4250.2
2026-04-13T05:30:00+00:00,6741.76
2026-04-13T05:45:00+00:00,9370.68
2026-04-13T06:00:00+00:00,11498.56
2026-04-13T06:15:00+00:00,13444.52
2026-04-13T06:30:00+00:00,14788.6
2026-04-13T06:45:00+00:00,15885.16
2026-04-13T07:00:00+00:00,16827.2
2026-04-13T07:15:00+00:00,17035.52
2026-04-13T07:30:00+00:00,16969.28
2026-04-13T07:45:00+00:00,16404.8
2026-04-13T08:00:00+00:00,17946.44
2026-04-13T08:15:00+00:00,16768.08
2026-04-13T08:30:00+00:00,14778.92
2026-04-13T08:45:00+00:00,12617.76
2026-04-13T09:00:00+00:00,9995.72
2026-04-13T09:15:00+00:00,9437.0
2026-04-13T09:30:00+00:00,8518.2
2026-04-13T09:45:00+00:00,7614.92
2026-04-13T10:00:00+00:00,6609.24
2026-04-13T10:15:00+00:00,5521.8
2026-04-13T10:30:00+00:00,4360.08
2026-04-13T10:45:00+00:00,3174.08
2026-04-13T11:00:00+00:00,1919.24
2026-04-13T11:15:00+00:00,1916.04
2026-04-13T11:30:00+00:00,1923.4
2026-04-13T11:45:00+00:00,1966.88
2026-04-13T12:00:00+00:00,1910.72
2026-04-13T12:15:00+00:00,1944.64
2026-04-13T12:30:00+00:00,1948.2
2026-04-13T12:45:00+00:00,1947.84
2026-04-13T13:00:00+00:00,1928.52
2026-04-13T13:15:00+00:00,3818.44
2026-04-13T13:30:00+00:00,5707.2
2026-04-13T13:45:00+00:00,7390.12
2026-04-13T14:00:00+00:00,8937.76
2026-04-13T14:15:00+00:00,10284.36
2026-04-13T14:30:00+00:00,11201.68
2026-04-13T14:45:00+00:00,11691.08
2026-04-13T15:00:00+00:00,11805.0
2026-04-13T15:15:00+00:00,11373.92
2026-04-13T15:30:00+00:00,10841.68
2026-04-13T15:45:00+00:00,10378.0
2026-04-13T16:00:00+00:00,8948.6
2026-04-13T16:15:00+00:00,7410.72
2026-04-13T16:30:00+00:00,5769.88
2026-04-13T16:45:00+00:00,3850.48
2026-04-13T17:00:00+00:00,1636.08
2026-04-13T17:15:00+00:00,2665.52
2026-04-13T17:30:00+00:00,3670.56
2026-04-13T17:45:00+00:00,4533.64
2026-04-13T18:00:00+00:00,5609.96
2026-04-13T18:15:00+00:00,6412.64
2026-04-13T18:30:00+00:00,7189.2
2026-04-13T18:45:00+00:00,7899.52
2026-04-13T19:00:00+00:00,8447.52
2026-04-13T19:15:00+00:00,8946.24
2026-04-13T19:30:00+00:00,9213.12
2026-04-13T19:45:00+00:00,9431.36
2026-04-13T20:00:00+00:00,9471.52
2026-04-13T20:15:00+00:00,9437.56
2026-04-13T20:30:00+00:00,9173.04
2026-04-13T20:45:00+00:00,8914.2
2026-04-13T21:00:00+00:00,8537.96
2026-04-13T21:15:00+00:00,9545.76
2026-04-13T21:30:00+00:00,10313.84
2026-04-13T21:45:00+00:00,11003.4
2026-04-13T22:00:00+00:00,11327.12
2026-04-13T22:15:00+00:00,11566.0
2026-04-13T22:30:00+00:00,11227.32
2026-04-13T22:45:00+00:00,10880.2
2026-04-13T23:00:00+00:00,10008.36
2026-04-13T23:15:00+00:00,9779.68
2026-04-13T23:30:00+00:00,9275.4
2026-04-13T23:45:00+00:00,8523.56
2026-04-14T00:00:00+00:00,7545.52
2026-04-14T00:15:00+00:00,6226.32
2026-04-14T00:30:00+00:00,4789.24
2026-04-14T00:45:00+00:00,3222.84
2026-04-14T01:00:00+00:00,1622.12
2026-04-14T01:15:00+00:00,1643.92
2026-04-14T01:30:00+00:00,1615.68
2026-04-14T01:45:00+00:00,1640.72
2026-04-14T02:00:00+00:00,1611.36
2026-04-14T02:15:00+00:00,1641.2
2026-04-14T02:30:00+00:00,1593.64
2026-04-14T02:45:00+00:00,1615.28
2026-04-14T03:00:00+00:00,1631.08
2026-04-14T03:15:00+00:00,1606.08
2026-04-14T03:30:00+00:00,1602.56
2026-04-14T03:45:00+00:00,1638.68
2026-04-14T04:00:00+00:00,1618.24
2026-04-14T04:15:00+00:00,1635.24
2026-04-14T04:30:00+00:00,1608.52
2026-04-14T04:45:00+00:00,1635.2
2026-04-14T05:00:00+00:00,1625.36
2026-04-14T05:15:00+00:00,4299.24
2026-04-14T05:30:00+00:00,6895.16
2026-04-14T05:45:00+00:00,9365.56
2026-04-14T06:00:00+00:00,11469.76
2026-04-14T06:15:00+00:00,13262.8
2026-04-14T06:30:00+00:00,15092.96
2026-04-14T06:45:00+00:00,16097.84
2026-04-14T07:00:00+00:00,16611.16
2026-04-14T07:15:00+00:00,16923.56
2026-04-14T07:30:00+00:00,16888.68
2026-04-14T07:45:00+00:00,16496.88
2026-04-14T08:00:00+00:00,18396.76
2026-04-14T08:15:00+00:00,16392.16
2026-04-14T08:30:00+00:00,15088.48
2026-04-14T08:45:00+00:00,12654.76
2026-04-14T09:00:00+00:00,10099.88
2026-04-14T09:15:00+00:00,9548.52
2026-04-14T09:30:00+00:00,8668.16
2026-04-14T09:45:00+00:00,7812.52
2026-04-14T10:00:00+00:00,6563.92
2026-04-14T10:15:00+00:00,5451.2
2026-04-14T10:30:00+00:00,4299.56
2026-04-14T10:45:00+00:00,3129.92
2026-04-14T11:00:00+00:00,1911.48
2026-04-14T11:15:00+00:00,1927.76
2026-04-14T11:30:00+00:00,1926.28
2026-04-14T11:45:00+00:00,1922.32
2026-04-14T12:00:00+00:00,1916.56
2026-04-14T12:15:00+00:00,1947.84
2026-04-14T12:30:00+00:00,1914.6
2026-04-14T12:45:00+00:00,1928.0
2026-04-14T13:00:00+00:00,1925.92
2026-04-14T13:15:00+00:00,3848.16
2026-04-14T13:30:00+00:00,5745.76
2026-04-14T13:45:00+00:00,7469.68
2026-04-14T14:00:00+00:00,9125.12
2026-04-14T14:15:00+00:00,10129.0
2026-04-14T14:30:00+00:00,10958.84
2026-04-14T14:45:00+00:00,11582.2
2026-04-14T15:00:00+00:00,11916.16
2026-04-14T15:15:00+00:00,11731.4
2026-04-14T15:30:00+00:00,11079.96
2026-04-14T15:45:00+00:00,10132.16
2026-04-14T16:00:00+00:00,8955.32
2026-04-14T16:15:00+00:00,7434.68
2026-04-14T16:30:00+00:00,5742.8
2026-04-14T16:45:00+00:00,3888.6
2026-04-14T17:00:00+00:00,1627.96
2026-04-14T17:15:00+00:00,2662.8
2026-04-14T17:30:00+00:00,3676.52
2026-04-14T17:45:00+00:00,4673.92
2026-04-14T18:00:00+00:00,5530.96
2026-04-14T18:15:00+00:00,6358.0
2026-04-14T18:30:00+00:00,7169.0
2026-04-14T18:45:00+00:00,7818.4
2026-04-14T19:00:00+00:00,8428.08
2026-04-14T19:15:00+00:00,8901.96
2026-04-14T19:30:00+00:00,9232.2
2026-04-14T19:45:00+00:00,9558.52
2026-04-14T20:00:00+00:00,9523.32
2026-04-14T20:15:00+00:00,9400.6
2026-04-14T20:30:00+00:00,9294.0
2026-04-14T20:45:00+00:00,8964.6
2026-04-14T21:00:00+00:00,8475.4
2026-04-14T21:15:00+00:00,9652.44
2026-04-14T21:30:00+00:00,10466.04
2026-04-14T21:45:00+00:00,10968.28
2026-04-14T22:00:00+00:00,11315.0
2026-04-14T22:15:00+00:00,11574.92
2026-04-14T22:30:00+00:00,11245.12
2026-04-14T22:45:00+00:00,10748.16
2026-04-14T23:00:00+00:00,9881.16
2026-04-14T23:15:00+00:00,9726.4
2026-04-14T23:30:00+00:00,9385.16
2026-04-14T23:45:00+00:00,8545.0
2026-04-15T00:00:00+00:00,7498.68
2026-04-15T00:15:00+00:00,6243.8
2026-04-15T00:30:00+00:00,4774.2
2026-04-15T00:45:00+00:00,3239.12
2026-04-15T01:00:00+00:00,1600.16
2026-04-15T01:15:00+00:00,1593.56
2026-04-15T01:30:00+00:00,1611.88
2026-04-15T01:45:00+00:00,1602.04
2026-04-15T02:00:00+00:00,1611.88
2026-04-15T02:15:00+00:00,1596.24
2026-04-15T02:30:00+00:00,1634.68
2026-04-15T02:45:00+00:00,1633.2
2026-04-15T03:00:00+00:00,1638.48
2026-04-15T03:15:00+00:00,1650.64
2026-04-15T03:30:00+00:00,1591.36
2026-04-15T03:45:00+00:00,1623.0
2026-04-15T04:00:00+00:00,1586.76
2026-04-15T04:15:00+00:00,1595.92
2026-04-15T04:30:00+00:00,1610.2
2026-04-15T04:45:00+00:00,1603.56
2026-04-15T05:00:00+00:00,1637.8
2026-04-15T05:15:00+00:00,4279.24
2026-04-15T05:30:00+00:00,6863.52
2026-04-15T05:45:00+00:00,9198.24
2026-04-15T06:00:00+00:00,11319.2
2026-04-15T06:15:00+00:00,13418.88
2026-04-15T06:30:00+00:00,14693.8
2026-04-15T06:45:00+00:00,16124.88
2026-04-15T07:00:00+00:00,17028.48
2026-04-15T07:15:00+00:00,17210.64
2026-04-15T07:30:00+00:00,16822.44
2026-04-15T07:45:00+00:00,16442.24
2026-04-15T08:00:00+00:00,18182.88
2026-04-15T08:15:00+00:00,16961.8
2026-04-15T08:30:00+00:00,14850.8
2026-04-15T08:45:00+00:00,12416.64
2026-04-15T09:00:00+00:00,10092.96
2026-04-15T09:15:00+00:00,9306.32
2026-04-15T09:30:00+00:00,8671.28
2026-04-15T09:45:00+00:00,7681.96
2026-04-15T10:00:00+00:00,6564.32
2026-04-15T10:15:00+00:00,5539.32
2026-04-15T10:30:00+00:00,4313.56
2026-04-15T10:45:00+00:00,3115.28
2026-04-15T11:00:00+00:00,1948.72
2026-04-15T11:15:00+00:00,1929.08
2026-04-15T11:30:00+00:00,1913.48
2026-04-15T11:45:00+00:00,1906.24
2026-04-15T12:00:00+00:00,1956.24
2026-04-15T12:15:00+00:00,1930.64
2026-04-15T12:30:00+00:00,1907.24
2026-04-15T12:45:00+00:00,1940.24
2026-04-15T13:00:00+00:00,1906.76
2026-04-15T13:15:00+00:00,3884.28
2026-04-15T13:30:00+00:00,5744.68
2026-04-15T13:45:00+00:00,7416.0
2026-04-15T14:00:00+00:00,8933.24
2026-04-15T14:15:00+00:00,10334.12
2026-04-15T14:30:00+00:00,11015.28
2026-04-15T14:45:00+00:00,11721.84
2026-04-15T15:00:00+00:00,11800.12
2026-04-15T15:15:00+00:00,11572.24
2026-04-15T15:30:00+00:00,11080.84
2026-04-15T15:45:00+00:00,10206.4
2026-04-15T16:00:00+00:00,9022.84
2026-04-15T16:15:00+00:00,7351.08
2026-04-15T16:30:00+00:00,5753.28
2026-04-15T16:45:00+00:00,3842.32
2026-04-15T17:00:00+00:00,1599.8
2026-04-15T17:15:00+00:00,2653.12
2026-04-15T17:30:00+00:00,3617.68
2026-04-15T17:45:00+00:00,4669.28
2026-04-15T18:00:00+00:00,5468.24
2026-04-15T18:15:00+00:00,6451.24
2026-04-15T18:30:00+00:00,7140.96
2026-04-15T18:45:00+00:00,7994.04
2026-04-15T19:00:00+00:00,8417.6
2026-04-15T19:15:00+00:00,9055.04
2026-04-15T19:30:00+00:00,9344.88
2026-04-15T19:45:00+00:00,9555.76
2026-04-15T20:00:00+00:00,9723.52
2026-04-15T20:15:00+00:00,9468.92
2026-04-15T20:30:00+00:00,9193.36
2026-04-15T20:45:00+00:00,8820.12
2026-04-15T21:00:00+00:00,8468.28
2026-04-15T21:15:00+00:00,9596.68
2026-04-15T21:30:00+00:00,10300.92
2026-04-15T21:45:00+00:00,10894.24
2026-04-15T22:00:00+00:00,11364.68
2026-04-15T22:15:00+00:00,11398.92
2026-04-15T22:30:00+00:00,11219.16
2026-04-15T22:45:00+00:00,10675.64
2026-04-15T23:00:00+00:00,10032.92
2026-04-15T23:15:00+00:00,9830.12
2026-04-15T23:30:00+00:00,9312.44
2026-04-15T23:45:00+00:00,8535.84
2026-04-16T00:00:00+00:00,7589.84
2026-04-16T00:15:00+00:00,6178.36
2026-04-16T00:30:00+00:00,4824.2
2026-04-16T00:45:00+00:00,3264.0
2026-04-16T01:00:00+00:00,1619.04
2026-04-16T01:15:00+00:00,1628.6
2026-04-16T01:30:00+00:00,1639.84
2026-04-16T01:45:00+00:00,1605.8
2026-04-16T02:00:00+00:00,1638.88
2026-04-16T02:15:00+00:00,1615.76
2026-04-16T02:30:00+00:00,1621.92
2026-04-16T02:45:00+00:00,1605.68
2026-04-16T03:00:00+00:00,1608.96
2026-04-16T03:15:00+00:00,1612.72
2026-04-16T03:30:00+00:00,1620.52
2026-04-16T03:45:00+00:00,1614.36
2026-04-16T04:00:00+00:00,1626.76
2026-04-16T04:15:00+00:00,1633.96
2026-04-16T04:30:00+00:00,1621.72
2026-04-16T04:45:00+00:00,1589.16
2026-04-16T05:00:00+00:00,1611.44
2026-04-16T05:15:00+00:00,4281.4
2026-04-16T05:30:00+00:00,6767.36
2026-04-16T05:45:00+00:00,9243.84
2026-04-16T06:00:00+00:00,11422.64
2026-04-16T06:15:00+00:00,13202.64
2026-04-16T06:30:00+00:00,15036.12
2026-04-16T06:45:00+00:00,16012.2
2026-04-16T07:00:00+00:00,16571.12
2026-04-16T07:15:00+00:00,16971.88
2026-04-16T07:30:00+00:00,16765.72
2026-04-16T07:45:00+00:00,16403.84
2026-04-16T08:00:00+00:00,18140.2
2026-04-16T08:15:00+00:00,16484.72
2026-04-16T08:30:00+00:00,14631.96
2026-04-16T08:45:00+00:00,12472.6
2026-04-16T09:00:00+00:00,9903.16
2026-04-16T09:15:00+00:00,9534.0
2026-04-16T09:30:00+00:00,8504.76
2026-04-16T09:45:00+00:00,7750.6
2026-04-16T10:00:00+00:00,6652.32
2026-04-16T10:15:00+00:00,5598.16
2026-04-16T10:30:00+00:00,4362.96
2026-04-16T10:45:00+00:00,3097.96
2026-04-16T11:00:00+00:00,1914.0
2026-04-16T11:15:00+00:00,1924.6
2026-04-16T11:30:00+00:00,1920.84
2026-04-16T11:45:00+00:00,1925.8
2026-04-16T12:00:00+00:00,1931.88
2026-04-16T12:15:00+00:00,1925.16
2026-04-16T12:30:00+00:00,1935.04
2026-04-16T12:45:00+00:00,1936.48
2026-04-16T13:00:00+00:00,1921.68
2026-04-16T13:15:00+00:00,3859.68
2026-04-16T13:30:00+00:00,5719.32
2026-04-16T13:45:00+00:00,7436.0
2026-04-16T14:00:00+00:00,9011.4
2026-04-16T14:15:00+00:00,9891.44
2026-04-16T14:30:00+00:00,11047.44
2026-04-16T14:45:00+00:00,11630.4
2026-04-16T15:00:00+00:00,11844.72
2026-04-16T15:15:00+00:00,11542.6
2026-04-16T15:30:00+00:00,11097.4
2026-04-16T15:45:00+00:00,10106.48
2026-04-16T16:00:00+00:00,8967.72
2026-04-16T16:15:00+00:00,7432.72
2026-04-16T16:30:00+00:00,5792.08
2026-04-16T16:45:00+00:00,3859.64
2026-04-16T17:00:00+00:00,1617.92
2026-04-16T17:15:00+00:00,2639.16
2026-04-16T17:30:00+00:00,3657.56
2026-04-16T17:45:00+00:00,4545.16
2026-04-16T18:00:00+00:00,5589.56
2026-04-16T18:15:00+00:00,6381.04
2026-04-16T18:30:00+00:00,7148.16
2026-04-16T18:45:00+00:00,7930.56
2026-04-16T19:00:00+00:00,8405.6
2026-04-16T19:15:00+00:00,8955.84
2026-04-16T19:30:00+00:00,9279.68
2026-04-16T19:45:00+00:00,9659.48
2026-04-16T20:00:00+00:00,9392.56
2026-04-16T20:15:00+00:00,9499.52
2026-04-16T20:30:00+00:00,9111.6
2026-04-16T20:45:00+00:00,8855.2
2026-04-16T21:00:00+00:00,8332.96
2026-04-16T21:15:00+00:00,9513.04
2026-04-16T21:30:00+00:00,10436.2
2026-04-16T21:45:00+00:00,11100.84
2026-04-16T22:00:00+00:00,11420.88
2026-04-16T22:15:00+00:00,11652.84
2026-04-16T22:30:00+00:00,11391.64
2026-04-16T22:45:00+00:00,10862.28
2026-04-16T23:00:00+00:00,9911.2
2026-04-16T23:15:00+00:00,9688.2
2026-04-16T23:30:00+00:00,9417.16
2026-04-16T23:45:00+00:00,8526.08
2026-04-17T00:00:00+00:00,7592.4
2026-04-17T00:15:00+00:00,6212.08
2026-04-17T00:30:00+00:00,4782.52
2026-04-17T00:45:00+00:00,3245.64
2026-04-17T01:00:00+00:00,1609.6
2026-04-17T01:15:00+00:00,1624.52
2026-04-17T01:30:00+00:00,1624.56
2026-04-17T01:45:00+00:00,1642.24
2026-04-17T02:00:00+00:00,1601.76
2026-04-17T02:15:00+00:00,1632.64
2026-04-17T02:30:00+00:00,1627.72
2026-04-17T02:45:00+00:00,1632.24
2026-04-17T03:00:00+00:00,1633.24
2026-04-17T03:15:00+00:00,1616.8
2026-04-17T03:30:00+00:00,1631.44
2026-04-17T03:45:00+00:00,1619.32
2026-04-17T04:00:00+00:00,1645.52
2026-04-17T04:15:00+00:00,1625.76
2026-04-17T04:30:00+00:00,1651.4
2026-04-17T04:45:00+00:00,1615.04
2026-04-17T05:00:00+00:00,1616.96
2026-04-17T05:15:00+00:00,4272.04
2026-04-17T05:30:00+00:00,6867.28
2026-04-17T05:45:00+00:00,9256.24
2026-04-17T06:00:00+00:00,11507.52
2026-04-17T06:15:00+00:00,13410.2
2026-04-17T06:30:00+00:00,14798.12
2026-04-17T06:45:00+00:00,16099.56
2026-04-17T07:00:00+00:00,16740.4
2026-04-17T07:15:00+00:00,16742.04
2026-04-17T07:30:00+00:00,16778.08
2026-04-17T07:45:00+00:00,16260.68
2026-04-17T08:00:00+00:00,18415.44
2026-04-17T08:15:00+00:00,16665.8
2026-04-17T08:30:00+00:00,14785.24
2026-04-17T08:45:00+00:00,12557.36
2026-04-17T09:00:00+00:00,10019.24
2026-04-17T09:15:00+00:00,9532.8
2026-04-17T09:30:00+00:00,8516.0
2026-04-17T09:45:00+00:00,7671.96
2026-04-17T10:00:00+00:00,6735.4
2026-04-17T10:15:00+00:00,5564.76
2026-04-17T10:30:00+00:00,4330.96
2026-04-17T10:45:00+00:00,3161.64
2026-04-17T11:00:00+00:00,1940.6
2026-04-17T11:15:00+00:00,1918.8
2026-04-17T11:30:00+00:00,1931.76
2026-04-17T11:45:00+00:00,1959.84
2026-04-17T12:00:00+00:00,1928.72
2026-04-17T12:15:00+00:00,1935.72
2026-04-17T12:30:00+00:00,1934.2
2026-04-17T12:45:00+00:00,1911.8
2026-04-17T13:00:00+00:00,1923.72
2026-04-17T13:15:00+00:00,3906.6
2026-04-17T13:30:00+00:00,5610.24
2026-04-17T13:45:00+00:00,7382.8
2026-04-17T14:00:00+00:00,8854.96
2026-04-17T14:15:00+00:00,10027.04
2026-04-17T14:30:00+00:00,11111.12
2026-04-17T14:45:00+00:00,11755.88
2026-04-17T15:00:00+00:00,11855.4
2026-04-17T15:15:00+00:00,11776.64
2026-04-17T15:30:00+00:00,11109.16
2026-04-17T15:45:00+00:00,10098.84
2026-04-17T16:00:00+00:00,8910.32
2026-04-17T16:15:00+00:00,7440.0
2026-04-17T16:30:00+00:00,5750.96
2026-04-17T16:45:00+00:00,3876.56
2026-04-17T17:00:00+00:00,1584.24
2026-04-17T17:15:00+00:00,2647.8
2026-04-17T17:30:00+00:00,3617.16
2026-04-17T17:45:00+00:00,4573.32
2026-04-17T18:00:00+00:00,5495.08
2026-04-17T18:15:00+00:00,6384.64
2026-04-17T18:30:00+00:00,7126.88
2026-04-17T18:45:00+00:00,7878.48
2026-04-17T19:00:00+00:00,8353.32
2026-04-17T19:15:00+00:00,8969.68
2026-04-17T19:30:00+00:00,9084.0
2026-04-17T19:45:00+00:00,9414.36
2026-04-17T20:00:00+00:00,9474.0
2026-04-17T20:15:00+00:00,9417.56
2026-04-17T20:30:00+00:00,9138.52
2026-04-17T20:45:00+00:00,8918.84
2026-04-17T21:00:00+00:00,8493.68
2026-04-17T21:15:00+00:00,9495.48
2026-04-17T21:30:00+00:00,10463.44
2026-04-17T21:45:00+00:00,11127.52
2026-04-17T22:00:00+00:00,11403.8
2026-04-17T22:15:00+00:00,11618.84
2026-04-17T22:30:00+00:00,11286.8
2026-04-17T22:45:00+00:00,10668.96
2026-04-17T23:00:00+00:00,9890.84
2026-04-17T23:15:00+00:00,9730.2
2026-04-17T23:30:00+00:00,9332.0
2026-04-17T23:45:00+00:00,8617.12
2026-04-18T00:00:00+00:00,7345.6
2026-04-18T00:15:00+00:00,6255.84
2026-04-18T00:30:00+00:00,4799.96
2026-04-18T00:45:00+00:00,3240.76
2026-04-18T01:00:00+00:00,1603.64
2026-04-18T01:15:00+00:00,1607.92
2026-04-18T01:30:00+00:00,1634.92
2026-04-18T01:45:00+00:00,1617.6
2026-04-18T02:00:00+00:00,1603.4
2026-04-18T02:15:00+00:00,1613.44
2026-04-18T02:30:00+00:00,1625.44
2026-04-18T02:45:00+00:00,1616.8
2026-04-18T03:00:00+00:00,1607.64
2026-04-18T03:15:00+00:00,1627.2
2026-04-18T03:30:00+00:00,1635.8
2026-04-18T03:45:00+00:00,1619.08
2026-04-18T04:00:00+00:00,1627.24
2026-04-18T04:15:00+00:00,1607.12
2026-04-18T04:30:00+00:00,1617.44
2026-04-18T04:45:00+00:00,1616.24
2026-04-18T05:00:00+00:00,1611.24
2026-04-18T05:15:00+00:00,4185.4
2026-04-18T05:30:00+00:00,6875.48
2026-04-18T05:45:00+00:00,9166.68
2026-04-18T06:00:00+00:00,11488.4
2026-04-18T06:15:00+00:00,13283.16
2026-04-18T06:30:00+00:00,14864.08
2026-04-18T06:45:00+00:00,15886.84
2026-04-18T07:00:00+00:00,16910.68
2026-04-18T07:15:00+00:00,16843.64
2026-04-18T07:30:00+00:00,17161.32
2026-04-18T07:45:00+00:00,16236.96
2026-04-18T08:00:00+00:00,15139.56
2026-04-18T08:15:00+00:00,13720.88
2026-04-18T08:30:00+00:00,12553.12
2026-04-18T08:45:00+00:00,10572.64
2026-04-18T09:00:00+00:00,8428.16
2026-04-18T09:15:00+00:00,7938.48
2026-04-18T09:30:00+00:00,7136.76
2026-04-18T09:45:00+00:00,6335.56
2026-04-18T10:00:00+00:00,5535.0
2026-04-18T10:15:00+00:00,4630.68
2026-04-18T10:30:00+00:00,3629.2
2026-04-18T10:45:00+00:00,2644.28
2026-04-18T11:00:00+00:00,1624.44
2026-04-18T11:15:00+00:00,1614.96
2026-04-18T11:30:00+00:00,1607.76
2026-04-18T11:45:00+00:00,1653.48
2026-04-18T12:00:00+00:00,1631.2
2026-04-18T12:15:00+00:00,1615.16
2026-04-18T12:30:00+00:00,1612.32
2026-04-18T12:45:00+00:00,1622.0
2026-04-18T13:00:00+00:00,1648.64
2026-04-18T13:15:00+00:00,3265.4
2026-04-18T13:30:00+00:00,4801.32
2026-04-18T13:45:00+00:00,6243.88
2026-04-18T14:00:00+00:00,7425.76
2026-04-18T14:15:00+00:00,8617.64
2026-04-18T14:30:00+00:00,9419.76
2026-04-18T14:45:00+00:00,9765.24
2026-04-18T15:00:00+00:00,9992.52
2026-04-18T15:15:00+00:00,9806.96
2026-04-18T15:30:00+00:00,9349.4
2026-04-18T15:45:00+00:00,8620.68
2026-04-18T16:00:00+00:00,7424.04
2026-04-18T16:15:00+00:00,6325.44
2026-04-18T16:30:00+00:00,4801.6
2026-04-18T16:45:00+00:00,3272.16
2026-04-18T17:00:00+00:00,1618.92
2026-04-18T17:15:00+00:00,2622.96
2026-04-18T17:30:00+00:00,3666.52
2026-04-18T17:45:00+00:00,4592.16
2026-04-18T18:00:00+00:00,5575.2
2026-04-18T18:15:00+00:00,6344.0
2026-04-18T18:30:00+00:00,7111.48
2026-04-18T18:45:00+00:00,7810.76
2026-04-18T19:00:00+00:00,8326.08
2026-04-18T19:15:00+00:00,8707.48
2026-04-18T19:30:00+00:00,9153.64
2026-04-18T19:45:00+00:00,9357.6
2026-04-18T20:00:00+00:00,9376.36
2026-04-18T20:15:00+00:00,9517.36
2026-04-18T20:30:00+00:00,9294.2
2026-04-18T20:45:00+00:00,8845.08
2026-04-18T21:00:00+00:00,8513.36
2026-04-18T21:15:00+00:00,9457.04
2026-04-18T21:30:00+00:00,10468.4
2026-04-18T21:45:00+00:00,10957.24
2026-04-18T22:00:00+00:00,11579.36
2026-04-18T22:15:00+00:00,11648.44
2026-04-18T22:30:00+00:00,11361.4
2026-04-18T22:45:00+00:00,10949.72
2026-04-18T23:00:00+00:00,9837.8
2026-04-18T23:15:00+00:00,9825.44
2026-04-18T23:30:00+00:00,9263.44
2026-04-18T23:45:00+00:00,8611.04
2026-04-19T00:00:00+00:00,7663.88
2026-04-19T00:15:00+00:00,6223.12
2026-04-19T00:30:00+00:00,4900.52
2026-04-19T00:45:00+00:00,3213.56
2026-04-19T01:00:00+00:00,1647.8
2026-04-19T01:15:00+00:00,1616.24
2026-04-19T01:30:00+00:00,1610.68
2026-04-19T01:45:00+00:00,1624.56
2026-04-19T02:00:00+00:00,1619.96
2026-04-19T02:15:00+00:00,1633.72
2026-04-19T02:30:00+00:00,1634.56
2026-04-19T02:45:00+00:00,1616.44
2026-04-19T03:00:00+00:00,1614.16
2026-04-19T03:15:00+00:00,1630.12
2026-04-19T03:30:00+00:00,1593.64
2026-04-19T03:45:00+00:00,1615.96
2026-04-19T04:00:00+00:00,1630.36
2026-04-19T04:15:00+00:00,1606.68
2026-04-19T04:30:00+00:00,1605.76
2026-04-19T04:45:00+00:00,1629.08
2026-04-19T05:00:00+00:00,1623.04
2026-04-19T05:15:00+00:00,4262.16
2026-04-19T05:30:00+00:00,6872.68
2026-04-19T05:45:00+00:00,9086.64
2026-04-19T06:00:00+00:00,11353.32
2026-04-19T06:15:00+00:00,13266.96
2026-04-19T06:30:00+00:00,14807.64
2026-04-19T06:45:00+00:00,15946.0
2026-04-19T07:00:00+00:00,16521.8
2026-04-19T07:15:00+00:00,16948.24
2026-04-19T07:30:00+00:00,16896.72
2026-04-19T07:45:00+00:00,16496.92
2026-04-19T08:00:00+00:00,15228.16
2026-04-19T08:15:00+00:00,14080.88
2026-04-19T08:30:00+00:00,12557.6
2026-04-19T08:45:00+00:00,10493.2
2026-04-19T09:00:00+00:00,8419.72
2026-04-19T09:15:00+00:00,7846.92
2026-04-19T09:30:00+00:00,7226.04
2026-04-19T09:45:00+00:00,6319.48
2026-04-19T10:00:00+00:00,5555.0
2026-04-19T10:15:00+00:00,4628.76
2026-04-19T10:30:00+00:00,3661.56
2026-04-19T10:45:00+00:00,2621.72
2026-04-19T11:00:00+00:00,1610.44
2026-04-19T11:15:00+00:00,1629.0
2026-04-19T11:30:00+00:00,1635.2
2026-04-19T11:45:00+00:00,1631.2
2026-04-19T12:00:00+00:00,1612.92
2026-04-19T12:15:00+00:00,1636.28
2026-04-19T12:30:00+00:00,1618.64
2026-04-19T12:45:00+00:00,1632.24
2026-04-19T13:00:00+00:00,1634.08
2026-04-19T13:15:00+00:00,3213.28
2026-04-19T13:30:00+00:00,4844.08
2026-04-19T13:45:00+00:00,6249.44
2026-04-19T14:00:00+00:00,7440.32
2026-04-19T14:15:00+00:00,8609.8
2026-04-19T14:30:00+00:00,9317.28
2026-04-19T14:45:00+00:00,9728.08
2026-04-19T15:00:00+00:00,9944.04
2026-04-19T15:15:00+00:00,9844.24
2026-04-19T15:30:00+00:00,9286.96
2026-04-19T15:45:00+00:00,8582.52
2026-04-19T16:00:00+00:00,7514.68
2026-04-19T16:15:00+00:00,6199.0
2026-04-19T16:30:00+00:00,4741.96
2026-04-19T16:45:00+00:00,3256.04
2026-04-19T17:00:00+00:00,1621.68
2026-04-19T17:15:00+00:00,2693.96
2026-04-19T17:30:00+00:00,3628.08
2026-04-19T17:45:00+00:00,4598.84
2026-04-19T18:00:00+00:00,5517.6
2026-04-19T18:15:00+00:00,6402.24
2026-04-19T18:30:00+00:00,7187.0
2026-04-19T18:45:00+00:00,7842.6
2026-04-19T19:00:00+00:00,8323.64
2026-04-19T19:15:00+00:00,8835.28
2026-04-19T19:30:00+00:00,9269.68
2026-04-19T19:45:00+00:00,9489.2
2026-04-19T20:00:00+00:00,9387.84
2026-04-19T20:15:00+00:00,9459.88
2026-04-19T20:30:00+00:00,9243.32
2026-04-19T20:45:00+00:00,8763.6
2026-04-19T21:00:00+00:00,8469.8
2026-04-19T21:15:00+00:00,9631.76
2026-04-19T21:30:00+00:00,10475.56
2026-04-19T21:45:00+00:00,10974.04
2026-04-19T22:00:00+00:00,11338.12
2026-04-19T22:15:00+00:00,11637.48
2026-04-19T22:30:00+00:00,11442.52
2026-04-19T22:45:00+00:00,10931.68
2026-04-19T23:00:00+00:00,9925.48
2026-04-19T23:15:00+00:00,9793.8
2026-04-19T23:30:00+00:00,9313.88
2026-04-19T23:45:00+00:00,8554.44
2026-04-20T00:00:00+00:00,7421.84
2026-04-20T00:15:00+00:00,6295.52
2026-04-20T00:30:00+00:00,4878.64
2026-04-20T00:45:00+00:00,3246.68
2026-04-20T01:00:00+00:00,1595.12
2026-04-20T01:15:00+00:00,1581.12
2026-04-20T01:30:00+00:00,1608.16
2026-04-20T01:45:00+00:00,1623.84
2026-04-20T02:00:00+00:00,1624.76
2026-04-20T02:15:00+00:00,1619.04
2026-04-20T02:30:00+00:00,1622.48
2026-04-20T02:45:00+00:00,1616.64
2026-04-20T03:00:00+00:00,1628.76
2026-04-20T03:15:00+00:00,1626.16
2026-04-20T03:30:00+00:00,1619.12
2026-04-20T03:45:00+00:00,1605.4
2026-04-20T04:00:00+00:00,1626.68
2026-04-20T04:15:00+00:00,1630.64
2026-04-20T04:30:00+00:00,1613.0
2026-04-20T04:45:00+00:00,1618.72
2026-04-20T05:00:00+00:00,1606.08
2026-04-20T05:15:00+00:00,4231.4
2026-04-20T05:30:00+00:00,6809.08
2026-04-20T05:45:00+00:00,9334.24
2026-04-20T06:00:00+00:00,11359.36
2026-04-20T06:15:00+00:00,13254.24
2026-04-20T06:30:00+00:00,14770.48
2026-04-20T06:45:00+00:00,16154.64
2026-04-20T07:00:00+00:00,16741.68
2026-04-20T07:15:00+00:00,17209.76
2026-04-20T07:30:00+00:00,17407.52
2026-04-20T07:45:00+00:00,16444.68
2026-04-20T08:00:00+00:00,18422.36
2026-04-20T08:15:00+00:00,16655.88
2026-04-20T08:30:00+00:00,14556.6
2026-04-20T08:45:00+00:00,12481.68
2026-04-20T09:00:00+00:00,9957.76
2026-04-20T09:15:00+00:00,9359.4
2026-04-20T09:30:00+00:00,8491.48
2026-04-20T09:45:00+00:00,7581.04
2026-04-20T10:00:00+00:00,6561.4
2026-04-20T10:15:00+00:00,5441.76
2026-04-20T10:30:00+00:00,4359.44
2026-04-20T10:45:00+00:00,3177.6
2026-04-20T11:00:00+00:00,1938.72
2026-04-20T11:15:00+00:00,1897.28
2026-04-20T11:30:00+00:00,1930.28
2026-04-20T11:45:00+00:00,1922.48
2026-04-20T12:00:00+00:00,1932.0
2026-04-20T12:15:00+00:00,1934.44
2026-04-20T12:30:00+00:00,1933.64
2026-04-20T12:45:00+00:00,1926.28
2026-04-20T13:00:00+00:00,1929.72
2026-04-20T13:15:00+00:00,3910.12
2026-04-20T13:30:00+00:00,5763.8
2026-04-20T13:45:00+00:00,7566.32
2026-04-20T14:00:00+00:00,9139.92
2026-04-20T14:15:00+00:00,10200.72
2026-04-20T14:30:00+00:00,11088.92
2026-04-20T14:45:00+00:00,11638.16
2026-04-20T15:00:00+00:00,11700.4
2026-04-20T15:15:00+00:00,11780.92
2026-04-20T15:30:00+00:00,11066.48
2026-04-20T15:45:00+00:00,10163.4
2026-04-20T16:00:00+00:00,8952.4
2026-04-20T16:15:00+00:00,7435.0
2026-04-20T16:30:00+00:00,5742.8
2026-04-20T16:45:00+00:00,3866.48
2026-04-20T17:00:00+00:00,1619.0
2026-04-20T17:15:00+00:00,2638.88
2026-04-20T17:30:00+00:00,3610.76
2026-04-20T17:45:00+00:00,4660.88
2026-04-20T18:00:00+00:00,5513.12
2026-04-20T18:15:00+00:00,6483.64
2026-04-20T18:30:00+00:00,7168.08
2026-04-20T18:45:00+00:00,7865.0
2026-04-20T19:00:00+00:00,8403.56
2026-04-20T19:15:00+00:00,9025.2
2026-04-20T19:30:00+00:00,9196.36
2026-04-20T19:45:00+00:00,9330.16
2026-04-20T20:00:00+00:00,9463.88
2026-04-20T20:15:00+00:00,9449.52
2026-04-20T20:30:00+00:00,9225.36
2026-04-20T20:45:00+00:00,8928.32
2026-04-20T21:00:00+00:00,8489.8
2026-04-20T21:15:00+00:00,9579.72
2026-04-20T21:30:00+00:00,10459.36
2026-04-20T21:45:00+00:00,10906.68
2026-04-20T22:00:00+00:00,11492.84
2026-04-20T22:15:00+00:00,11536.4
2026-04-20T22:30:00+00:00,11371.16
2026-04-20T22:45:00+00:00,10747.16
2026-04-20T23:00:00+00:00,9910.56
2026-04-20T23:15:00+00:00,9734.92
2026-04-20T23:30:00+00:00,9420.32
2026-04-20T23:45:00+00:00,8488.96
2026-04-21T00:00:00+00:00,7460.92
2026-04-21T00:15:00+00:00,6222.16
2026-04-21T00:30:00+00:00,4833.2
2026-04-21T00:45:00+00:00,3275.6
2026-04-21T01:00:00+00:00,1603.48
2026-04-21T01:15:00+00:00,1613.76
2026-04-21T01:30:00+00:00,1628.52
2026-04-21T01:45:00+00:00,1612.76
2026-04-21T02:00:00+00:00,1625.72
2026-04-21T02:15:00+00:00,1633.24
2026-04-21T02:30:00+00:00,1614.04
2026-04-21T02:45:00+00:00,1623.72
2026-04-21T03:00:00+00:00,1623.52
2026-04-21T03:15:00+00:00,1632.76
2026-04-21T03:30:00+00:00,1633.96
2026-04-21T03:45:00+00:00,1624.44
2026-04-21T04:00:00+00:00,1617.72
2026-04-21T04:15:00+00:00,1643.04
2026-04-21T04:30:00+00:00,1625.56
2026-04-21T04:45:00+00:00,1600.16
2026-04-21T05:00:00+00:00,1637.08
2026-04-21T05:15:00+00:00,4264.44
2026-04-21T05:30:00+00:00,6869.0
2026-04-21T05:45:00+00:00,9202.2
2026-04-21T06:00:00+00:00,11310.44
2026-04-21T06:15:00+00:00,13333.48
2026-04-21T06:30:00+00:00,14969.68
2026-04-21T06:45:00+00:00,15914.48
2026-04-21T07:00:00+00:00,16938.16
2026-04-21T07:15:00+00:00,16900.28
2026-04-21T07:30:00+00:00,16941.16
2026-04-21T07:45:00+00:00,16405.88
2026-04-21T08:00:00+00:00,18538.92
2026-04-21T08:15:00+00:00,16652.76
2026-04-21T08:30:00+00:00,14980.12
2026-04-21T08:45:00+00:00,12707.88
2026-04-21T09:00:00+00:00,10010.04
2026-04-21T09:15:00+00:00,9405.0
2026-04-21T09:30:00+00:00,8673.52
2026-04-21T09:45:00+00:00,7557.0
2026-04-21T10:00:00+00:00,6601.72
2026-04-21T10:15:00+00:00,5560.04
2026-04-21T10:30:00+00:00,4356.72
2026-04-21T10:45:00+00:00,3165.48
2026-04-21T11:00:00+00:00,1924.72
2026-04-21T11:15:00+00:00,1938.96
2026-04-21T11:30:00+00:00,1936.12
2026-04-21T11:45:00+00:00,1930.56
2026-04-21T12:00:00+00:00,1940.72
2026-04-21T12:15:00+00:00,1936.68
2026-04-21T12:30:00+00:00,1938.36
2026-04-21T12:45:00+00:00,1919.92
2026-04-21T13:00:00+00:00,1920.32
2026-04-21T13:15:00+00:00,3915.6
2026-04-21T13:30:00+00:00,5803.68
2026-04-21T13:45:00+00:00,7319.04
2026-04-21T14:00:00+00:00,8925.52
2026-04-21T14:15:00+00:00,10109.64
2026-04-21T14:30:00+00:00,10981.32
2026-04-21T14:45:00+00:00,11798.96
2026-04-21T15:00:00+00:00,11811.72
2026-04-21T15:15:00+00:00,11779.04
2026-04-21T15:30:00+00:00,11166.52
2026-04-21T15:45:00+00:00,10159.0
2026-04-21T16:00:00+00:00,8994.12
2026-04-21T16:15:00+00:00,7365.08
2026-04-21T16:30:00+00:00,5763.08
2026-04-21T16:45:00+00:00,3886.2
2026-04-21T17:00:00+00:00,1598.0
2026-04-21T17:15:00+00:00,2668.64
2026-04-21T17:30:00+00:00,3650.96
2026-04-21T17:45:00+00:00,4686.16
2026-04-21T18:00:00+00:00,5631.2
2026-04-21T18:15:00+00:00,6352.84
2026-04-21T18:30:00+00:00,7084.68
2026-04-21T18:45:00+00:00,7826.96
2026-04-21T19:00:00+00:00,8440.32
2026-04-21T19:15:00+00:00,8856.8
2026-04-21T19:30:00+00:00,9204.56
2026-04-21T19:45:00+00:00,9277.44
2026-04-21T20:00:00+00:00,9499.56
2026-04-21T20:15:00+00:00,9350.32
2026-04-21T20:30:00+00:00,9240.56
2026-04-21T20:45:00+00:00,8820.24
2026-04-21T21:00:00+00:00,8435.28
2026-04-21T21:15:00+00:00,9559.76
2026-04-21T21:30:00+00:00,10339.28
2026-04-21T21:45:00+00:00,11005.56
2026-04-21T22:00:00+00:00,11430.52
2026-04-21T22:15:00+00:00,11425.32
2026-04-21T22:30:00+00:00,11219.0
2026-04-21T22:45:00+00:00,10860.96
2026-04-21T23:00:00+00:00,9885.88
2026-04-21T23:15:00+00:00,9838.88
2026-04-21T23:30:00+00:00,9305.24
2026-04-21T23:45:00+00:00,8477.6
2026-04-22T00:00:00+00:00,7535.6
2026-04-22T00:15:00+00:00,6229.48
2026-04-22T00:30:00+00:00,4854.12
2026-04-22T00:45:00+00:00,3245.48
2026-04-22T01:00:00+00:00,1626.96
2026-04-22T01:15:00+00:00,1601.04
2026-04-22T01:30:00+00:00,1616.0
2026-04-22T01:45:00+00:00,1634.04
2026-04-22T02:00:00+00:00,1607.16
2026-04-22T02:15:00+00:00,1627.4
2026-04-22T02:30:00+00:00,1618.64
2026-04-22T02:45:00+00:00,1616.32
2026-04-22T03:00:00+00:00,1608.8
2026-04-22T03:15:00+00:00,1623.92
2026-04-22T03:30:00+00:00,1615.76
2026-04-22T03:45:00+00:00,1614.28
2026-04-22T04:00:00+00:00,1596.08
2026-04-22T04:15:00+00:00,1613.2
2026-04-22T04:30:00+00:00,1619.32
2026-04-22T04:45:00+00:00,1640.88
2026-04-22T05:00:00+00:00,1614.76
2026-04-22T05:15:00+00:00,4245.68
2026-04-22T05:30:00+00:00,6918.32
2026-04-22T05:45:00+00:00,9302.96
2026-04-22T06:00:00+00:00,11309.08
2026-04-22T06:15:00+00:00,13309.16
2026-04-22T06:30:00+00:00,14787.08
2026-04-22T06:45:00+00:00,15953.56
2026-04-22T07:00:00+00:00,16652.24
2026-04-22T07:15:00+00:00,16927.92
2026-04-22T07:30:00+00:00,17119.0
2026-04-22T07:45:00+00:00,16149.92
2026-04-22T08:00:00+00:00,18334.12
2026-04-22T08:15:00+00:00,16525.92
2026-04-22T08:30:00+00:00,14594.2
2026-04-22T08:45:00+00:00,12408.0
2026-04-22T09:00:00+00:00,10018.52
2026-04-22T09:15:00+00:00,9377.04
2026-04-22T09:30:00+00:00,8473.16
2026-04-22T09:45:00+00:00,7605.48
2026-04-22T10:00:00+00:00,6583.52
2026-04-22T10:15:00+00:00,5506.8
2026-04-22T10:30:00+00:00,4388.4
2026-04-22T10:45:00+00:00,3126.04
2026-04-22T11:00:00+00:00,1932.04
2026-04-22T11:15:00+00:00,1919.28
2026-04-22T11:30:00+00:00,1937.28
2026-04-22T11:45:00+00:00,1947.92
2026-04-22T12:00:00+00:00,1916.72
2026-04-22T12:15:00+00:00,1954.04
2026-04-22T12:30:00+00:00,1920.64
2026-04-22T12:45:00+00:00,1929.52
2026-04-22T13:00:00+00:00,1930.2
2026-04-22T13:15:00+00:00,3907.08
2026-04-22T13:30:00+00:00,5661.84
2026-04-22T13:45:00+00:00,7452.52
2026-04-22T14:00:00+00:00,8914.48
2026-04-22T14:15:00+00:00,10284.04
2026-04-22T14:30:00+00:00,11039.6
2026-04-22T14:45:00+00:00,11795.72
2026-04-22T15:00:00+00:00,11692.16
2026-04-22T15:15:00+00:00,11617.0
2026-04-22T15:30:00+00:00,10835.08
2026-04-22T15:45:00+00:00,10063.44
2026-04-22T16:00:00+00:00,8964.88
2026-04-22T16:15:00+00:00,7384.32
2026-04-22T16:30:00+00:00,5709.08
2026-04-22T16:45:00+00:00,3899.56
2026-04-22T17:00:00+00:00,1621.2
2026-04-22T17:15:00+00:00,2598.84
2026-04-22T17:30:00+00:00,3658.08
2026-04-22T17:45:00+00:00,4635.4
2026-04-22T18:00:00+00:00,5554.56
2026-04-22T18:15:00+00:00,6434.08
2026-04-22T18:30:00+00:00,7112.84
2026-04-22T18:45:00+00:00,7903.68
2026-04-22T19:00:00+00:00,8453.84
2026-04-22T19:15:00+00:00,8985.04
2026-04-22T19:30:00+00:00,9165.48
2026-04-22T19:45:00+00:00,9467.72
2026-04-22T20:00:00+00:00,9578.64
2026-04-22T20:15:00+00:00,9539.52
2026-04-22T20:30:00+00:00,9287.48
2026-04-22T20:45:00+00:00,8846.4
2026-04-22T21:00:00+00:00,8403.08
2026-04-22T21:15:00+00:00,9443.92
2026-04-22T21:30:00+00:00,10217.96
2026-04-22T21:45:00+00:00,10928.6
2026-04-22T22:00:00+00:00,11542.72
2026-04-22T22:15:00+00:00,11616.64
2026-04-22T22:30:00+00:00,11318.56
2026-04-22T22:45:00+00:00,10926.56
2026-04-22T23:00:00+00:00,9959.2
2026-04-22T23:15:00+00:00,9726.8
2026-04-22T23:30:00+00:00,9212.04
2026-04-22T23:45:00+00:00,8584.6
2026-04-23T00:00:00+00:00,7492.64
2026-04-23T00:15:00+00:00,6246.24
2026-04-23T00:30:00+00:00,4783.72
2026-04-23T00:45:00+00:00,3221.04
2026-04-23T01:00:00+00:00,1600.4
2026-04-23T01:15:00+00:00,1603.16
2026-04-23T01:30:00+00:00,1627.92
2026-04-23T01:45:00+00:00,1627.92
2026-04-23T02:00:00+00:00,1630.64
2026-04-23T02:15:00+00:00,1612.08
2026-04-23T02:30:00+00:00,1616.04
2026-04-23T02:45:00+00:00,1603.96
2026-04-23T03:00:00+00:00,1616.24
2026-04-23T03:15:00+00:00,1617.84
2026-04-23T03:30:00+00:00,1607.16
2026-04-23T03:45:00+00:00,1622.84
2026-04-23T04:00:00+00:00,1617.96
2026-04-23T04:15:00+00:00,1613.0
2026-04-23T04:30:00+00:00,1615.12
2026-04-23T04:45:00+00:00,1629.04
2026-04-23T05:00:00+00:00,1600.48
2026-04-23T05:15:00+00:00,4332.08
2026-04-23T05:30:00+00:00,6885.52
2026-04-23T05:45:00+00:00,9282.44
2026-04-23T06:00:00+00:00,11381.64
2026-04-23T06:15:00+00:00,13277.16
2026-04-23T06:30:00+00:00,14877.16
2026-04-23T06:45:00+00:00,16239.04
2026-04-23T07:00:00+00:00,16916.8
2026-04-23T07:15:00+00:00,17128.84
2026-04-23T07:30:00+00:00,16804.72
2026-04-23T07:45:00+00:00,16405.6
2026-04-23T08:00:00+00:00,18316.56
2026-04-23T08:15:00+00:00,16803.92
2026-04-23T08:30:00+00:00,14447.6
2026-04-23T08:45:00+00:00,12569.16
2026-04-23T09:00:00+00:00,10093.16
2026-04-23T09:15:00+00:00,9405.64
2026-04-23T09:30:00+00:00,8616.6
2026-04-23T09:45:00+00:00,7635.72
2026-04-23T10:00:00+00:00,6729.0
2026-04-23T10:15:00+00:00,5547.68
2026-04-23T10:30:00+00:00,4367.2
2026-04-23T10:45:00+00:00,3181.72
2026-04-23T11:00:00+00:00,1949.12
2026-04-23T11:15:00+00:00,1928.96
2026-04-23T11:30:00+00:00,1937.76
2026-04-23T11:45:00+00:00,1923.2
2026-04-23T12:00:00+00:00,1921.36
2026-04-23T12:15:00+00:00,1938.16
2026-04-23T12:30:00+00:00,1951.28
2026-04-23T12:45:00+00:00,1930.76
2026-04-23T13:00:00+00:00,1958.6
2026-04-23T13:15:00+00:00,3820.44
2026-04-23T13:30:00+00:00,5782.88
2026-04-23T13:45:00+00:00,7436.48
2026-04-23T14:00:00+00:00,8865.4
2026-04-23T14:15:00+00:00,10079.4
2026-04-23T14:30:00+00:00,11011.36
2026-04-23T14:45:00+00:00,11737.36
2026-04-23T15:00:00+00:00,11720.2
2026-04-23T15:15:00+00:00,11603.48
2026-04-23T15:30:00+00:00,11005.4
2026-04-23T15:45:00+00:00,10198.04
2026-04-23T16:00:00+00:00,8986.08
2026-04-23T16:15:00+00:00,7443.08
2026-04-23T16:30:00+00:00,5657.72
2026-04-23T16:45:00+00:00,3865.76
2026-04-23T17:00:00+00:00,1621.68
2026-04-23T17:15:00+00:00,2689.36
2026-04-23T17:30:00+00:00,3728.2
2026-04-23T17:45:00+00:00,4669.2
2026-04-23T18:00:00+00:00,5510.28
2026-04-23T18:15:00+00:00,6504.52
2026-04-23T18:30:00+00:00,7127.96
2026-04-23T18:45:00+00:00,7935.92
2026-04-23T19:00:00+00:00,8463.52
2026-04-23T19:15:00+00:00,8885.36
2026-04-23T19:30:00+00:00,9275.84
2026-04-23T19:45:00+00:00,9404.92
2026-04-23T20:00:00+00:00,9411.84
2026-04-23T20:15:00+00:00,9362.24
2026-04-23T20:30:00+00:00,9289.6
2026-04-23T20:45:00+00:00,8991.52
2026-04-23T21:00:00+00:00,8409.32
2026-04-23T21:15:00+00:00,9459.72
2026-04-23T21:30:00+00:00,10330.28
2026-04-23T21:45:00+00:00,11133.84
2026-04-23T22:00:00+00:00,11438.36
2026-04-23T22:15:00+00:00,11502.6
2026-04-23T22:30:00+00:00,11364.96
2026-04-23T22:45:00+00:00,10741.24
2026-04-23T23:00:00+00:00,9949.4
2026-04-23T23:15:00+00:00,9744.12
2026-04-23T23:30:00+00:00,9267.04
2026-04-23T23:45:00+00:00,8697.52
2026-04-24T00:00:00+00:00,7448.4
2026-04-24T00:15:00+00:00,6189.36
2026-04-24T00:30:00+00:00,4840.16
2026-04-24T00:45:00+00:00,3235.48
2026-04-24T01:00:00+00:00,1638.32
2026-04-24T01:15:00+00:00,1616.28
2026-04-24T01:30:00+00:00,1655.0
2026-04-24T01:45:00+00:00,1626.88
2026-04-24T02:00:00+00:00,1622.72
2026-04-24T02:15:00+00:00,1615.96
2026-04-24T02:30:00+00:00,1613.12
2026-04-24T02:45:00+00:00,1629.72
2026-04-24T03:00:00+00:00,1594.44
2026-04-24T03:15:00+00:00,1615.44
2026-04-24T03:30:00+00:00,1617.76
2026-04-24T03:45:00+00:00,1617.52
2026-04-24T04:00:00+00:00,1611.96
2026-04-24T04:15:00+00:00,1616.88
2026-04-24T04:30:00+00:00,1612.4
2026-04-24T04:45:00+00:00,1624.72
2026-04-24T05:00:00+00:00,1602.8
2026-04-24T05:15:00+00:00,4261.68
2026-04-24T05:30:00+00:00,6806.72
2026-04-24T05:45:00+00:00,9232.04
2026-04-24T06:00:00+00:00,11592.28
2026-04-24T06:15:00+00:00,13325.0
2026-04-24T06:30:00+00:00,14776.28
2026-04-24T06:45:00+00:00,15988.36
2026-04-24T07:00:00+00:00,16802.16
2026-04-24T07:15:00+00:00,17045.84
2026-04-24T07:30:00+00:00,17111.04
2026-04-24T07:45:00+00:00,16298.16
2026-04-24T08:00:00+00:00,18449.48
2026-04-24T08:15:00+00:00,16891.4
2026-04-24T08:30:00+00:00,14863.8
2026-04-24T08:45:00+00:00,12533.96
2026-04-24T09:00:00+00:00,10047.04
2026-04-24T09:15:00+00:00,9289.28
2026-04-24T09:30:00+00:00,8563.0
2026-04-24T09:45:00+00:00,7586.32
2026-04-24T10:00:00+00:00,6638.28
2026-04-24T10:15:00+00:00,5516.92
2026-04-24T10:30:00+00:00,4347.68
2026-04-24T10:45:00+00:00,3157.28
2026-04-24T11:00:00+00:00,1919.84
2026-04-24T11:15:00+00:00,1925.72
2026-04-24T11:30:00+00:00,1934.28
2026-04-24T11:45:00+00:00,1932.0
2026-04-24T12:00:00+00:00,1910.12
2026-04-24T12:15:00+00:00,1927.88
2026-04-24T12:30:00+00:00,1928.08
2026-04-24T12:45:00+00:00,1923.08
2026-04-24T13:00:00+00:00,1933.68
2026-04-24T13:15:00+00:00,3908.28
2026-04-24T13:30:00+00:00,5762.2
2026-04-24T13:45:00+00:00,7416.68
2026-04-24T14:00:00+00:00,8833.92
2026-04-24T14:15:00+00:00,10041.72
2026-04-24T14:30:00+00:00,11041.2
2026-04-24T14:45:00+00:00,11660.04
2026-04-24T15:00:00+00:00,11889.96
2026-04-24T15:15:00+00:00,11455.0
2026-04-24T15:30:00+00:00,11054.56
2026-04-24T15:45:00+00:00,10266.16
2026-04-24T16:00:00+00:00,8879.52
2026-04-24T16:15:00+00:00,7550.52
2026-04-24T16:30:00+00:00,5790.72
2026-04-24T16:45:00+00:00,3831.36
2026-04-24T17:00:00+00:00,1610.64
2026-04-24T17:15:00+00:00,2657.84
2026-04-24T17:30:00+00:00,3644.0
2026-04-24T17:45:00+00:00,4675.68
2026-04-24T18:00:00+00:00,5540.96
2026-04-24T18:15:00+00:00,6413.12
2026-04-24T18:30:00+00:00,7230.28
2026-04-24T18:45:00+00:00,7900.0
2026-04-24T19:00:00+00:00,8355.48
2026-04-24T19:15:00+00:00,8825.16
2026-04-24T19:30:00+00:00,9175.68
2026-04-24T19:45:00+00:00,9482.88
2026-04-24T20:00:00+00:00,9572.36
2026-04-24T20:15:00+00:00,9298.16
2026-04-24T20:30:00+00:00,9232.16
2026-04-24T20:45:00+00:00,8897.28
2026-04-24T21:00:00+00:00,8384.04
2026-04-24T21:15:00+00:00,9561.92
2026-04-24T21:30:00+00:00,10233.68
2026-04-24T21:45:00+00:00,11043.84
2026-04-24T22:00:00+00:00,11356.44
2026-04-24T22:15:00+00:00,11707.88
2026-04-24T22:30:00+00:00,11298.92
2026-04-24T22:45:00+00:00,10760.24
2026-04-24T23:00:00+00:00,9929.6
2026-04-24T23:15:00+00:00,9785.32
2026-04-24T23:30:00+00:00,9420.24
2026-04-24T23:45:00+00:00,8531.84
2026-04-25T00:00:00+00:00,7590.12
2026-04-25T00:15:00+00:00,6305.2
2026-04-25T00:30:00+00:00,4790.56
2026-04-25T00:45:00+00:00,3251.28
2026-04-25T01:00:00+00:00,1611.08
2026-04-25T01:15:00+00:00,1620.24
2026-04-25T01:30:00+00:00,1661.48
2026-04-25T01:45:00+00:00,1598.36
2026-04-25T02:00:00+00:00,1605.6
2026-04-25T02:15:00+00:00,1630.76
2026-04-25T02:30:00+00:00,1619.6
2026-04-25T02:45:00+00:00,1612.72
2026-04-25T03:00:00+00:00,1624.44
2026-04-25T03:15:00+00:00,1604.08
2026-04-25T03:30:00+00:00,1588.88
2026-04-25T03:45:00+00:00,1607.92
2026-04-25T04:00:00+00:00,1621.56
2026-04-25T04:15:00+00:00,1611.16
2026-04-25T04:30:00+00:00,1600.12
2026-04-25T04:45:00+00:00,1627.04
2026-04-25T05:00:00+00:00,1616.32
2026-04-25T05:15:00+00:00,4280.72
2026-04-25T05:30:00+00:00,6793.64
2026-04-25T05:45:00+00:00,9280.56
2026-04-25T06:00:00+00:00,11374.2
2026-04-25T06:15:00+00:00,13226.56
2026-04-25T06:30:00+00:00,14889.44
2026-04-25T06:45:00+00:00,16183.72
2026-04-25T07:00:00+00:00,16840.8
2026-04-25T07:15:00+00:00,17064.56
2026-04-25T07:30:00+00:00,17307.96
2026-04-25T07:45:00+00:00,16602.84
2026-04-25T08:00:00+00:00,15090.92
2026-04-25T08:15:00+00:00,14147.88
2026-04-25T08:30:00+00:00,12354.08
2026-04-25T08:45:00+00:00,10567.4
2026-04-25T09:00:00+00:00,8404.12
2026-04-25T09:15:00+00:00,7800.88
2026-04-25T09:30:00+00:00,7241.12
2026-04-25T09:45:00+00:00,6458.88
2026-04-25T10:00:00+00:00,5519.04
2026-04-25T10:15:00+00:00,4614.08
2026-04-25T10:30:00+00:00,3643.64
2026-04-25T10:45:00+00:00,2660.76
2026-04-25T11:00:00+00:00,1596.24
2026-04-25T11:15:00+00:00,1621.8
2026-04-25T11:30:00+00:00,1624.08
2026-04-25T11:45:00+00:00,1634.0
2026-04-25T12:00:00+00:00,1631.64
2026-04-25T12:15:00+00:00,1604.84
2026-04-25T12:30:00+00:00,1621.8
2026-04-25T12:45:00+00:00,1608.2
2026-04-25T13:00:00+00:00,1633.28
2026-04-25T13:15:00+00:00,3202.04
2026-04-25T13:30:00+00:00,4806.8
2026-04-25T13:45:00+00:00,6233.88
2026-04-25T14:00:00+00:00,7409.16
2026-04-25T14:15:00+00:00,8648.2
2026-04-25T14:30:00+00:00,9324.84
2026-04-25T14:45:00+00:00,9840.96
2026-04-25T15:00:00+00:00,9947.08
2026-04-25T15:15:00+00:00,9787.2
2026-04-25T15:30:00+00:00,9313.84
2026-04-25T15:45:00+00:00,8598.32
2026-04-25T16:00:00+00:00,7472.84
2026-04-25T16:15:00+00:00,6252.84
2026-04-25T16:30:00+00:00,4818.32
2026-04-25T16:45:00+00:00,3181.04
2026-04-25T17:00:00+00:00,1642.68
2026-04-25T17:15:00+00:00,2664.88
2026-04-25T17:30:00+00:00,3650.6
2026-04-25T17:45:00+00:00,4664.24
2026-04-25T18:00:00+00:00,5541.64
2026-04-25T18:15:00+00:00,6432.44
2026-04-25T18:30:00+00:00,7284.6
2026-04-25T18:45:00+00:00,7867.96
2026-04-25T19:00:00+00:00,8424.44
2026-04-25T19:15:00+00:00,8881.52
2026-04-25T19:30:00+00:00,9383.84
2026-04-25T19:45:00+00:00,9400.96
2026-04-25T20:00:00+00:00,9413.08
2026-04-25T20:15:00+00:00,9543.88
2026-04-25T20:30:00+00:00,9243.84
2026-04-25T20:45:00+00:00,8824.4
2026-04-25T21:00:00+00:00,8490.84
2026-04-25T21:15:00+00:00,9467.44
2026-04-25T21:30:00+00:00,10354.12
2026-04-25T21:45:00+00:00,10986.36
2026-04-25T22:00:00+00:00,11397.52
2026-04-25T22:15:00+00:00,11781.64
2026-04-25T22:30:00+00:00,11314.28
2026-04-25T22:45:00+00:00,10921.52
2026-04-25T23:00:00+00:00,9902.12
2026-04-25T23:15:00+00:00,9882.56
2026-04-25T23:30:00+00:00,9370.64
2026-04-25T23:45:00+00:00,8382.08
2026-04-26T00:00:00+00:00,7382.2
2026-04-26T00:15:00+00:00,6223.56
2026-04-26T00:30:00+00:00,4802.08
2026-04-26T00:45:00+00:00,3246.2
2026-04-26T01:00:00+00:00,1625.2
2026-04-26T01:15:00+00:00,1630.56
2026-04-26T01:30:00+00:00,1620.52
2026-04-26T01:45:00+00:00,1604.4
2026-04-26T02:00:00+00:00,1608.56
2026-04-26T02:15:00+00:00,1605.36
2026-04-26T02:30:00+00:00,1619.64
2026-04-26T02:45:00+00:00,1628.56
2026-04-26T03:00:00+00:00,1611.28
2026-04-26T03:15:00+00:00,1622.16
2026-04-26T03:30:00+00:00,1611.84
2026-04-26T03:45:00+00:00,1636.36
2026-04-26T04:00:00+00:00,1623.96
2026-04-26T04:15:00+00:00,1618.84
2026-04-26T04:30:00+00:00,1630.36
2026-04-26T04:45:00+00:00,1620.64
2026-04-26T05:00:00+00:00,1597.96
2026-04-26T05:15:00+00:00,4319.32
2026-04-26T05:30:00+00:00,6876.04
2026-04-26T05:45:00+00:00,9132.72
2026-04-26T06:00:00+00:00,11467.32
2026-04-26T06:15:00+00:00,13424.08
2026-04-26T06:30:00+00:00,14971.48
2026-04-26T06:45:00+00:00,15988.08
2026-04-26T07:00:00+00:00,16868.68
2026-04-26T07:15:00+00:00,17067.12
2026-04-26T07:30:00+00:00,16772.24
2026-04-26T07:45:00+00:00,16284.92
2026-04-26T08:00:00+00:00,15433.88
2026-04-26T08:15:00+00:00,13775.64
2026-04-26T08:30:00+00:00,12432.72
2026-04-26T08:45:00+00:00,10614.64
2026-04-26T09:00:00+00:00,8418.4
2026-04-26T09:15:00+00:00,7771.4
2026-04-26T09:30:00+00:00,7257.68
2026-04-26T09:45:00+00:00,6438.68
2026-04-26T10:00:00+00:00,5531.48
2026-04-26T10:15:00+00:00,4594.16
2026-04-26T10:30:00+00:00,3690.4
2026-04-26T10:45:00+00:00,2662.04
2026-04-26T11:00:00+00:00,1635.36
2026-04-26T11:15:00+00:00,1602.8
2026-04-26T11:30:00+00:00,1624.68
2026-04-26T11:45:00+00:00,1590.76
2026-04-26T12:00:00+00:00,1629.2
2026-04-26T12:15:00+00:00,1628.8
2026-04-26T12:30:00+00:00,1602.76
2026-04-26T12:45:00+00:00,1611.72
2026-04-26T13:00:00+00:00,1599.0
2026-04-26T13:15:00+00:00,3256.96
2026-04-26T13:30:00+00:00,4784.24
2026-04-26T13:45:00+00:00,6224.24
2026-04-26T14:00:00+00:00,7517.92
2026-04-26T14:15:00+00:00,8534.36
2026-04-26T14:30:00+00:00,9326.24
2026-04-26T14:45:00+00:00,9829.92
2026-04-26T15:00:00+00:00,10081.2
2026-04-26T15:15:00+00:00,9847.2
2026-04-26T15:30:00+00:00,9302.28
2026-04-26T15:45:00+00:00,8515.8
2026-04-26T16:00:00+00:00,7535.4
2026-04-26T16:15:00+00:00,6309.12
2026-04-26T16:30:00+00:00,4753.68
2026-04-26T16:45:00+00:00,3295.52
2026-04-26T17:00:00+00:00,1601.32
2026-04-26T17:15:00+00:00,2668.4
2026-04-26T17:30:00+00:00,3646.8
2026-04-26T17:45:00+00:00,4600.36
2026-04-26T18:00:00+00:00,5575.84
2026-04-26T18:15:00+00:00,6415.92
2026-04-26T18:30:00+00:00,7137.08
2026-04-26T18:45:00+00:00,7818.16
2026-04-26T19:00:00+00:00,8390.84
2026-04-26T19:15:00+00:00,9015.12
2026-04-26T19:30:00+00:00,9264.28
2026-04-26T19:45:00+00:00,9479.92
2026-04-26T20:00:00+00:00,9451.56
2026-04-26T20:15:00+00:00,9444.16
2026-04-26T20:30:00+00:00,9209.04
2026-04-26T20:45:00+00:00,8886.04
2026-04-26T21:00:00+00:00,8560.84
2026-04-26T21:15:00+00:00,9424.44
2026-04-26T21:30:00+00:00,10312.08
2026-04-26T21:45:00+00:00,11075.44
2026-04-26T22:00:00+00:00,11535.76
2026-04-26T22:15:00+00:00,11414.88
2026-04-26T22:30:00+00:00,11277.76
2026-04-26T22:45:00+00:00,10928.44
2026-04-26T23:00:00+00:00,9911.48
2026-04-26T23:15:00+00:00,9778.16
2026-04-26T23:30:00+00:00,9403.24
2026-04-26T23:45:00+00:00,8522.72
2026-04-27T00:00:00+00:00,7509.16
2026-04-27T00:15:00+00:00,6264.6
2026-04-27T00:30:00+00:00,4767.88
2026-04-27T00:45:00+00:00,3276.24
2026-04-27T01:00:00+00:00,1630.04
2026-04-27T01:15:00+00:00,1620.44
2026-04-27T01:30:00+00:00,1610.24
2026-04-27T01:45:00+00:00,1604.04
2026-04-27T02:00:00+00:00,1622.44
2026-04-27T02:15:00+00:00,1627.88
2026-04-27T02:30:00+00:00,1616.52
2026-04-27T02:45:00+00:00,1626.84
2026-04-27T03:00:00+00:00,1619.56
2026-04-27T03:15:00+00:00,1616.52
2026-04-27T03:30:00+00:00,1612.08
2026-04-27T03:45:00+00:00,1608.4
2026-04-27T04:00:00+00:00,1620.08
2026-04-27T04:15:00+00:00,1617.36
2026-04-27T04:30:00+00:00,1607.08
2026-04-27T04:45:00+00:00,1616.28
2026-04-27T05:00:00+00:00,1590.8
2026-04-27T05:15:00+00:00,4214.56
2026-04-27T05:30:00+00:00,6957.76
2026-04-27T05:45:00+00:00,9325.56
2026-04-27T06:00:00+00:00,11532.04
2026-04-27T06:15:00+00:00,13399.92
2026-04-27T06:30:00+00:00,14929.96
2026-04-27T06:45:00+00:00,15768.32
2026-04-27T07:00:00+00:00,16833.16
2026-04-27T07:15:00+00:00,17034.92
2026-04-27T07:30:00+00:00,17126.64
2026-04-27T07:45:00+00:00,16459.0
2026-04-27T08:00:00+00:00,17919.76
2026-04-27T08:15:00+00:00,16586.68
2026-04-27T08:30:00+00:00,14767.64
2026-04-27T08:45:00+00:00,12419.68
2026-04-27T09:00:00+00:00,9903.48
2026-04-27T09:15:00+00:00,9498.48
2026-04-27T09:30:00+00:00,8555.84
2026-04-27T09:45:00+00:00,7771.28
2026-04-27T10:00:00+00:00,6562.36
2026-04-27T10:15:00+00:00,5573.96
2026-04-27T10:30:00+00:00,4335.04
2026-04-27T10:45:00+00:00,3170.84
2026-04-27T11:00:00+00:00,1930.6
2026-04-27T11:15:00+00:00,1940.08
2026-04-27T11:30:00+00:00,1939.56
2026-04-27T11:45:00+00:00,1892.04
2026-04-27T12:00:00+00:00,1905.76
2026-04-27T12:15:00+00:00,1925.84
2026-04-27T12:30:00+00:00,1940.24
2026-04-27T12:45:00+00:00,1939.48
2026-04-27T13:00:00+00:00,1927.68
2026-04-27T13:15:00+00:00,3855.48
2026-04-27T13:30:00+00:00,5662.56
2026-04-27T13:45:00+00:00,7407.04
2026-04-27T14:00:00+00:00,8831.48
2026-04-27T14:15:00+00:00,10128.84
2026-04-27T14:30:00+00:00,11053.84
2026-04-27T14:45:00+00:00,11497.48
2026-04-27T15:00:00+00:00,11822.2
2026-04-27T15:15:00+00:00,11713.96
2026-04-27T15:30:00+00:00,11047.0
2026-04-27T15:45:00+00:00,10152.36
2026-04-27T16:00:00+00:00,9046.2
2026-04-27T16:15:00+00:00,7612.08
2026-04-27T16:30:00+00:00,5675.36
2026-04-27T16:45:00+00:00,3891.68
2026-04-27T17:00:00+00:00,1633.4
2026-04-27T17:15:00+00:00,2658.08
2026-04-27T17:30:00+00:00,3655.76
2026-04-27T17:45:00+00:00,4598.96
2026-04-27T18:00:00+00:00,5618.4
2026-04-27T18:15:00+00:00,6461.68
2026-04-27T18:30:00+00:00,7221.44
2026-04-27T18:45:00+00:00,7769.48
2026-04-27T19:00:00+00:00,8428.68
2026-04-27T19:15:00+00:00,8863.4
2026-04-27T19:30:00+00:00,9281.4
2026-04-27T19:45:00+00:00,9265.64
2026-04-27T20:00:00+00:00,9409.24
2026-04-27T20:15:00+00:00,9472.2
2026-04-27T20:30:00+00:00,9359.44
2026-04-27T20:45:00+00:00,8851.2
2026-04-27T21:00:00+00:00,8483.48
2026-04-27T21:15:00+00:00,9507.16
2026-04-27T21:30:00+00:00,10432.12
2026-04-27T21:45:00+00:00,10959.96
2026-04-27T22:00:00+00:00,11448.6
2026-04-27T22:15:00+00:00,11617.12
2026-04-27T22:30:00+00:00,11425.4
2026-04-27T22:45:00+00:00,10898.12
2026-04-27T23:00:00+00:00,9968.92
2026-04-27T23:15:00+00:00,9715.72
2026-04-27T23:30:00+00:00,9233.24
2026-04-27T23:45:00+00:00,8607.0
2026-04-28T00:00:00+00:00,7604.56
2026-04-28T00:15:00+00:00,6325.76
2026-04-28T00:30:00+00:00,4791.48
2026-04-28T00:45:00+00:00,3229.0
2026-04-28T01:00:00+00:00,1631.0
2026-04-28T01:15:00+00:00,1630.32
2026-04-28T01:30:00+00:00,1621.36
2026-04-28T01:45:00+00:00,1627.52
2026-04-28T02:00:00+00:00,1605.6
2026-04-28T02:15:00+00:00,1628.88
2026-04-28T02:30:00+00:00,1609.08
2026-04-28T02:45:00+00:00,1596.8
2026-04-28T03:00:00+00:00,1620.28
2026-04-28T03:15:00+00:00,1626.36
2026-04-28T03:30:00+00:00,1618.6
2026-04-28T03:45:00+00:00,1632.28
2026-04-28T04:00:00+00:00,1619.56
2026-04-28T04:15:00+00:00,1615.16
2026-04-28T04:30:00+00:00,1602.72
2026-04-28T04:45:00+00:00,1619.48
2026-04-28T05:00:00+00:00,1613.04
2026-04-28T05:15:00+00:00,4254.52
2026-04-28T05:30:00+00:00,6716.2
2026-04-28T05:45:00+00:00,9168.08
2026-04-28T06:00:00+00:00,11349.24
2026-04-28T06:15:00+00:00,13344.48
2026-04-28T06:30:00+00:00,15024.52
2026-04-28T06:45:00+00:00,16125.8
2026-04-28T07:00:00+00:00,16592.72
2026-04-28T07:15:00+00:00,16783.16
2026-04-28T07:30:00+00:00,16927.36
2026-04-28T07:45:00+00:00,16355.48
2026-04-28T08:00:00+00:00,18284.2
2026-04-28T08:15:00+00:00,16652.64
2026-04-28T08:30:00+00:00,14748.32
2026-04-28T08:45:00+00:00,12513.4
2026-04-28T09:00:00+00:00,10021.12
2026-04-28T09:15:00+00:00,9455.64
2026-04-28T09:30:00+00:00,8487.36
2026-04-28T09:45:00+00:00,7601.28
2026-04-28T10:00:00+00:00,6610.92
2026-04-28T10:15:00+00:00,5506.28
2026-04-28T10:30:00+00:00,4355.08
2026-04-28T10:45:00+00:00,3129.44
2026-04-28T11:00:00+00:00,1924.04
2026-04-28T11:15:00+00:00,1913.36
2026-04-28T11:30:00+00:00,1926.24
2026-04-28T11:45:00+00:00,1933.16
2026-04-28T12:00:00+00:00,1907.08
2026-04-28T12:15:00+00:00,1946.08
2026-04-28T12:30:00+00:00,1929.24
2026-04-28T12:45:00+00:00,1898.28
2026-04-28T13:00:00+00:00,1925.2
2026-04-28T13:15:00+00:00,3874.16
2026-04-28T13:30:00+00:00,5747.76
2026-04-28T13:45:00+00:00,7428.76
2026-04-28T14:00:00+00:00,8810.24
2026-04-28T14:15:00+00:00,10177.56
2026-04-28T14:30:00+00:00,11187.92
2026-04-28T14:45:00+00:00,11898.08
2026-04-28T15:00:00+00:00,11973.64
2026-04-28T15:15:00+00:00,11741.32
2026-04-28T15:30:00+00:00,11137.88
2026-04-28T15:45:00+00:00,10161.36
2026-04-28T16:00:00+00:00,9018.16
2026-04-28T16:15:00+00:00,7509.2
2026-04-28T16:30:00+00:00,5780.16
2026-04-28T16:45:00+00:00,3840.04
2026-04-28T17:00:00+00:00,1616.92
2026-04-28T17:15:00+00:00,2671.4
2026-04-28T17:30:00+00:00,3626.28
2026-04-28T17:45:00+00:00,4649.84
2026-04-28T18:00:00+00:00,5563.52
2026-04-28T18:15:00+00:00,6404.36
2026-04-28T18:30:00+00:00,7190.24
2026-04-28T18:45:00+00:00,7775.96
2026-04-28T19:00:00+00:00,8382.08
2026-04-28T19:15:00+00:00,8922.0
2026-04-28T19:30:00+00:00,9165.96
2026-04-28T19:45:00+00:00,9424.92
2026-04-28T20:00:00+00:00,9528.2
2026-04-28T20:15:00+00:00,9372.52
2026-04-28T20:30:00+00:00,9331.08
2026-04-28T20:45:00+00:00,8880.52
2026-04-28T21:00:00+00:00,8432.36
2026-04-28T21:15:00+00:00,9480.84
2026-04-28T21:30:00+00:00,10457.84
2026-04-28T21:45:00+00:00,11021.44
2026-04-28T22:00:00+00:00,11408.52
2026-04-28T22:15:00+00:00,11496.8
2026-04-28T22:30:00+00:00,11361.32
2026-04-28T22:45:00+00:00,10868.28
2026-04-28T23:00:00+00:00,9942.56
2026-04-28T23:15:00+00:00,9711.2
2026-04-28T23:30:00+00:00,9407.0
2026-04-28T23:45:00+00:00,8527.2
2026-04-29T00:00:00+00:00,7482.2
2026-04-29T00:15:00+00:00,6175.72
2026-04-29T00:30:00+00:00,4813.72
2026-04-29T00:45:00+00:00,3209.8
2026-04-29T01:00:00+00:00,1614.52
2026-04-29T01:15:00+00:00,1639.04
2026-04-29T01:30:00+00:00,1617.56
2026-04-29T01:45:00+00:00,1640.08
2026-04-29T02:00:00+00:00,1588.68
2026-04-29T02:15:00+00:00,1630.24
2026-04-29T02:30:00+00:00,1624.16
2026-04-29T02:45:00+00:00,1602.84
2026-04-29T03:00:00+00:00,1592.56
2026-04-29T03:15:00+00:00,1613.16
2026-04-29T03:30:00+00:00,1620.28
2026-04-29T03:45:00+00:00,1615.64
2026-04-29T04:00:00+00:00,1639.12
2026-04-29T04:15:00+00:00,1631.68
2026-04-29T04:30:00+00:00,1590.92
2026-04-29T04:45:00+00:00,1597.88
2026-04-29T05:00:00+00:00,1610.68
2026-04-29T05:15:00+00:00,4283.56
2026-04-29T05:30:00+00:00,6852.2
2026-04-29T05:45:00+00:00,9218.24
2026-04-29T06:00:00+00:00,11375.52
2026-04-29T06:15:00+00:00,13303.96
2026-04-29T06:30:00+00:00,14889.2
2026-04-29T06:45:00+00:00,16274.36
2026-04-29T07:00:00+00:00,16610.76
2026-04-29T07:15:00+00:00,17044.96
2026-04-29T07:30:00+00:00,16835.24
2026-04-29T07:45:00+00:00,16252.8
2026-04-29T08:00:00+00:00,18341.64
2026-04-29T08:15:00+00:00,16530.96
2026-04-29T08:30:00+00:00,14572.52
2026-04-29T08:45:00+00:00,12700.48
2026-04-29T09:00:00+00:00,9828.64
2026-04-29T09:15:00+00:00,9504.28
2026-04-29T09:30:00+00:00,8545.8
2026-04-29T09:45:00+00:00,7569.52
2026-04-29T10:00:00+00:00,6658.68
2026-04-29T10:15:00+00:00,5537.88
2026-04-29T10:30:00+00:00,4355.4
2026-04-29T10:45:00+00:00,3173.36
2026-04-29T11:00:00+00:00,1924.6
2026-04-29T11:15:00+00:00,1921.92
2026-04-29T11:30:00+00:00,1928.6
2026-04-29T11:45:00+00:00,1934.04
2026-04-29T12:00:00+00:00,1901.6
2026-04-29T12:15:00+00:00,1913.96
2026-04-29T12:30:00+00:00,1919.16
2026-04-29T12:45:00+00:00,1934.16
2026-04-29T13:00:00+00:00,1939.92
2026-04-29T13:15:00+00:00,3861.16
2026-04-29T13:30:00+00:00,5770.28
2026-04-29T13:45:00+00:00,7502.4
2026-04-29T14:00:00+00:00,8865.68
2026-04-29T14:15:00+00:00,9970.76
2026-04-29T14:30:00+00:00,11008.56
2026-04-29T14:45:00+00:00,11749.64
2026-04-29T15:00:00+00:00,11757.92
2026-04-29T15:15:00+00:00,11657.08
2026-04-29T15:30:00+00:00,11117.2
2026-04-29T15:45:00+00:00,10165.16
2026-04-29T16:00:00+00:00,9085.32
2026-04-29T16:15:00+00:00,7484.32
2026-04-29T16:30:00+00:00,5789.2
2026-04-29T16:45:00+00:00,3810.0
2026-04-29T17:00:00+00:00,1636.16
2026-04-29T17:15:00+00:00,2637.64
2026-04-29T17:30:00+00:00,3641.2
2026-04-29T17:45:00+00:00,4669.48
2026-04-29T18:00:00+00:00,5567.24
2026-04-29T18:15:00+00:00,6425.68
2026-04-29T18:30:00+00:00,7203.6
2026-04-29T18:45:00+00:00,7796.48
2026-04-29T19:00:00+00:00,8423.4
2026-04-29T19:15:00+00:00,8947.32
2026-04-29T19:30:00+00:00,9125.0
2026-04-29T19:45:00+00:00,9377.8
2026-04-29T20:00:00+00:00,9478.64
2026-04-29T20:15:00+00:00,9425.2
2026-04-29T20:30:00+00:00,9179.16
2026-04-29T20:45:00+00:00,9036.44
2026-04-29T21:00:00+00:00,8542.28
2026-04-29T21:15:00+00:00,9393.88
2026-04-29T21:30:00+00:00,10221.88
2026-04-29T21:45:00+00:00,11051.28
2026-04-29T22:00:00+00:00,11531.88
2026-04-29T22:15:00+00:00,11569.04
2026-04-29T22:30:00+00:00,11449.88
2026-04-29T22:45:00+00:00,10861.32
2026-04-29T23:00:00+00:00,9832.88
2026-04-29T23:15:00+00:00,9829.64
2026-04-29T23:30:00+00:00,9339.92
2026-04-29T23:45:00+00:00,8485.36
2026-04-30T00:00:00+00:00,7572.24
2026-04-30T00:15:00+00:00,6295.56
2026-04-30T00:30:00+00:00,4785.44
2026-04-30T00:45:00+00:00,3247.6
2026-04-30T01:00:00+00:00,1620.8
2026-04-30T01:15:00+00:00,1608.84
2026-04-30T01:30:00+00:00,1622.84
2026-04-30T01:45:00+00:00,1646.64
2026-04-30T02:00:00+00:00,1617.4
2026-04-30T02:15:00+00:00,1619.96
2026-04-30T02:30:00+00:00,1627.64
2026-04-30T02:45:00+00:00,1625.0
2026-04-30T03:00:00+00:00,1647.32
2026-04-30T03:15:00+00:00,1625.48
2026-04-30T03:30:00+00:00,1627.0
2026-04-30T03:45:00+00:00,1624.44
2026-04-30T04:00:00+00:00,1611.64
2026-04-30T04:15:00+00:00,1624.16
2026-04-30T04:30:00+00:00,1585.92
2026-04-30T04:45:00+00:00,1626.12
2026-04-30T05:00:00+00:00,1623.64
2026-04-30T05:15:00+00:00,4240.04
2026-04-30T05:30:00+00:00,6769.68
2026-04-30T05:45:00+00:00,9251.68
2026-04-30T06:00:00+00:00,11554.16
2026-04-30T06:15:00+00:00,13337.04
2026-04-30T06:30:00+00:00,14838.96
2026-04-30T06:45:00+00:00,15932.84
2026-04-30T07:00:00+00:00,16700.16
2026-04-30T07:15:00+00:00,17238.24
2026-04-30T07:30:00+00:00,16965.92
2026-04-30T07:45:00+00:00,16407.76
2026-04-30T08:00:00+00:00,18121.84
2026-04-30T08:15:00+00:00,16626.28
2026-04-30T08:30:00+00:00,14997.72
2026-04-30T08:45:00+00:00,12571.52
2026-04-30T09:00:00+00:00,10071.32
2026-04-30T09:15:00+00:00,9346.68
2026-04-30T09:30:00+00:00,8659.2
2026-04-30T09:45:00+00:00,7684.32
2026-04-30T10:00:00+00:00,6737.24
2026-04-30T10:15:00+00:00,5510.84
2026-04-30T10:30:00+00:00,4418.68
2026-04-30T10:45:00+00:00,3133.6
2026-04-30T11:00:00+00:00,1928.36
2026-04-30T11:15:00+00:00,1922.88
2026-04-30T11:30:00+00:00,1909.24
2026-04-30T11:45:00+00:00,1924.52
2026-04-30T12:00:00+00:00,1925.68
2026-04-30T12:15:00+00:00,1922.12
2026-04-30T12:30:00+00:00,1915.6
2026-04-30T12:45:00+00:00,1935.4
2026-04-30T13:00:00+00:00,1921.36
2026-04-30T13:15:00+00:00,3838.08
2026-04-30T13:30:00+00:00,5736.16
2026-04-30T13:45:00+00:00,7449.64
2026-04-30T14:00:00+00:00,8907.2
2026-04-30T14:15:00+00:00,10198.2
2026-04-30T14:30:00+00:00,11140.24
2026-04-30T14:45:00+00:00,11461.84
2026-04-30T15:00:00+00:00,11657.12
2026-04-30T15:15:00+00:00,11755.04
2026-04-30T15:30:00+00:00,10833.08
2026-04-30T15:45:00+00:00,10334.64
2026-04-30T16:00:00+00:00,8928.36
2026-04-30T16:15:00+00:00,7387.8
2026-04-30T16:30:00+00:00,5743.12
2026-04-30T16:45:00+00:00,3859.16
2026-04-30T17:00:00+00:00,1613.68
2026-04-30T17:15:00+00:00,2634.2
2026-04-30T17:30:00+00:00,3686.2
2026-04-30T17:45:00+00:00,4595.76
2026-04-30T18:00:00+00:00,5566.4
2026-04-30T18:15:00+00:00,6476.44
2026-04-30T18:30:00+00:00,7238.72
2026-04-30T18:45:00+00:00,7883.56
2026-04-30T19:00:00+00:00,8540.2
2026-04-30T19:15:00+00:00,8729.08
2026-04-30T19:30:00+00:00,9153.32
2026-04-30T19:45:00+00:00,9471.64
2026-04-30T20:00:00+00:00,9362.4
2026-04-30T20:15:00+00:00,9476.84
2026-04-30T20:30:00+00:00,9255.08
2026-04-30T20:45:00+00:00,8884.68
2026-04-30T21:00:00+00:00,8359.08
2026-04-30T21:15:00+00:00,9451.04
2026-04-30T21:30:00+00:00,10415.4
2026-04-30T21:45:00+00:00,11072.52
2026-04-30T22:00:00+00:00,11449.44
2026-04-30T22:15:00+00:00,11541.16
2026-04-30T22:30:00+00:00,11353.76
2026-04-30T22:45:00+00:00,10843.0
2026-04-30T23:00:00+00:00,9886.08
2026-04-30T23:15:00+00:00,9707.0
2026-04-30T23:30:00+00:00,9367.44
2026-04-30T23:45:00+00:00,8516.08
2026-05-01T00:00:00+00:00,7475.24
2026-05-01T00:15:00+00:00,6228.32
2026-05-01T00:30:00+00:00,4808.68
2026-05-01T00:45:00+00:00,3243.24
2026-05-01T01:00:00+00:00,1611.88
2026-05-01T01:15:00+00:00,1613.12
2026-05-01T01:30:00+00:00,1619.56
2026-05-01T01:45:00+00:00,1610.56
2026-05-01T02:00:00+00:00,1608.24
2026-05-01T02:15:00+00:00,1627.2
2026-05-01T02:30:00+00:00,1605.56
2026-05-01T02:45:00+00:00,1590.4
2026-05-01T03:00:00+00:00,1631.32
2026-05-01T03:15:00+00:00,1634.16
2026-05-01T03:30:00+00:00,1629.64
2026-05-01T03:45:00+00:00,1620.32
2026-05-01T04:00:00+00:00,1614.52
2026-05-01T04:15:00+00:00,1605.24
2026-05-01T04:30:00+00:00,1610.08
2026-05-01T04:45:00+00:00,1622.24
2026-05-01T05:00:00+00:00,1609.32
2026-05-01T05:15:00+00:00,4269.28
2026-05-01T05:30:00+00:00,6921.08
2026-05-01T05:45:00+00:00,9133.16
2026-05-01T06:00:00+00:00,11643.44
2026-05-01T06:15:00+00:00,13288.08
2026-05-01T06:30:00+00:00,14829.6
2026-05-01T06:45:00+00:00,15944.88
2026-05-01T07:00:00+00:00,16763.48
2026-05-01T07:15:00+00:00,17059.84
2026-05-01T07:30:00+00:00,17016.2
2026-05-01T07:45:00+00:00,16395.16
2026-05-01T08:00:00+00:00,18463.88
2026-05-01T08:15:00+00:00,16957.64
2026-05-01T08:30:00+00:00,14743.84
2026-05-01T08:45:00+00:00,12714.44
2026-05-01T09:00:00+00:00,10063.64
2026-05-01T09:15:00+00:00,9391.36
2026-05-01T09:30:00+00:00,8544.16
2026-05-01T09:45:00+00:00,7595.4
2026-05-01T10:00:00+00:00,6660.24
2026-05-01T10:15:00+00:00,5568.88
2026-05-01T10:30:00+00:00,4349.0
2026-05-01T10:45:00+00:00,3143.64
2026-05-01T11:00:00+00:00,1932.28
2026-05-01T11:15:00+00:00,1929.64
2026-05-01T11:30:00+00:00,1913.92
2026-05-01T11:45:00+00:00,1898.2
2026-05-01T12:00:00+00:00,1937.72
2026-05-01T12:15:00+00:00,1914.52
2026-05-01T12:30:00+00:00,1919.96
2026-05-01T12:45:00+00:00,1917.8
2026-05-01T13:00:00+00:00,1925.76
2026-05-01T13:15:00+00:00,3881.68
2026-05-01T13:30:00+00:00,5669.52
2026-05-01T13:45:00+00:00,7407.48
2026-05-01T14:00:00+00:00,8892.44
2026-05-01T14:15:00+00:00,10331.28
2026-05-01T14:30:00+00:00,11069.44
2026-05-01T14:45:00+00:00,11782.0
2026-05-01T15:00:00+00:00,11744.16
2026-05-01T15:15:00+00:00,11642.96
2026-05-01T15:30:00+00:00,11247.36
2026-05-01T15:45:00+00:00,10291.24
2026-05-01T16:00:00+00:00,8833.2
2026-05-01T16:15:00+00:00,7557.72
2026-05-01T16:30:00+00:00,5698.4
2026-05-01T16:45:00+00:00,3903.12
2026-05-01T17:00:00+00:00,1625.8
2026-05-01T17:15:00+00:00,2653.4
2026-05-01T17:30:00+00:00,3690.96
2026-05-01T17:45:00+00:00,4612.36
2026-05-01T18:00:00+00:00,5562.24
2026-05-01T18:15:00+00:00,6368.44
2026-05-01T18:30:00+00:00,7240.6
2026-05-01T18:45:00+00:00,7937.56
2026-05-01T19:00:00+00:00,8457.48
2026-05-01T19:15:00+00:00,8839.92
2026-05-01T19:30:00+00:00,9321.8
2026-05-01T19:45:00+00:00,9332.16
2026-05-01T20:00:00+00:00,9473.32
2026-05-01T20:15:00+00:00,9492.44
2026-05-01T20:30:00+00:00,9277.88
2026-05-01T20:45:00+00:00,8715.04
2026-05-01T21:00:00+00:00,8518.04
2026-05-01T21:15:00+00:00,9479.56
2026-05-01T21:30:00+00:00,10389.52
2026-05-01T21:45:00+00:00,10968.28
2026-05-01T22:00:00+00:00,11429.68
2026-05-01T22:15:00+00:00,11564.8
2026-05-01T22:30:00+00:00,11338.68
2026-05-01T22:45:00+00:00,10901.32
2026-05-01T23:00:00+00:00,10221.56
2026-05-01T23:15:00+00:00,9740.24
2026-05-01T23:30:00+00:00,9297.76
2026-05-01T23:45:00+00:00,8519.24
2026-05-02T00:00:00+00:00,7582.68
2026-05-02T00:15:00+00:00,6220.68
2026-05-02T00:30:00+00:00,4753.6
2026-05-02T00:45:00+00:00,3282.68
2026-05-02T01:00:00+00:00,1583.16
2026-05-02T01:15:00+00:00,1615.96
2026-05-02T01:30:00+00:00,1598.4
2026-05-02T01:45:00+00:00,1631.0
2026-05-02T02:00:00+00:00,1623.0
2026-05-02T02:15:00+00:00,1598.92
2026-05-02T02:30:00+00:00,1615.56
2026-05-02T02:45:00+00:00,1638.96
2026-05-02T03:00:00+00:00,1620.28
2026-05-02T03:15:00+00:00,1628.0
2026-05-02T03:30:00+00:00,1648.64
2026-05-02T03:45:00+00:00,1636.44
2026-05-02T04:00:00+00:00,1624.64
2026-05-02T04:15:00+00:00,1623.48
2026-05-02T04:30:00+00:00,1599.04
2026-05-02T04:45:00+00:00,1634.36
2026-05-02T05:00:00+00:00,1624.24
2026-05-02T05:15:00+00:00,4218.44
2026-05-02T05:30:00+00:00,6892.48
2026-05-02T05:45:00+00:00,9428.16
2026-05-02T06:00:00+00:00,11522.44
2026-05-02T06:15:00+00:00,13317.8
2026-05-02T06:30:00+00:00,14896.92
2026-05-02T06:45:00+00:00,16165.68
2026-05-02T07:00:00+00:00,16582.96
2026-05-02T07:15:00+00:00,17108.76
2026-05-02T07:30:00+00:00,17143.28
2026-05-02T07:45:00+00:00,16258.52
2026-05-02T08:00:00+00:00,15517.0
2026-05-02T08:15:00+00:00,13997.56
2026-05-02T08:30:00+00:00,12454.2
2026-05-02T08:45:00+00:00,10421.92
2026-05-02T09:00:00+00:00,8339.88
2026-05-02T09:15:00+00:00,7789.36
2026-05-02T09:30:00+00:00,7193.16
2026-05-02T09:45:00+00:00,6415.96
2026-05-02T10:00:00+00:00,5518.2
2026-05-02T10:15:00+00:00,4620.28
2026-05-02T10:30:00+00:00,3628.56
2026-05-02T10:45:00+00:00,2650.56
2026-05-02T11:00:00+00:00,1610.52
2026-05-02T11:15:00+00:00,1608.92
2026-05-02T11:30:00+00:00,1637.76
2026-05-02T11:45:00+00:00,1600.48
2026-05-02T12:00:00+00:00,1616.44
2026-05-02T12:15:00+00:00,1601.28
2026-05-02T12:30:00+00:00,1633.08
2026-05-02T12:45:00+00:00,1623.56
2026-05-02T13:00:00+00:00,1617.8
2026-05-02T13:15:00+00:00,3257.88
2026-05-02T13:30:00+00:00,4809.4
2026-05-02T13:45:00+00:00,6268.4
2026-05-02T14:00:00+00:00,7442.16
2026-05-02T14:15:00+00:00,8440.4
2026-05-02T14:30:00+00:00,9325.88
2026-05-02T14:45:00+00:00,9742.52
2026-05-02T15:00:00+00:00,9933.4
2026-05-02T15:15:00+00:00,9818.56
2026-05-02T15:30:00+00:00,9255.08
2026-05-02T15:45:00+00:00,8552.88
2026-05-02T16:00:00+00:00,7458.76
2026-05-02T16:15:00+00:00,6254.64
2026-05-02T16:30:00+00:00,4836.48
2026-05-02T16:45:00+00:00,3241.68
2026-05-02T17:00:00+00:00,1628.56
2026-05-02T17:15:00+00:00,2593.28
2026-05-02T17:30:00+00:00,3680.56
2026-05-02T17:45:00+00:00,4653.16
2026-05-02T18:00:00+00:00,5594.12
2026-05-02T18:15:00+00:00,6409.16
2026-05-02T18:30:00+00:00,7147.32
2026-05-02T18:45:00+00:00,7987.44
2026-05-02T19:00:00+00:00,8498.4
2026-05-02T19:15:00+00:00,8957.36
2026-05-02T19:30:00+00:00,9180.04
2026-05-02T19:45:00+00:00,9442.44
2026-05-02T20:00:00+00:00,9501.16
2026-05-02T20:15:00+00:00,9496.72
2026-05-02T20:30:00+00:00,9110.64
2026-05-02T20:45:00+00:00,8914.64
2026-05-02T21:00:00+00:00,8363.28
2026-05-02T21:15:00+00:00,9514.2
2026-05-02T21:30:00+00:00,10448.12
2026-05-02T21:45:00+00:00,11192.12
2026-05-02T22:00:00+00:00,11495.68
2026-05-02T22:15:00+00:00,11428.2
2026-05-02T22:30:00+00:00,11301.36
2026-05-02T22:45:00+00:00,10795.96
2026-05-02T23:00:00+00:00,9768.56
2026-05-02T23:15:00+00:00,9968.76
2026-05-02T23:30:00+00:00,9307.2
2026-05-02T23:45:00+00:00,8420.92
2026-05-03T00:00:00+00:00,7473.24
2026-05-03T00:15:00+00:00,6271.72
2026-05-03T00:30:00+00:00,4805.4
2026-05-03T00:45:00+00:00,3312.04
2026-05-03T01:00:00+00:00,1604.08
2026-05-03T01:15:00+00:00,1605.4
2026-05-03T01:30:00+00:00,1624.52
2026-05-03T01:45:00+00:00,1618.52
2026-05-03T02:00:00+00:00,1618.6
2026-05-03T02:15:00+00:00,1593.68
2026-05-03T02:30:00+00:00,1626.72
2026-05-03T02:45:00+00:00,1623.44
2026-05-03T03:00:00+00:00,1614.36
2026-05-03T03:15:00+00:00,1621.08
2026-05-03T03:30:00+00:00,1623.92
2026-05-03T03:45:00+00:00,1617.84
2026-05-03T04:00:00+00:00,1608.56
2026-05-03T04:15:00+00:00,1626.68
2026-05-03T04:30:00+00:00,1595.12
2026-05-03T04:45:00+00:00,1594.52
2026-05-03T05:00:00+00:00,1610.52
2026-05-03T05:15:00+00:00,4252.0
2026-05-03T05:30:00+00:00,6782.92
2026-05-03T05:45:00+00:00,9295.12
2026-05-03T06:00:00+00:00,11436.32
2026-05-03T06:15:00+00:00,13336.36
2026-05-03T06:30:00+00:00,14927.16
2026-05-03T06:45:00+00:00,15940.0
2026-05-03T07:00:00+00:00,16924.0
2026-05-03T07:15:00+00:00,17131.72
2026-05-03T07:30:00+00:00,16920.28
2026-05-03T07:45:00+00:00,16475.28
2026-05-03T08:00:00+00:00,15350.36
2026-05-03T08:15:00+00:00,13976.28
2026-05-03T08:30:00+00:00,12385.6
2026-05-03T08:45:00+00:00,10613.56
2026-05-03T09:00:00+00:00,8325.64
2026-05-03T09:15:00+00:00,7813.76
2026-05-03T09:30:00+00:00,7185.56
2026-05-03T09:45:00+00:00,6369.68
2026-05-03T10:00:00+00:00,5480.4
2026-05-03T10:15:00+00:00,4672.96
2026-05-03T10:30:00+00:00,3669.92
2026-05-03T10:45:00+00:00,2619.76
2026-05-03T11:00:00+00:00,1613.8
2026-05-03T11:15:00+00:00,1621.72
2026-05-03T11:30:00+00:00,1619.36
2026-05-03T11:45:00+00:00,1619.4
2026-05-03T12:00:00+00:00,1622.12
2026-05-03T12:15:00+00:00,1603.36
2026-05-03T12:30:00+00:00,1636.48
2026-05-03T12:45:00+00:00,1617.84
2026-05-03T13:00:00+00:00,1596.92
2026-05-03T13:15:00+00:00,3220.8
2026-05-03T13:30:00+00:00,4737.0
2026-05-03T13:45:00+00:00,6274.72
2026-05-03T14:00:00+00:00,7599.44
2026-05-03T14:15:00+00:00,8520.68
2026-05-03T14:30:00+00:00,9290.72
2026-05-03T14:45:00+00:00,9677.28
2026-05-03T15:00:00+00:00,10138.24
2026-05-03T15:15:00+00:00,9701.16
2026-05-03T15:30:00+00:00,9228.8
2026-05-03T15:45:00+00:00,8505.88
2026-05-03T16:00:00+00:00,7552.32
2026-05-03T16:15:00+00:00,6320.12
2026-05-03T16:30:00+00:00,4786.36
2026-05-03T16:45:00+00:00,3238.68
2026-05-03T17:00:00+00:00,1629.6
2026-05-03T17:15:00+00:00,2637.2
2026-05-03T17:30:00+00:00,3635.12
2026-05-03T17:45:00+00:00,4688.68
2026-05-03T18:00:00+00:00,5611.52
2026-05-03T18:15:00+00:00,6381.0
2026-05-03T18:30:00+00:00,7159.48
2026-05-03T18:45:00+00:00,7822.08
2026-05-03T19:00:00+00:00,8502.52
2026-05-03T19:15:00+00:00,8852.92
2026-05-03T19:30:00+00:00,9235.88
2026-05-03T19:45:00+00:00,9408.52
2026-05-03T20:00:00+00:00,9475.88
2026-05-03T20:15:00+00:00,9404.4
2026-05-03T20:30:00+00:00,9240.48
2026-05-03T20:45:00+00:00,9001.2
2026-05-03T21:00:00+00:00,8505.2
2026-05-03T21:15:00+00:00,9550.68
2026-05-03T21:30:00+00:00,10273.8
2026-05-03T21:45:00+00:00,11094.92
2026-05-03T22:00:00+00:00,11465.72
2026-05-03T22:15:00+00:00,11691.64
2026-05-03T22:30:00+00:00,11306.52
2026-05-03T22:45:00+00:00,10848.4
2026-05-03T23:00:00+00:00,10068.44
2026-05-03T23:15:00+00:00,9704.48
2026-05-03T23:30:00+00:00,9377.0
2026-05-03T23:45:00+00:00,8581.76
2026-05-04T00:00:00+00:00,7544.64
2026-05-04T00:15:00+00:00,6314.48
2026-05-04T00:30:00+00:00,4745.28
2026-05-04T00:45:00+00:00,3212.4
2026-05-04T01:00:00+00:00,1603.52
2026-05-04T01:15:00+00:00,1612.84
2026-05-04T01:30:00+00:00,1629.48
2026-05-04T01:45:00+00:00,1628.88
2026-05-04T02:00:00+00:00,1613.96
2026-05-04T02:15:00+00:00,1629.88
2026-05-04T02:30:00+00:00,1636.28
2026-05-04T02:45:00+00:00,1609.44
2026-05-04T03:00:00+00:00,1607.08
2026-05-04T03:15:00+00:00,1613.08
2026-05-04T03:30:00+00:00,1619.16
2026-05-04T03:45:00+00:00,1623.56
2026-05-04T04:00:00+00:00,1607.88
2026-05-04T04:15:00+00:00,1615.96
2026-05-04T04:30:00+00:00,1640.08
2026-05-04T04:45:00+00:00,1622.08
2026-05-04T05:00:00+00:00,1591.92
2026-05-04T05:15:00+00:00,4232.28
2026-05-04T05:30:00+00:00,6832.6
2026-05-04T05:45:00+00:00,9216.88
2026-05-04T06:00:00+00:00,11315.0
2026-05-04T06:15:00+00:00,13329.8
2026-05-04T06:30:00+00:00,14885.2
2026-05-04T06:45:00+00:00,15771.76
2026-05-04T07:00:00+00:00,16705.36
2026-05-04T07:15:00+00:00,16772.52
2026-05-04T07:30:00+00:00,16926.56
2026-05-04T07:45:00+00:00,16713.84
2026-05-04T08:00:00+00:00,18158.04
2026-05-04T08:15:00+00:00,16768.76
2026-05-04T08:30:00+00:00,14869.16
2026-05-04T08:45:00+00:00,12520.16
2026-05-04T09:00:00+00:00,10063.68
2026-05-04T09:15:00+00:00,9481.72
2026-05-04T09:30:00+00:00,8598.08
2026-05-04T09:45:00+00:00,7608.52
2026-05-04T10:00:00+00:00,6584.56
2026-05-04T10:15:00+00:00,5564.92
2026-05-04T10:30:00+00:00,4371.48
2026-05-04T10:45:00+00:00,3144.24
2026-05-04T11:00:00+00:00,1960.2
2026-05-04T11:15:00+00:00,1932.76
2026-05-04T11:30:00+00:00,1939.76
2026-05-04T11:45:00+00:00,1921.44
2026-05-04T12:00:00+00:00,1939.04
2026-05-04T12:15:00+00:00,1946.36
2026-05-04T12:30:00+00:00,1892.24
2026-05-04T12:45:00+00:00,1931.4
2026-05-04T13:00:00+00:00,1906.96
2026-05-04T13:15:00+00:00,3875.28
2026-05-04T13:30:00+00:00,5718.56
2026-05-04T13:45:00+00:00,7435.0
2026-05-04T14:00:00+00:00,8886.32
2026-05-04T14:15:00+00:00,10205.76
2026-05-04T14:30:00+00:00,11229.52
2026-05-04T14:45:00+00:00,11686.8
2026-05-04T15:00:00+00:00,11821.28
2026-05-04T15:15:00+00:00,11636.96
2026-05-04T15:30:00+00:00,10988.08
2026-05-04T15:45:00+00:00,10224.68
2026-05-04T16:00:00+00:00,8822.36
2026-05-04T16:15:00+00:00,7290.64
2026-05-04T16:30:00+00:00,5653.12
2026-05-04T16:45:00+00:00,3906.36
2026-05-04T17:00:00+00:00,1637.8
2026-05-04T17:15:00+00:00,2657.76
2026-05-04T17:30:00+00:00,3677.72
2026-05-04T17:45:00+00:00,4653.6
2026-05-04T18:00:00+00:00,5576.12
2026-05-04T18:15:00+00:00,6471.52
2026-05-04T18:30:00+00:00,7155.8
2026-05-04T18:45:00+00:00,7866.88
2026-05-04T19:00:00+00:00,8491.72
2026-05-04T19:15:00+00:00,8927.6
2026-05-04T19:30:00+00:00,9149.88
2026-05-04T19:45:00+00:00,9350.68
2026-05-04T20:00:00+00:00,9390.6
2026-05-04T20:15:00+00:00,9370.88
2026-05-04T20:30:00+00:00,9146.0
2026-05-04T20:45:00+00:00,8848.76
2026-05-04T21:00:00+00:00,8461.8
2026-05-04T21:15:00+00:00,9484.64
2026-05-04T21:30:00+00:00,10283.0
2026-05-04T21:45:00+00:00,11166.16
2026-05-04T22:00:00+00:00,11394.96
2026-05-04T22:15:00+00:00,11481.12
2026-05-04T22:30:00+00:00,11124.36
2026-05-04T22:45:00+00:00,10829.64
2026-05-04T23:00:00+00:00,9811.2
2026-05-04T23:15:00+00:00,9832.96
2026-05-04T23:30:00+00:00,9156.24
2026-05-04T23:45:00+00:00,8486.2
2026-05-05T00:00:00+00:00,7587.44
2026-05-05T00:15:00+00:00,6210.96
2026-05-05T00:30:00+00:00,4798.72
2026-05-05T00:45:00+00:00,3202.16
2026-05-05T01:00:00+00:00,1614.8
2026-05-05T01:15:00+00:00,1631.64
2026-05-05T01:30:00+00:00,1614.48
2026-05-05T01:45:00+00:00,1627.76
2026-05-05T02:00:00+00:00,1592.28
2026-05-05T02:15:00+00:00,1616.48
2026-05-05T02:30:00+00:00,1613.36
2026-05-05T02:45:00+00:00,1618.84
2026-05-05T03:00:00+00:00,1604.32
2026-05-05T03:15:00+00:00,1616.76
2026-05-05T03:30:00+00:00,1630.88
2026-05-05T03:45:00+00:00,1595.92
2026-05-05T04:00:00+00:00,1612.92
2026-05-05T04:15:00+00:00,1618.96
2026-05-05T04:30:00+00:00,1602.88
2026-05-05T04:45:00+00:00,1616.36
2026-05-05T05:00:00+00:00,1620.96
2026-05-05T05:15:00+00:00,4340.64
2026-05-05T05:30:00+00:00,6786.2
2026-05-05T05:45:00+00:00,9268.2
2026-05-05T06:00:00+00:00,11452.4
2026-05-05T06:15:00+00:00,13425.64
2026-05-05T06:30:00+00:00,15023.36
2026-05-05T06:45:00+00:00,15990.28
2026-05-05T07:00:00+00:00,16734.76
2026-05-05T07:15:00+00:00,17202.72
2026-05-05T07:30:00+00:00,16992.96
2026-05-05T07:45:00+00:00,16182.88
2026-05-05T08:00:00+00:00,18260.64
2026-05-05T08:15:00+00:00,16677.16
2026-05-05T08:30:00+00:00,14760.56
2026-05-05T08:45:00+00:00,12234.96
2026-05-05T09:00:00+00:00,10001.4
2026-05-05T09:15:00+00:00,9261.4
2026-05-05T09:30:00+00:00,8435.12
2026-05-05T09:45:00+00:00,7551.88
2026-05-05T10:00:00+00:00,6645.84
2026-05-05T10:15:00+00:00,5460.88
2026-05-05T10:30:00+00:00,4344.12
2026-05-05T10:45:00+00:00,3121.68
2026-05-05T11:00:00+00:00,1926.16
2026-05-05T11:15:00+00:00,1929.64
2026-05-05T11:30:00+00:00,1934.32
2026-05-05T11:45:00+00:00,1919.04
2026-05-05T12:00:00+00:00,1912.84
2026-05-05T12:15:00+00:00,1923.84
2026-05-05T12:30:00+00:00,1910.84
2026-05-05T12:45:00+00:00,1924.24
2026-05-05T13:00:00+00:00,1946.28
2026-05-05T13:15:00+00:00,3886.32
2026-05-05T13:30:00+00:00,5749.92
2026-05-05T13:45:00+00:00,7507.52
2026-05-05T14:00:00+00:00,8927.08
2026-05-05T14:15:00+00:00,10273.4
2026-05-05T14:30:00+00:00,11160.4
2026-05-05T14:45:00+00:00,11773.76
2026-05-05T15:00:00+00:00,11692.28
2026-05-05T15:15:00+00:00,11751.36
2026-05-05T15:30:00+00:00,11125.12
2026-05-05T15:45:00+00:00,10192.08
2026-05-05T16:00:00+00:00,9052.48
2026-05-05T16:15:00+00:00,7467.6
2026-05-05T16:30:00+00:00,5701.04
2026-05-05T16:45:00+00:00,3877.12
2026-05-05T17:00:00+00:00,1646.84
2026-05-05T17:15:00+00:00,2601.12
2026-05-05T17:30:00+00:00,3651.84
2026-05-05T17:45:00+00:00,4585.64
2026-05-05T18:00:00+00:00,5533.04
2026-05-05T18:15:00+00:00,6429.24
2026-05-05T18:30:00+00:00,7249.84
2026-05-05T18:45:00+00:00,7838.28
2026-05-05T19:00:00+00:00,8481.24
2026-05-05T19:15:00+00:00,8932.48
2026-05-05T19:30:00+00:00,9063.76
2026-05-05T19:45:00+00:00,9394.32
2026-05-05T20:00:00+00:00,9463.04
2026-05-05T20:15:00+00:00,9255.28
2026-05-05T20:30:00+00:00,9324.52
2026-05-05T20:45:00+00:00,8891.84
2026-05-05T21:00:00+00:00,8326.68
2026-05-05T21:15:00+00:00,9445.6
2026-05-05T21:30:00+00:00,10363.2
2026-05-05T21:45:00+00:00,10979.0
2026-05-05T22:00:00+00:00,11487.6
2026-05-05T22:15:00+00:00,11698.44
2026-05-05T22:30:00+00:00,11497.16
2026-05-05T22:45:00+00:00,10830.64
2026-05-05T23:00:00+00:00,10152.12
2026-05-05T23:15:00+00:00,9759.44
2026-05-05T23:30:00+00:00,9273.44
2026-05-05T23:45:00+00:00,8440.92
2026-05-06T00:00:00+00:00,7469.8
2026-05-06T00:15:00+00:00,6344.04
2026-05-06T00:30:00+00:00,4804.28
2026-05-06T00:45:00+00:00,3244.52
2026-05-06T01:00:00+00:00,1620.16
2026-05-06T01:15:00+00:00,1634.0
2026-05-06T01:30:00+00:00,1610.68
2026-05-06T01:45:00+00:00,1630.52
2026-05-06T02:00:00+00:00,1610.6
2026-05-06T02:15:00+00:00,1627.88
2026-05-06T02:30:00+00:00,1626.84
2026-05-06T02:45:00+00:00,1618.76
2026-05-06T03:00:00+00:00,1644.2
2026-05-06T03:15:00+00:00,1606.88
2026-05-06T03:30:00+00:00,1622.36
2026-05-06T03:45:00+00:00,1597.4
2026-05-06T04:00:00+00:00,1639.28
2026-05-06T04:15:00+00:00,1617.56
2026-05-06T04:30:00+00:00,1615.92
2026-05-06T04:45:00+00:00,1624.6
2026-05-06T05:00:00+00:00,1616.0
2026-05-06T05:15:00+00:00,4288.8
2026-05-06T05:30:00+00:00,6883.76
2026-05-06T05:45:00+00:00,9272.4
2026-05-06T06:00:00+00:00,11527.8
2026-05-06T06:15:00+00:00,13254.48
2026-05-06T06:30:00+00:00,14769.32
2026-05-06T06:45:00+00:00,15916.36
2026-05-06T07:00:00+00:00,16857.36
2026-05-06T07:15:00+00:00,17204.32
2026-05-06T07:30:00+00:00,16863.2
2026-05-06T07:45:00+00:00,16361.08
2026-05-06T08:00:00+00:00,18421.6
2026-05-06T08:15:00+00:00,16820.96
2026-05-06T08:30:00+00:00,14624.16
2026-05-06T08:45:00+00:00,12422.0
2026-05-06T09:00:00+00:00,10105.04
2026-05-06T09:15:00+00:00,9266.52
2026-05-06T09:30:00+00:00,8414.68
2026-05-06T09:45:00+00:00,7712.88
2026-05-06T10:00:00+00:00,6608.24
2026-05-06T10:15:00+00:00,5543.16
2026-05-06T10:30:00+00:00,4339.2
2026-05-06T10:45:00+00:00,3153.32
2026-05-06T11:00:00+00:00,1944.04
2026-05-06T11:15:00+00:00,1924.72
2026-05-06T11:30:00+00:00,1922.04
2026-05-06T11:45:00+00:00,1919.96
2026-05-06T12:00:00+00:00,1928.2
2026-05-06T12:15:00+00:00,1932.36
2026-05-06T12:30:00+00:00,1941.36
2026-05-06T12:45:00+00:00,1938.32
2026-05-06T13:00:00+00:00,1942.36
2026-05-06T13:15:00+00:00,3885.36
2026-05-06T13:30:00+00:00,5774.56
2026-05-06T13:45:00+00:00,7279.56
2026-05-06T14:00:00+00:00,8908.92
2026-05-06T14:15:00+00:00,10065.64
2026-05-06T14:30:00+00:00,11094.88
2026-05-06T14:45:00+00:00,11474.24
2026-05-06T15:00:00+00:00,11782.8
2026-05-06T15:15:00+00:00,11794.8
2026-05-06T15:30:00+00:00,11027.04
2026-05-06T15:45:00+00:00,10317.96
2026-05-06T16:00:00+00:00,8963.24
2026-05-06T16:15:00+00:00,7344.44
2026-05-06T16:30:00+00:00,5769.04
2026-05-06T16:45:00+00:00,3864.16
2026-05-06T17:00:00+00:00,1601.76
2026-05-06T17:15:00+00:00,2587.28
2026-05-06T17:30:00+00:00,3646.36
2026-05-06T17:45:00+00:00,4624.72
2026-05-06T18:00:00+00:00,5535.84
2026-05-06T18:15:00+00:00,6351.48
2026-05-06T18:30:00+00:00,7226.84
2026-05-06T18:45:00+00:00,7834.32
2026-05-06T19:00:00+00:00,8336.28
2026-05-06T19:15:00+00:00,8900.84
2026-05-06T19:30:00+00:00,9150.04
2026-05-06T19:45:00+00:00,9522.04
2026-05-06T20:00:00+00:00,9436.2
2026-05-06T20:15:00+00:00,9410.36
2026-05-06T20:30:00+00:00,9171.64
2026-05-06T20:45:00+00:00,8822.2
2026-05-06T21:00:00+00:00,8307.64
2026-05-06T21:15:00+00:00,9375.8
2026-05-06T21:30:00+00:00,10398.72
2026-05-06T21:45:00+00:00,11021.08
2026-05-06T22:00:00+00:00,11417.04
2026-05-06T22:15:00+00:00,11559.6
2026-05-06T22:30:00+00:00,11329.56
2026-05-06T22:45:00+00:00,10817.44
2026-05-06T23:00:00+00:00,9953.52
2026-05-06T23:15:00+00:00,9657.28
2026-05-06T23:30:00+00:00,9301.48
2026-05-06T23:45:00+00:00,8531.48
2026-05-07T00:00:00+00:00,7500.36
2026-05-07T00:15:00+00:00,6246.52
2026-05-07T00:30:00+00:00,4814.68
2026-05-07T00:45:00+00:00,3250.88
2026-05-07T01:00:00+00:00,1614.92
2026-05-07T01:15:00+00:00,1608.48
2026-05-07T01:30:00+00:00,1610.24
2026-05-07T01:45:00+00:00,1641.2
2026-05-07T02:00:00+00:00,1641.84
2026-05-07T02:15:00+00:00,1626.48
2026-05-07T02:30:00+00:00,1628.48
2026-05-07T02:45:00+00:00,1623.24
2026-05-07T03:00:00+00:00,1611.4
2026-05-07T03:15:00+00:00,1606.16
2026-05-07T03:30:00+00:00,1630.48
2026-05-07T03:45:00+00:00,1588.32
2026-05-07T04:00:00+00:00,1620.56
2026-05-07T04:15:00+00:00,1611.12
2026-05-07T04:30:00+00:00,1610.48
2026-05-07T04:45:00+00:00,1607.28
2026-05-07T05:00:00+00:00,1606.12
2026-05-07T05:15:00+00:00,4274.48
2026-05-07T05:30:00+00:00,6851.2
2026-05-07T05:45:00+00:00,9377.28
2026-05-07T06:00:00+00:00,11392.72
2026-05-07T06:15:00+00:00,13398.12
2026-05-07T06:30:00+00:00,14828.56
2026-05-07T06:45:00+00:00,16245.84
2026-05-07T07:00:00+00:00,16760.8
2026-05-07T07:15:00+00:00,17359.56
2026-05-07T07:30:00+00:00,17072.8
2026-05-07T07:45:00+00:00,16390.52
2026-05-07T08:00:00+00:00,18310.76
2026-05-07T08:15:00+00:00,16622.36
2026-05-07T08:30:00+00:00,14656.2
2026-05-07T08:45:00+00:00,12450.56
2026-05-07T09:00:00+00:00,9943.56
2026-05-07T09:15:00+00:00,9500.24
2026-05-07T09:30:00+00:00,8517.72
2026-05-07T09:45:00+00:00,7625.24
2026-05-07T10:00:00+00:00,6646.16
2026-05-07T10:15:00+00:00,5454.36
2026-05-07T10:30:00+00:00,4334.12
2026-05-07T10:45:00+00:00,3152.96
2026-05-07T11:00:00+00:00,1935.52
2026-05-07T11:15:00+00:00,1953.56
2026-05-07T11:30:00+00:00,1923.68
2026-05-07T11:45:00+00:00,1924.56
2026-05-07T12:00:00+00:00,1929.88
2026-05-07T12:15:00+00:00,1915.52
2026-05-07T12:30:00+00:00,1890.88
2026-05-07T12:45:00+00:00,1914.2
2026-05-07T13:00:00+00:00,1936.36
2026-05-07T13:15:00+00:00,3856.44
2026-05-07T13:30:00+00:00,5740.6
2026-05-07T13:45:00+00:00,7415.92
2026-05-07T14:00:00+00:00,8864.6
2026-05-07T14:15:00+00:00,10078.8
2026-05-07T14:30:00+00:00,11194.08
2026-05-07T14:45:00+00:00,11548.12
2026-05-07T15:00:00+00:00,11803.32
2026-05-07T15:15:00+00:00,11793.68
2026-05-07T15:30:00+00:00,11008.2
2026-05-07T15:45:00+00:00,10185.88
2026-05-07T16:00:00+00:00,8927.08
2026-05-07T16:15:00+00:00,7435.8
2026-05-07T16:30:00+00:00,5649.84
2026-05-07T16:45:00+00:00,3853.44
2026-05-07T17:00:00+00:00,1630.48
2026-05-07T17:15:00+00:00,2630.88
2026-05-07T17:30:00+00:00,3698.36
2026-05-07T17:45:00+00:00,4627.6
2026-05-07T18:00:00+00:00,5547.52
2026-05-07T18:15:00+00:00,6361.52
2026-05-07T18:30:00+00:00,7121.2
2026-05-07T18:45:00+00:00,7768.2
2026-05-07T19:00:00+00:00,8537.36
2026-05-07T19:15:00+00:00,9022.04
2026-05-07T19:30:00+00:00,9278.12
2026-05-07T19:45:00+00:00,9341.44
2026-05-07T20:00:00+00:00,9634.52
2026-05-07T20:15:00+00:00,9407.68
2026-05-07T20:30:00+00:00,9152.6
2026-05-07T20:45:00+00:00,8983.64
2026-05-07T21:00:00+00:00,8443.68
2026-05-07T21:15:00+00:00,9330.96
2026-05-07T21:30:00+00:00,10218.92
2026-05-07T21:45:00+00:00,11143.56
2026-05-07T22:00:00+00:00,11326.44
2026-05-07T22:15:00+00:00,11599.76
2026-05-07T22:30:00+00:00,11249.04
2026-05-07T22:45:00+00:00,10901.4
2026-05-07T23:00:00+00:00,9941.64
2026-05-07T23:15:00+00:00,9878.68
2026-05-07T23:30:00+00:00,9146.92
2026-05-07T23:45:00+00:00,8535.48
2026-05-08T00:00:00+00:00,7675.28
2026-05-08T00:15:00+00:00,6188.24
2026-05-08T00:30:00+00:00,4924.68
2026-05-08T00:45:00+00:00,3214.28
2026-05-08T01:00:00+00:00,1620.76
2026-05-08T01:15:00+00:00,1614.8
2026-05-08T01:30:00+00:00,1636.12
2026-05-08T01:45:00+00:00,1645.2
2026-05-08T02:00:00+00:00,1629.12
2026-05-08T02:15:00+00:00,1626.68
2026-05-08T02:30:00+00:00,1620.64
2026-05-08T02:45:00+00:00,1626.28
2026-05-08T03:00:00+00:00,1622.92
2026-05-08T03:15:00+00:00,1604.52
2026-05-08T03:30:00+00:00,1626.76
2026-05-08T03:45:00+00:00,1643.72
2026-05-08T04:00:00+00:00,1619.6
2026-05-08T04:15:00+00:00,1623.28
2026-05-08T04:30:00+00:00,1616.36
2026-05-08T04:45:00+00:00,1640.96
2026-05-08T05:00:00+00:00,1635.12
2026-05-08T05:15:00+00:00,4256.92
2026-05-08T05:30:00+00:00,6786.88
2026-05-08T05:45:00+00:00,9129.2
2026-05-08T06:00:00+00:00,11355.0
2026-05-08T06:15:00+00:00,13481.96
2026-05-08T06:30:00+00:00,14996.36
2026-05-08T06:45:00+00:00,15859.52
2026-05-08T07:00:00+00:00,16795.84
2026-05-08T07:15:00+00:00,16966.0
2026-05-08T07:30:00+00:00,16957.44
2026-05-08T07:45:00+00:00,16109.48
2026-05-08T08:00:00+00:00,18243.6
2026-05-08T08:15:00+00:00,16616.24
2026-05-08T08:30:00+00:00,14674.8
2026-05-08T08:45:00+00:00,12696.8
2026-05-08T09:00:00+00:00,10020.44
2026-05-08T09:15:00+00:00,9349.44
2026-05-08T09:30:00+00:00,8534.28
2026-05-08T09:45:00+00:00,7626.0
2026-05-08T10:00:00+00:00,6507.72
2026-05-08T10:15:00+00:00,5566.52
2026-05-08T10:30:00+00:00,4414.12
2026-05-08T10:45:00+00:00,3114.0
2026-05-08T11:00:00+00:00,1919.0
2026-05-08T11:15:00+00:00,1930.88
2026-05-08T11:30:00+00:00,1911.32
2026-05-08T11:45:00+00:00,1929.8
2026-05-08T12:00:00+00:00,1930.92
2026-05-08T12:15:00+00:00,1927.56
2026-05-08T12:30:00+00:00,1931.88
2026-05-08T12:45:00+00:00,1938.36
2026-05-08T13:00:00+00:00,1944.76
2026-05-08T13:15:00+00:00,3828.12
2026-05-08T13:30:00+00:00,5722.04
2026-05-08T13:45:00+00:00,7552.88
2026-05-08T14:00:00+00:00,8933.96
2026-05-08T14:15:00+00:00,10093.48
2026-05-08T14:30:00+00:00,11087.04
2026-05-08T14:45:00+00:00,11687.52
2026-05-08T15:00:00+00:00,11688.0
2026-05-08T15:15:00+00:00,11717.84
2026-05-08T15:30:00+00:00,11286.48
2026-05-08T15:45:00+00:00,10142.24
2026-05-08T16:00:00+00:00,9109.68
2026-05-08T16:15:00+00:00,7443.48
2026-05-08T16:30:00+00:00,5748.92
2026-05-08T16:45:00+00:00,3837.4
2026-05-08T17:00:00+00:00,1610.36
2026-05-08T17:15:00+00:00,2632.36
2026-05-08T17:30:00+00:00,3628.36
2026-05-08T17:45:00+00:00,4690.6
2026-05-08T18:00:00+00:00,5570.4
2026-05-08T18:15:00+00:00,6349.72
2026-05-08T18:30:00+00:00,7079.88
2026-05-08T18:45:00+00:00,7879.4
2026-05-08T19:00:00+00:00,8375.32
2026-05-08T19:15:00+00:00,8872.92
2026-05-08T19:30:00+00:00,9194.56
2026-05-08T19:45:00+00:00,9375.4
2026-05-08T20:00:00+00:00,9453.96
2026-05-08T20:15:00+00:00,9285.88
2026-05-08T20:30:00+00:00,9333.72
2026-05-08T20:45:00+00:00,8897.04
2026-05-08T21:00:00+00:00,8395.72
2026-05-08T21:15:00+00:00,9460.68
2026-05-08T21:30:00+00:00,10340.92
2026-05-08T21:45:00+00:00,10882.52
2026-05-08T22:00:00+00:00,11630.8
2026-05-08T22:15:00+00:00,11594.04
2026-05-08T22:30:00+00:00,11314.64
2026-05-08T22:45:00+00:00,10871.6
2026-05-08T23:00:00+00:00,10055.84
2026-05-08T23:15:00+00:00,9645.72
2026-05-08T23:30:00+00:00,9369.12
2026-05-08T23:45:00+00:00,8503.44
2026-05-09T00:00:00+00:00,7533.12
2026-05-09T00:15:00+00:00,6240.8
2026-05-09T00:30:00+00:00,4784.72
2026-05-09T00:45:00+00:00,3224.4
2026-05-09T01:00:00+00:00,1608.72
2026-05-09T01:15:00+00:00,1617.68
2026-05-09T01:30:00+00:00,1609.4
2026-05-09T01:45:00+00:00,1635.8
2026-05-09T02:00:00+00:00,1627.44
2026-05-09T02:15:00+00:00,1624.64
2026-05-09T02:30:00+00:00,1638.52
2026-05-09T02:45:00+00:00,1606.56
2026-05-09T03:00:00+00:00,1607.44
2026-05-09T03:15:00+00:00,1592.76
2026-05-09T03:30:00+00:00,1617.28
2026-05-09T03:45:00+00:00,1614.84
2026-05-09T04:00:00+00:00,1617.48
2026-05-09T04:15:00+00:00,1598.4
2026-05-09T04:30:00+00:00,1607.16
2026-05-09T04:45:00+00:00,1614.12
2026-05-09T05:00:00+00:00,1612.8
2026-05-09T05:15:00+00:00,4228.24
2026-05-09T05:30:00+00:00,6905.08
2026-05-09T05:45:00+00:00,9257.12
2026-05-09T06:00:00+00:00,11483.28
2026-05-09T06:15:00+00:00,13482.8
2026-05-09T06:30:00+00:00,14913.96
2026-05-09T06:45:00+00:00,16093.52
2026-05-09T07:00:00+00:00,16706.92
2026-05-09T07:15:00+00:00,17061.08
2026-05-09T07:30:00+00:00,16926.28
2026-05-09T07:45:00+00:00,16099.24
2026-05-09T08:00:00+00:00,15245.52
2026-05-09T08:15:00+00:00,14127.84
2026-05-09T08:30:00+00:00,12402.36
2026-05-09T08:45:00+00:00,10537.44
2026-05-09T09:00:00+00:00,8495.32
2026-05-09T09:15:00+00:00,7884.04
2026-05-09T09:30:00+00:00,7243.12
2026-05-09T09:45:00+00:00,6437.8
2026-05-09T10:00:00+00:00,5674.2
2026-05-09T10:15:00+00:00,4674.2
2026-05-09T10:30:00+00:00,3667.4
2026-05-09T10:45:00+00:00,2638.04
2026-05-09T11:00:00+00:00,1632.2
2026-05-09T11:15:00+00:00,1622.68
2026-05-09T11:30:00+00:00,1627.52
2026-05-09T11:45:00+00:00,1609.8
2026-05-09T12:00:00+00:00,1602.2
2026-05-09T12:15:00+00:00,1634.6
2026-05-09T12:30:00+00:00,1633.28
2026-05-09T12:45:00+00:00,1593.44
2026-05-09T13:00:00+00:00,1626.2
2026-05-09T13:15:00+00:00,3191.36
2026-05-09T13:30:00+00:00,4820.44
2026-05-09T13:45:00+00:00,6200.88
2026-05-09T14:00:00+00:00,7497.56
2026-05-09T14:15:00+00:00,8518.24
2026-05-09T14:30:00+00:00,9248.88
2026-05-09T14:45:00+00:00,9633.8
2026-05-09T15:00:00+00:00,9947.44
2026-05-09T15:15:00+00:00,9729.36
2026-05-09T15:30:00+00:00,9253.24
2026-05-09T15:45:00+00:00,8597.52
2026-05-09T16:00:00+00:00,7609.32
2026-05-09T16:15:00+00:00,6237.36
2026-05-09T16:30:00+00:00,4799.84
2026-05-09T16:45:00+00:00,3223.2
2026-05-09T17:00:00+00:00,1602.96
2026-05-09T17:15:00+00:00,2626.0
2026-05-09T17:30:00+00:00,3646.48
2026-05-09T17:45:00+00:00,4554.4
2026-05-09T18:00:00+00:00,5524.0
2026-05-09T18:15:00+00:00,6411.76
2026-05-09T18:30:00+00:00,7166.28
2026-05-09T18:45:00+00:00,7865.36
2026-05-09T19:00:00+00:00,8387.04
2026-05-09T19:15:00+00:00,9071.88
2026-05-09T19:30:00+00:00,9264.76
2026-05-09T19:45:00+00:00,9282.32
2026-05-09T20:00:00+00:00,9429.48
2026-05-09T20:15:00+00:00,9408.76
2026-05-09T20:30:00+00:00,9244.64
2026-05-09T20:45:00+00:00,9007.84
2026-05-09T21:00:00+00:00,8438.72
2026-05-09T21:15:00+00:00,9485.4
2026-05-09T21:30:00+00:00,10393.96
2026-05-09T21:45:00+00:00,10883.28
2026-05-09T22:00:00+00:00,11405.76
2026-05-09T22:15:00+00:00,11457.24
2026-05-09T22:30:00+00:00,11441.04
2026-05-09T22:45:00+00:00,10792.08
2026-05-09T23:00:00+00:00,9962.44
2026-05-09T23:15:00+00:00,9868.28
2026-05-09T23:30:00+00:00,9415.64
2026-05-09T23:45:00+00:00,8511.04
2026-05-10T00:00:00+00:00,7501.44
2026-05-10T00:15:00+00:00,6241.12
2026-05-10T00:30:00+00:00,4723.0
2026-05-10T00:45:00+00:00,3272.8
2026-05-10T01:00:00+00:00,1623.64
2026-05-10T01:15:00+00:00,1626.72
2026-05-10T01:30:00+00:00,1623.52
2026-05-10T01:45:00+00:00,1611.56
2026-05-10T02:00:00+00:00,1628.24
2026-05-10T02:15:00+00:00,1634.4
2026-05-10T02:30:00+00:00,1603.48
2026-05-10T02:45:00+00:00,1628.96
2026-05-10T03:00:00+00:00,1632.76
2026-05-10T03:15:00+00:00,1612.76
2026-05-10T03:30:00+00:00,1604.76
2026-05-10T03:45:00+00:00,1601.72
2026-05-10T04:00:00+00:00,1624.36
2026-05-10T04:15:00+00:00,1597.6
2026-05-10T04:30:00+00:00,1608.96
2026-05-10T04:45:00+00:00,1624.36
2026-05-10T05:00:00+00:00,1648.2
2026-05-10T05:15:00+00:00,4218.28
2026-05-10T05:30:00+00:00,6846.32
2026-05-10T05:45:00+00:00,9268.48
2026-05-10T06:00:00+00:00,11580.48
2026-05-10T06:15:00+00:00,13313.48
2026-05-10T06:30:00+00:00,14966.32
2026-05-10T06:45:00+00:00,16108.36
2026-05-10T07:00:00+00:00,16757.92
2026-05-10T07:15:00+00:00,17201.48
2026-05-10T07:30:00+00:00,16738.6
2026-05-10T07:45:00+00:00,16499.76
2026-05-10T08:00:00+00:00,15262.52
2026-05-10T08:15:00+00:00,14120.52
2026-05-10T08:30:00+00:00,12528.48
2026-05-10T08:45:00+00:00,10563.88
2026-05-10T09:00:00+00:00,8544.44
2026-05-10T09:15:00+00:00,7974.16
2026-05-10T09:30:00+00:00,7199.92
2026-05-10T09:45:00+00:00,6295.88
2026-05-10T10:00:00+00:00,5600.48
2026-05-10T10:15:00+00:00,4616.96
2026-05-10T10:30:00+00:00,3670.68
2026-05-10T10:45:00+00:00,2615.92
2026-05-10T11:00:00+00:00,1614.6
2026-05-10T11:15:00+00:00,1636.36
2026-05-10T11:30:00+00:00,1628.36
2026-05-10T11:45:00+00:00,1608.76
2026-05-10T12:00:00+00:00,1604.08
2026-05-10T12:15:00+00:00,1625.04
2026-05-10T12:30:00+00:00,1610.96
2026-05-10T12:45:00+00:00,1617.56
2026-05-10T13:00:00+00:00,1629.52
2026-05-10T13:15:00+00:00,3270.12
2026-05-10T13:30:00+00:00,4759.2
2026-05-10T13:45:00+00:00,6336.84
2026-05-10T14:00:00+00:00,7584.96
2026-05-10T14:15:00+00:00,8547.24
2026-05-10T14:30:00+00:00,9326.72
2026-05-10T14:45:00+00:00,9773.08
2026-05-10T15:00:00+00:00,9718.08
2026-05-10T15:15:00+00:00,9784.52
2026-05-10T15:30:00+00:00,9233.24
2026-05-10T15:45:00+00:00,8522.64
2026-05-10T16:00:00+00:00,7487.84
2026-05-10T16:15:00+00:00,6191.56
2026-05-10T16:30:00+00:00,4854.04
2026-05-10T16:45:00+00:00,3269.32
2026-05-10T17:00:00+00:00,1600.0
2026-05-10T17:15:00+00:00,2657.68
2026-05-10T17:30:00+00:00,3727.8
2026-05-10T17:45:00+00:00,4623.8
2026-05-10T18:00:00+00:00,5552.52
2026-05-10T18:15:00+00:00,6468.08
2026-05-10T18:30:00+00:00,7151.08
2026-05-10T18:45:00+00:00,7888.16
2026-05-10T19:00:00+00:00,8407.12
2026-05-10T19:15:00+00:00,8961.4
2026-05-10T19:30:00+00:00,9190.68
2026-05-10T19:45:00+00:00,9487.92
2026-05-10T20:00:00+00:00,9428.76
2026-05-10T20:15:00+00:00,9364.08
2026-05-10T20:30:00+00:00,9192.76
2026-05-10T20:45:00+00:00,8947.32
2026-05-10T21:00:00+00:00,8380.48
2026-05-10T21:15:00+00:00,9552.36
2026-05-10T21:30:00+00:00,10375.4
2026-05-10T21:45:00+00:00,10937.44
2026-05-10T22:00:00+00:00,11544.32
2026-05-10T22:15:00+00:00,11463.12
2026-05-10T22:30:00+00:00,11426.24
2026-05-10T22:45:00+00:00,10914.96
2026-05-10T23:00:00+00:00,10084.56
2026-05-10T23:15:00+00:00,9829.4
2026-05-10T23:30:00+00:00,9459.64
2026-05-10T23:45:00+00:00,8591.12
2026-05-11T00:00:00+00:00,7492.76
2026-05-11T00:15:00+00:00,6251.0
2026-05-11T00:30:00+00:00,4841.0
2026-05-11T00:45:00+00:00,3244.08
2026-05-11T01:00:00+00:00,1615.2
2026-05-11T01:15:00+00:00,1606.92
2026-05-11T01:30:00+00:00,1597.24
2026-05-11T01:45:00+00:00,1630.24
2026-05-11T02:00:00+00:00,1625.64
2026-05-11T02:15:00+00:00,1628.96
2026-05-11T02:30:00+00:00,1608.96
2026-05-11T02:45:00+00:00,1601.92
2026-05-11T03:00:00+00:00,1641.44
2026-05-11T03:15:00+00:00,1604.0
2026-05-11T03:30:00+00:00,1606.48
2026-05-11T03:45:00+00:00,1606.72
2026-05-11T04:00:00+00:00,1624.12
2026-05-11T04:15:00+00:00,1623.84
2026-05-11T04:30:00+00:00,1631.28
2026-05-11T04:45:00+00:00,1630.48
2026-05-11T05:00:00+00:00,1621.28
2026-05-11T05:15:00+00:00,4279.64
2026-05-11T05:30:00+00:00,6888.56
2026-05-11T05:45:00+00:00,9243.6
2026-05-11T06:00:00+00:00,11463.16
2026-05-11T06:15:00+00:00,13393.84
2026-05-11T06:30:00+00:00,14775.92
2026-05-11T06:45:00+00:00,15899.8
2026-05-11T07:00:00+00:00,16809.32
2026-05-11T07:15:00+00:00,17154.92
2026-05-11T07:30:00+00:00,16574.52
2026-05-11T07:45:00+00:00,16268.6
2026-05-11T08:00:00+00:00,18428.68
2026-05-11T08:15:00+00:00,16804.04
2026-05-11T08:30:00+00:00,14729.56
2026-05-11T08:45:00+00:00,12501.52
2026-05-11T09:00:00+00:00,9877.44
2026-05-11T09:15:00+00:00,9301.64
2026-05-11T09:30:00+00:00,8515.08
2026-05-11T09:45:00+00:00,7615.0
2026-05-11T10:00:00+00:00,6623.32
2026-05-11T10:15:00+00:00,5532.0
2026-05-11T10:30:00+00:00,4393.36
2026-05-11T10:45:00+00:00,3165.08
2026-05-11T11:00:00+00:00,1938.88
2026-05-11T11:15:00+00:00,1931.16
2026-05-11T11:30:00+00:00,1941.68
2026-05-11T11:45:00+00:00,1909.88
2026-05-11T12:00:00+00:00,1924.2
2026-05-11T12:15:00+00:00,1947.76
2026-05-11T12:30:00+00:00,1933.44
2026-05-11T12:45:00+00:00,1933.04
2026-05-11T13:00:00+00:00,1936.44
2026-05-11T13:15:00+00:00,3843.52
2026-05-11T13:30:00+00:00,5682.64
2026-05-11T13:45:00+00:00,7435.32
2026-05-11T14:00:00+00:00,8915.48
2026-05-11T14:15:00+00:00,10074.08
2026-05-11T14:30:00+00:00,11036.0
2026-05-11T14:45:00+00:00,11588.36
2026-05-11T15:00:00+00:00,11937.72
2026-05-11T15:15:00+00:00,11465.96
2026-05-11T15:30:00+00:00,11192.28
2026-05-11T15:45:00+00:00,10244.84
2026-05-11T16:00:00+00:00,8988.2
2026-05-11T16:15:00+00:00,7550.24
2026-05-11T16:30:00+00:00,5747.96
2026-05-11T16:45:00+00:00,3853.32
2026-05-11T17:00:00+00:00,1619.4
2026-05-11T17:15:00+00:00,2663.8
2026-05-11T17:30:00+00:00,3648.76
2026-05-11T17:45:00+00:00,4652.8
2026-05-11T18:00:00+00:00,5518.48
2026-05-11T18:15:00+00:00,6433.2
2026-05-11T18:30:00+00:00,7179.68
2026-05-11T18:45:00+00:00,7881.92
2026-05-11T19:00:00+00:00,8384.48
2026-05-11T19:15:00+00:00,8997.92
2026-05-11T19:30:00+00:00,9230.08
2026-05-11T19:45:00+00:00,9414.84
2026-05-11T20:00:00+00:00,9456.4
2026-05-11T20:15:00+00:00,9424.48
2026-05-11T20:30:00+00:00,9258.8
2026-05-11T20:45:00+00:00,8868.08
2026-05-11T21:00:00+00:00,8441.72
2026-05-11T21:15:00+00:00,9531.64
2026-05-11T21:30:00+00:00,10395.56
2026-05-11T21:45:00+00:00,10878.08
2026-05-11T22:00:00+00:00,11483.8
2026-05-11T22:15:00+00:00,11451.4
2026-05-11T22:30:00+00:00,11387.96
2026-05-11T22:45:00+00:00,10888.2
2026-05-11T23:00:00+00:00,10075.28
2026-05-11T23:15:00+00:00,9845.32
2026-05-11T23:30:00+00:00,9335.92
2026-05-11T23:45:00+00:00,8538.8
2026-05-12T00:00:00+00:00,7621.08
2026-05-12T00:15:00+00:00,6345.28
2026-05-12T00:30:00+00:00,4767.12
2026-05-12T00:45:00+00:00,3231.16
2026-05-12T01:00:00+00:00,1625.6
2026-05-12T01:15:00+00:00,1616.8
2026-05-12T01:30:00+00:00,1618.32
2026-05-12T01:45:00+00:00,1623.8
2026-05-12T02:00:00+00:00,1629.44
2026-05-12T02:15:00+00:00,1616.48
2026-05-12T02:30:00+00:00,1612.6
2026-05-12T02:45:00+00:00,1614.24
2026-05-12T03:00:00+00:00,1653.8
2026-05-12T03:15:00+00:00,1603.44
2026-05-12T03:30:00+00:00,1626.92
2026-05-12T03:45:00+00:00,1622.68
2026-05-12T04:00:00+00:00,1629.36
2026-05-12T04:15:00+00:00,1620.24
2026-05-12T04:30:00+00:00,1624.44
2026-05-12T04:45:00+00:00,1627.6
2026-05-12T05:00:00+00:00,1619.28
2026-05-12T05:15:00+00:00,4265.32
2026-05-12T05:30:00+00:00,6865.28
2026-05-12T05:45:00+00:00,9214.64
2026-05-12T06:00:00+00:00,11474.36
2026-05-12T06:15:00+00:00,13343.12
2026-05-12T06:30:00+00:00,14902.52
2026-05-12T06:45:00+00:00,15948.4
2026-05-12T07:00:00+00:00,17058.88
2026-05-12T07:15:00+00:00,16933.2
2026-05-12T07:30:00+00:00,16899.28
2026-05-12T07:45:00+00:00,16550.2
2026-05-12T08:00:00+00:00,18305.4
2026-05-12T08:15:00+00:00,16848.08
2026-05-12T08:30:00+00:00,14830.52
2026-05-12T08:45:00+00:00,12622.44
2026-05-12T09:00:00+00:00,10043.96
2026-05-12T09:15:00+00:00,9460.08
2026-05-12T09:30:00+00:00,8442.16
2026-05-12T09:45:00+00:00,7634.48
2026-05-12T10:00:00+00:00,6605.96
2026-05-12T10:15:00+00:00,5518.56
2026-05-12T10:30:00+00:00,4291.4
2026-05-12T10:45:00+00:00,3118.32
2026-05-12T11:00:00+00:00,1932.96
2026-05-12T11:15:00+00:00,1925.44
2026-05-12T11:30:00+00:00,1925.64
2026-05-12T11:45:00+00:00,1915.84
2026-05-12T12:00:00+00:00,1936.04
2026-05-12T12:15:00+00:00,1921.96
2026-05-12T12:30:00+00:00,1929.28
2026-05-12T12:45:00+00:00,1925.08
2026-05-12T13:00:00+00:00,1933.6
2026-05-12T13:15:00+00:00,3917.76
2026-05-12T13:30:00+00:00,5666.92
2026-05-12T13:45:00+00:00,7528.92
2026-05-12T14:00:00+00:00,8953.32
2026-05-12T14:15:00+00:00,10140.48
2026-05-12T14:30:00+00:00,11203.48
2026-05-12T14:45:00+00:00,11658.64
2026-05-12T15:00:00+00:00,11783.48
2026-05-12T15:15:00+00:00,11568.84
2026-05-12T15:30:00+00:00,10939.48
2026-05-12T15:45:00+00:00,10137.48
2026-05-12T16:00:00+00:00,8802.72
2026-05-12T16:15:00+00:00,7496.6
2026-05-12T16:30:00+00:00,5786.32
2026-05-12T16:45:00+00:00,3830.32
2026-05-12T17:00:00+00:00,1611.76
2026-05-12T17:15:00+00:00,2609.08
2026-05-12T17:30:00+00:00,3600.56
2026-05-12T17:45:00+00:00,4611.76
2026-05-12T18:00:00+00:00,5509.12
2026-05-12T18:15:00+00:00,6447.84
2026-05-12T18:30:00+00:00,7192.96
2026-05-12T18:45:00+00:00,7919.48
2026-05-12T19:00:00+00:00,8358.32
2026-05-12T19:15:00+00:00,8824.4
2026-05-12T19:30:00+00:00,9255.04
2026-05-12T19:45:00+00:00,9395.52
2026-05-12T20:00:00+00:00,9404.32
2026-05-12T20:15:00+00:00,9448.72
2026-05-12T20:30:00+00:00,9222.56
2026-05-12T20:45:00+00:00,8802.6
2026-05-12T21:00:00+00:00,8392.92
2026-05-12T21:15:00+00:00,9410.04
2026-05-12T21:30:00+00:00,10358.72
2026-05-12T21:45:00+00:00,10875.44
2026-05-12T22:00:00+00:00,11450.0
2026-05-12T22:15:00+00:00,11539.08
2026-05-12T22:30:00+00:00,11394.92
2026-05-12T22:45:00+00:00,10730.92
2026-05-12T23:00:00+00:00,10003.52
2026-05-12T23:15:00+00:00,9827.24
2026-05-12T23:30:00+00:00,9320.08
2026-05-12T23:45:00+00:00,8577.24
2026-05-13T00:00:00+00:00,7550.6
2026-05-13T00:15:00+00:00,6218.76
2026-05-13T00:30:00+00:00,4887.88
2026-05-13T00:45:00+00:00,3249.8
2026-05-13T01:00:00+00:00,1615.32
2026-05-13T01:15:00+00:00,1622.12
2026-05-13T01:30:00+00:00,1625.52
2026-05-13T01:45:00+00:00,1626.68
2026-05-13T02:00:00+00:00,1644.84
2026-05-13T02:15:00+00:00,1607.96
2026-05-13T02:30:00+00:00,1619.64
2026-05-13T02:45:00+00:00,1602.84
2026-05-13T03:00:00+00:00,1607.84
2026-05-13T03:15:00+00:00,1632.84
2026-05-13T03:30:00+00:00,1624.0
2026-05-13T03:45:00+00:00,1608.76
2026-05-13T04:00:00+00:00,1624.2
2026-05-13T04:15:00+00:00,1608.92
2026-05-13T04:30:00+00:00,1620.6
2026-05-13T04:45:00+00:00,1595.36
2026-05-13T05:00:00+00:00,1620.0
2026-05-13T05:15:00+00:00,4296.92
2026-05-13T05:30:00+00:00,6781.12
2026-05-13T05:45:00+00:00,9250.16
2026-05-13T06:00:00+00:00,11377.76
2026-05-13T06:15:00+00:00,13515.84
2026-05-13T06:30:00+00:00,14811.24
2026-05-13T06:45:00+00:00,16023.36
2026-05-13T07:00:00+00:00,16860.12
2026-05-13T07:15:00+00:00,16935.76
2026-05-13T07:30:00+00:00,16957.76
2026-05-13T07:45:00+00:00,16159.4
2026-05-13T08:00:00+00:00,17757.6
2026-05-13T08:15:00+00:00,16769.96
2026-05-13T08:30:00+00:00,14904.2
2026-05-13T08:45:00+00:00,12321.0
2026-05-13T09:00:00+00:00,10180.04
2026-05-13T09:15:00+00:00,9309.2
2026-05-13T09:30:00+00:00,8592.36
2026-05-13T09:45:00+00:00,7720.92
2026-05-13T10:00:00+00:00,6636.36
2026-05-13T10:15:00+00:00,5575.16
2026-05-13T10:30:00+00:00,4334.32
2026-05-13T10:45:00+00:00,3150.56
2026-05-13T11:00:00+00:00,1921.64
2026-05-13T11:15:00+00:00,1935.72
2026-05-13T11:30:00+00:00,1917.2
2026-05-13T11:45:00+00:00,1908.52
2026-05-13T12:00:00+00:00,1909.6
2026-05-13T12:15:00+00:00,1949.96
2026-05-13T12:30:00+00:00,1898.0
2026-05-13T12:45:00+00:00,1908.92
2026-05-13T13:00:00+00:00,1950.92
2026-05-13T13:15:00+00:00,3894.4
2026-05-13T13:30:00+00:00,5760.16
2026-05-13T13:45:00+00:00,7555.56
2026-05-13T14:00:00+00:00,8949.92
2026-05-13T14:15:00+00:00,10161.96
2026-05-13T14:30:00+00:00,10972.0
2026-05-13T14:45:00+00:00,11540.52
2026-05-13T15:00:00+00:00,11904.28
2026-05-13T15:15:00+00:00,11643.72
2026-05-13T15:30:00+00:00,11069.48
2026-05-13T15:45:00+00:00,10091.84
2026-05-13T16:00:00+00:00,8970.84
2026-05-13T16:15:00+00:00,7345.0
2026-05-13T16:30:00+00:00,5718.96
2026-05-13T16:45:00+00:00,3873.96
2026-05-13T17:00:00+00:00,1622.24
2026-05-13T17:15:00+00:00,2611.28
2026-05-13T17:30:00+00:00,3636.88
2026-05-13T17:45:00+00:00,4650.68
2026-05-13T18:00:00+00:00,5565.84
2026-05-13T18:15:00+00:00,6412.8
2026-05-13T18:30:00+00:00,7245.92
2026-05-13T18:45:00+00:00,7932.36
2026-05-13T19:00:00+00:00,8323.04
2026-05-13T19:15:00+00:00,8812.6
2026-05-13T19:30:00+00:00,9274.52
2026-05-13T19:45:00+00:00,9363.24
2026-05-13T20:00:00+00:00,9499.76
2026-05-13T20:15:00+00:00,9450.24
2026-05-13T20:30:00+00:00,9250.2
2026-05-13T20:45:00+00:00,9026.56
2026-05-13T21:00:00+00:00,8356.44
2026-05-13T21:15:00+00:00,9493.72
2026-05-13T21:30:00+00:00,10373.12
2026-05-13T21:45:00+00:00,11057.32
2026-05-13T22:00:00+00:00,11419.96
2026-05-13T22:15:00+00:00,11568.04
2026-05-13T22:30:00+00:00,11281.8
2026-05-13T22:45:00+00:00,10730.68
2026-05-13T23:00:00+00:00,9923.72
2026-05-13T23:15:00+00:00,9777.2
2026-05-13T23:30:00+00:00,9168.56
2026-05-13T23:45:00+00:00,8542.76
2026-05-14T00:00:00+00:00,7472.64
2026-05-14T00:15:00+00:00,6231.08
2026-05-14T00:30:00+00:00,4828.92
2026-05-14T00:45:00+00:00,3199.72
2026-05-14T01:00:00+00:00,1624.76
2026-05-14T01:15:00+00:00,1609.84
2026-05-14T01:30:00+00:00,1642.56
2026-05-14T01:45:00+00:00,1630.4
2026-05-14T02:00:00+00:00,1625.4
2026-05-14T02:15:00+00:00,1627.92
2026-05-14T02:30:00+00:00,1627.12
2026-05-14T02:45:00+00:00,1626.92
2026-05-14T03:00:00+00:00,1599.68
2026-05-14T03:15:00+00:00,1622.32
2026-05-14T03:30:00+00:00,1629.4
2026-05-14T03:45:00+00:00,1616.96
2026-05-14T04:00:00+00:00,1606.04
2026-05-14T04:15:00+00:00,1612.48
2026-05-14T04:30:00+00:00,1611.88
2026-05-14T04:45:00+00:00,1648.2
2026-05-14T05:00:00+00:00,1615.28
2026-05-14T05:15:00+00:00,4307.44
2026-05-14T05:30:00+00:00,6879.96
2026-05-14T05:45:00+00:00,9420.36
2026-05-14T06:00:00+00:00,11560.12
2026-05-14T06:15:00+00:00,13361.36
2026-05-14T06:30:00+00:00,14816.68
2026-05-14T06:45:00+00:00,16185.32
2026-05-14T07:00:00+00:00,16799.2
2026-05-14T07:15:00+00:00,17111.6
2026-05-14T07:30:00+00:00,16880.76
2026-05-14T07:45:00+00:00,16389.76
2026-05-14T08:00:00+00:00,18401.56
2026-05-14T08:15:00+00:00,16666.92
2026-05-14T08:30:00+00:00,14903.28
2026-05-14T08:45:00+00:00,12574.4
2026-05-14T09:00:00+00:00,10045.0
2026-05-14T09:15:00+00:00,9451.76
2026-05-14T09:30:00+00:00,8562.84
2026-05-14T09:45:00+00:00,7626.64
2026-05-14T10:00:00+00:00,6680.76
2026-05-14T10:15:00+00:00,5569.6
2026-05-14T10:30:00+00:00,4343.96
2026-05-14T10:45:00+00:00,3132.76
2026-05-14T11:00:00+00:00,1927.48
2026-05-14T11:15:00+00:00,1955.44
2026-05-14T11:30:00+00:00,1942.84
2026-05-14T11:45:00+00:00,1926.52
2026-05-14T12:00:00+00:00,1937.2
2026-05-14T12:15:00+00:00,1941.32
2026-05-14T12:30:00+00:00,1923.6
2026-05-14T12:45:00+00:00,1934.84
2026-05-14T13:00:00+00:00,1921.28
2026-05-14T13:15:00+00:00,3884.96
2026-05-14T13:30:00+00:00,5790.04
2026-05-14T13:45:00+00:00,7525.12
2026-05-14T14:00:00+00:00,8795.08
2026-05-14T14:15:00+00:00,10323.48
2026-05-14T14:30:00+00:00,11169.56
2026-05-14T14:45:00+00:00,11683.12
2026-05-14T15:00:00+00:00,12034.68
2026-05-14T15:15:00+00:00,11552.16
2026-05-14T15:30:00+00:00,11067.6
2026-05-14T15:45:00+00:00,10217.44
2026-05-14T16:00:00+00:00,8847.0
2026-05-14T16:15:00+00:00,7427.72
2026-05-14T16:30:00+00:00,5671.36
2026-05-14T16:45:00+00:00,3885.84
2026-05-14T17:00:00+00:00,1652.24
2026-05-14T17:15:00+00:00,2627.0
2026-05-14T17:30:00+00:00,3639.92
2026-05-14T17:45:00+00:00,4659.24
2026-05-14T18:00:00+00:00,5509.16
2026-05-14T18:15:00+00:00,6396.84
2026-05-14T18:30:00+00:00,7091.72
2026-05-14T18:45:00+00:00,7906.8
2026-05-14T19:00:00+00:00,8392.36
2026-05-14T19:15:00+00:00,8860.96
2026-05-14T19:30:00+00:00,9247.64
2026-05-14T19:45:00+00:00,9518.4
2026-05-14T20:00:00+00:00,9463.28
2026-05-14T20:15:00+00:00,9436.88
2026-05-14T20:30:00+00:00,9270.96
2026-05-14T20:45:00+00:00,8928.16
2026-05-14T21:00:00+00:00,8285.2
2026-05-14T21:15:00+00:00,9433.68
2026-05-14T21:30:00+00:00,10384.84
2026-05-14T21:45:00+00:00,11079.68
2026-05-14T22:00:00+00:00,11455.56
2026-05-14T22:15:00+00:00,11551.92
2026-05-14T22:30:00+00:00,11281.2
2026-05-14T22:45:00+00:00,10693.08
2026-05-14T23:00:00+00:00,9976.0
2026-05-14T23:15:00+00:00,9835.36
2026-05-14T23:30:00+00:00,9251.8
2026-05-14T23:45:00+00:00,8546.64
2026-05-15T00:00:00+00:00,7512.84
2026-05-15T00:15:00+00:00,6218.6
2026-05-15T00:30:00+00:00,4809.12
2026-05-15T00:45:00+00:00,3257.72
2026-05-15T01:00:00+00:00,1625.36
2026-05-15T01:15:00+00:00,1619.08
2026-05-15T01:30:00+00:00,1630.24
2026-05-15T01:45:00+00:00,1613.28
2026-05-15T02:00:00+00:00,1622.88
2026-05-15T02:15:00+00:00,1640.84
2026-05-15T02:30:00+00:00,1638.36
2026-05-15T02:45:00+00:00,1619.96
2026-05-15T03:00:00+00:00,1619.28
2026-05-15T03:15:00+00:00,1628.76
2026-05-15T03:30:00+00:00,1587.52
2026-05-15T03:45:00+00:00,1639.32
2026-05-15T04:00:00+00:00,1622.4
2026-05-15T04:15:00+00:00,1635.44
2026-05-15T04:30:00+00:00,1610.44
2026-05-15T04:45:00+00:00,1598.76
2026-05-15T05:00:00+00:00,1619.44
2026-05-15T05:15:00+00:00,4295.16
2026-05-15T05:30:00+00:00,6814.56
2026-05-15T05:45:00+00:00,9291.76
2026-05-15T06:00:00+00:00,11309.88
2026-05-15T06:15:00+00:00,13212.72
2026-05-15T06:30:00+00:00,14853.76
2026-05-15T06:45:00+00:00,16017.44
2026-05-15T07:00:00+00:00,16842.12
2026-05-15T07:15:00+00:00,17178.88
2026-05-15T07:30:00+00:00,16692.52
2026-05-15T07:45:00+00:00,16385.16
2026-05-15T08:00:00+00:00,18411.24
2026-05-15T08:15:00+00:00,16801.28
2026-05-15T08:30:00+00:00,14820.8
2026-05-15T08:45:00+00:00,12600.36
2026-05-15T09:00:00+00:00,10063.44
2026-05-15T09:15:00+00:00,9336.4
2026-05-15T09:30:00+00:00,8473.4
2026-05-15T09:45:00+00:00,7635.68
2026-05-15T10:00:00+00:00,6621.64
2026-05-15T10:15:00+00:00,5424.44
2026-05-15T10:30:00+00:00,4292.48
2026-05-15T10:45:00+00:00,3136.32
2026-05-15T11:00:00+00:00,1940.4
2026-05-15T11:15:00+00:00,1906.92
2026-05-15T11:30:00+00:00,1923.76
2026-05-15T11:45:00+00:00,1916.92
2026-05-15T12:00:00+00:00,1933.84
2026-05-15T12:15:00+00:00,1945.32
2026-05-15T12:30:00+00:00,1908.24
2026-05-15T12:45:00+00:00,1930.0
2026-05-15T13:00:00+00:00,1936.56
2026-05-15T13:15:00+00:00,3886.04
2026-05-15T13:30:00+00:00,5671.48
2026-05-15T13:45:00+00:00,7400.12
2026-05-15T14:00:00+00:00,9010.04
2026-05-15T14:15:00+00:00,10170.16
2026-05-15T14:30:00+00:00,10948.12
2026-05-15T14:45:00+00:00,11611.64
2026-05-15T15:00:00+00:00,11939.48
2026-05-15T15:15:00+00:00,11656.96
2026-05-15T15:30:00+00:00,11082.64
2026-05-15T15:45:00+00:00,10201.8
2026-05-15T16:00:00+00:00,8955.0
2026-05-15T16:15:00+00:00,7453.0
2026-05-15T16:30:00+00:00,5666.08
2026-05-15T16:45:00+00:00,3879.48
2026-05-15T17:00:00+00:00,1634.48
2026-05-15T17:15:00+00:00,2660.8
2026-05-15T17:30:00+00:00,3684.72
2026-05-15T17:45:00+00:00,4574.4
2026-05-15T18:00:00+00:00,5559.52
2026-05-15T18:15:00+00:00,6289.48
2026-05-15T18:30:00+00:00,7130.04
2026-05-15T18:45:00+00:00,7817.6
2026-05-15T19:00:00+00:00,8492.8
2026-05-15T19:15:00+00:00,8983.48
2026-05-15T19:30:00+00:00,9370.48
2026-05-15T19:45:00+00:00,9422.2
2026-05-15T20:00:00+00:00,9389.48
2026-05-15T20:15:00+00:00,9451.08
2026-05-15T20:30:00+00:00,9396.16
2026-05-15T20:45:00+00:00,8809.04
2026-05-15T21:00:00+00:00,8287.12
2026-05-15T21:15:00+00:00,9491.6
2026-05-15T21:30:00+00:00,10332.44
2026-05-15T21:45:00+00:00,10910.32
2026-05-15T22:00:00+00:00,11365.88
2026-05-15T22:15:00+00:00,11506.64
2026-05-15T22:30:00+00:00,11361.92
2026-05-15T22:45:00+00:00,10786.16
2026-05-15T23:00:00+00:00,10031.16
2026-05-15T23:15:00+00:00,9856.76
2026-05-15T23:30:00+00:00,9334.8
2026-05-15T23:45:00+00:00,8601.56
2026-05-16T00:00:00+00:00,7525.24
2026-05-16T00:15:00+00:00,6208.36
2026-05-16T00:30:00+00:00,4845.64
2026-05-16T00:45:00+00:00,3229.96
2026-05-16T01:00:00+00:00,1631.84
2026-05-16T01:15:00+00:00,1619.6
2026-05-16T01:30:00+00:00,1638.56
2026-05-16T01:45:00+00:00,1626.16
2026-05-16T02:00:00+00:00,1625.8
2026-05-16T02:15:00+00:00,1613.32
2026-05-16T02:30:00+00:00,1608.36
2026-05-16T02:45:00+00:00,1638.36
2026-05-16T03:00:00+00:00,1610.68
2026-05-16T03:15:00+00:00,1639.56
2026-05-16T03:30:00+00:00,1622.32
2026-05-16T03:45:00+00:00,1599.24
2026-05-16T04:00:00+00:00,1630.28
2026-05-16T04:15:00+00:00,1602.52
2026-05-16T04:30:00+00:00,1608.28
2026-05-16T04:45:00+00:00,1612.32
2026-05-16T05:00:00+00:00,1624.72
2026-05-16T05:15:00+00:00,4277.32
2026-05-16T05:30:00+00:00,6829.28
2026-05-16T05:45:00+00:00,9038.72
2026-05-16T06:00:00+00:00,11631.4
2026-05-16T06:15:00+00:00,13254.2
2026-05-16T06:30:00+00:00,14850.28
2026-05-16T06:45:00+00:00,16264.48
2026-05-16T07:00:00+00:00,16749.0
2026-05-16T07:15:00+00:00,17126.88
2026-05-16T07:30:00+00:00,16732.6
2026-05-16T07:45:00+00:00,16373.04
2026-05-16T08:00:00+00:00,15389.92
2026-05-16T08:15:00+00:00,14181.24
2026-05-16T08:30:00+00:00,12385.32
2026-05-16T08:45:00+00:00,10488.52
2026-05-16T09:00:00+00:00,8624.04
2026-05-16T09:15:00+00:00,7922.48
2026-05-16T09:30:00+00:00,7111.04
2026-05-16T09:45:00+00:00,6430.68
2026-05-16T10:00:00+00:00,5569.84
2026-05-16T10:15:00+00:00,4610.16
2026-05-16T10:30:00+00:00,3630.48
2026-05-16T10:45:00+00:00,2627.64
2026-05-16T11:00:00+00:00,1630.48
2026-05-16T11:15:00+00:00,1623.08
2026-05-16T11:30:00+00:00,1573.08
2026-05-16T11:45:00+00:00,1606.84
2026-05-16T12:00:00+00:00,1614.28
2026-05-16T12:15:00+00:00,1619.72
2026-05-16T12:30:00+00:00,1615.64
2026-05-16T12:45:00+00:00,1620.32
2026-05-16T13:00:00+00:00,1627.2
2026-05-16T13:15:00+00:00,3248.88
2026-05-16T13:30:00+00:00,4847.28
2026-05-16T13:45:00+00:00,6303.16
2026-05-16T14:00:00+00:00,7530.72
2026-05-16T14:15:00+00:00,8635.24
2026-05-16T14:30:00+00:00,9335.56
2026-05-16T14:45:00+00:00,9782.12
2026-05-16T15:00:00+00:00,9853.32
2026-05-16T15:15:00+00:00,9817.2
2026-05-16T15:30:00+00:00,9251.72
2026-05-16T15:45:00+00:00,8576.4
2026-05-16T16:00:00+00:00,7560.72
2026-05-16T16:15:00+00:00,6255.48
2026-05-16T16:30:00+00:00,4754.28
2026-05-16T16:45:00+00:00,3289.64
2026-05-16T17:00:00+00:00,1616.04
2026-05-16T17:15:00+00:00,2644.12
2026-05-16T17:30:00+00:00,3644.28
2026-05-16T17:45:00+00:00,4610.72
2026-05-16T18:00:00+00:00,5545.08
2026-05-16T18:15:00+00:00,6433.2
2026-05-16T18:30:00+00:00,7230.04
2026-05-16T18:45:00+00:00,7796.12
2026-05-16T19:00:00+00:00,8356.0
2026-05-16T19:15:00+00:00,8847.8
2026-05-16T19:30:00+00:00,9328.92
2026-05-16T19:45:00+00:00,9274.28
2026-05-16T20:00:00+00:00,9487.84
2026-05-16T20:15:00+00:00,9343.76
2026-05-16T20:30:00+00:00,9274.76
2026-05-16T20:45:00+00:00,8895.08
2026-05-16T21:00:00+00:00,8264.16
2026-05-16T21:15:00+00:00,9632.2
2026-05-16T21:30:00+00:00,10256.04
2026-05-16T21:45:00+00:00,10968.56
2026-05-16T22:00:00+00:00,11448.04
2026-05-16T22:15:00+00:00,11514.48
2026-05-16T22:30:00+00:00,11215.48
2026-05-16T22:45:00+00:00,10785.56
2026-05-16T23:00:00+00:00,9930.12
2026-05-16T23:15:00+00:00,9841.04
2026-05-16T23:30:00+00:00,9297.76
2026-05-16T23:45:00+00:00,8508.64
2026-05-17T00:00:00+00:00,7504.4
2026-05-17T00:15:00+00:00,6269.8
2026-05-17T00:30:00+00:00,4821.76
2026-05-17T00:45:00+00:00,3248.08
2026-05-17T01:00:00+00:00,1621.72
2026-05-17T01:15:00+00:00,1614.76
2026-05-17T01:30:00+00:00,1624.32
2026-05-17T01:45:00+00:00,1635.36
2026-05-17T02:00:00+00:00,1621.64
2026-05-17T02:15:00+00:00,1627.16
2026-05-17T02:30:00+00:00,1613.2
2026-05-17T02:45:00+00:00,1610.52
2026-05-17T03:00:00+00:00,1600.4
2026-05-17T03:15:00+00:00,1618.6
2026-05-17T03:30:00+00:00,1627.44
2026-05-17T03:45:00+00:00,1612.12
2026-05-17T04:00:00+00:00,1634.12
2026-05-17T04:15:00+00:00,1628.0
2026-05-17T04:30:00+00:00,1640.2
2026-05-17T04:45:00+00:00,1609.6
2026-05-17T05:00:00+00:00,1612.68
2026-05-17T05:15:00+00:00,4164.6
2026-05-17T05:30:00+00:00,6842.28
2026-05-17T05:45:00+00:00,9161.4
2026-05-17T06:00:00+00:00,11501.16
2026-05-17T06:15:00+00:00,13170.76
2026-05-17T06:30:00+00:00,15073.24
2026-05-17T06:45:00+00:00,15868.08
2026-05-17T07:00:00+00:00,16441.68
2026-05-17T07:15:00+00:00,17196.76
2026-05-17T07:30:00+00:00,16856.56
2026-05-17T07:45:00+00:00,16357.56
2026-05-17T08:00:00+00:00,15382.16
2026-05-17T08:15:00+00:00,14037.8
2026-05-17T08:30:00+00:00,12541.64
2026-05-17T08:45:00+00:00,10541.32
2026-05-17T09:00:00+00:00,8496.76
2026-05-17T09:15:00+00:00,7790.84
2026-05-17T09:30:00+00:00,7147.56
2026-05-17T09:45:00+00:00,6482.4
2026-05-17T10:00:00+00:00,5628.64
2026-05-17T10:15:00+00:00,4629.24
2026-05-17T10:30:00+00:00,3630.56
2026-05-17T10:45:00+00:00,2664.52
2026-05-17T11:00:00+00:00,1607.96
2026-05-17T11:15:00+00:00,1608.92
2026-05-17T11:30:00+00:00,1613.96
2026-05-17T11:45:00+00:00,1598.24
2026-05-17T12:00:00+00:00,1622.36
2026-05-17T12:15:00+00:00,1625.32
2026-05-17T12:30:00+00:00,1626.44
2026-05-17T12:45:00+00:00,1638.24
2026-05-17T13:00:00+00:00,1628.4
2026-05-17T13:15:00+00:00,3257.72
2026-05-17T13:30:00+00:00,4816.52
2026-05-17T13:45:00+00:00,6265.04
2026-05-17T14:00:00+00:00,7504.68
2026-05-17T14:15:00+00:00,8597.24
2026-05-17T14:30:00+00:00,9243.44
2026-05-17T14:45:00+00:00,9849.84
2026-05-17T15:00:00+00:00,10065.2
2026-05-17T15:15:00+00:00,9756.64
2026-05-17T15:30:00+00:00,9256.68
2026-05-17T15:45:00+00:00,8503.84
2026-05-17T16:00:00+00:00,7605.92
2026-05-17T16:15:00+00:00,6189.92
2026-05-17T16:30:00+00:00,4887.6
2026-05-17T16:45:00+00:00,3213.48
2026-05-17T17:00:00+00:00,1631.24
2026-05-17T17:15:00+00:00,2653.64
2026-05-17T17:30:00+00:00,3703.6
2026-05-17T17:45:00+00:00,4598.6
2026-05-17T18:00:00+00:00,5571.48
2026-05-17T18:15:00+00:00,6405.6
2026-05-17T18:30:00+00:00,7169.96
2026-05-17T18:45:00+00:00,7770.84
2026-05-17T19:00:00+00:00,8394.84
2026-05-17T19:15:00+00:00,8759.92
2026-05-17T19:30:00+00:00,9264.88
2026-05-17T19:45:00+00:00,9409.2
2026-05-17T20:00:00+00:00,9419.48
2026-05-17T20:15:00+00:00,9370.24
2026-05-17T20:30:00+00:00,9166.72
2026-05-17T20:45:00+00:00,8942.08
2026-05-17T21:00:00+00:00,8513.16
2026-05-17T21:15:00+00:00,9441.2
2026-05-17T21:30:00+00:00,10227.76
2026-05-17T21:45:00+00:00,11014.0
2026-05-17T22:00:00+00:00,11308.52
2026-05-17T22:15:00+00:00,11431.76
2026-05-17T22:30:00+00:00,11362.36
2026-05-17T22:45:00+00:00,10922.32
2026-05-17T23:00:00+00:00,9880.28
2026-05-17T23:15:00+00:00,9729.28
2026-05-17T23:30:00+00:00,9154.48
2026-05-17T23:45:00+00:00,8550.88
2026-05-18T00:00:00+00:00,7467.12
2026-05-18T00:15:00+00:00,6286.24
2026-05-18T00:30:00+00:00,4807.08
2026-05-18T00:45:00+00:00,3316.04
2026-05-18T01:00:00+00:00,1612.92
2026-05-18T01:15:00+00:00,1615.8
2026-05-18T01:30:00+00:00,1621.56
2026-05-18T01:45:00+00:00,1621.44
2026-05-18T02:00:00+00:00,1632.36
2026-05-18T02:15:00+00:00,1612.36
2026-05-18T02:30:00+00:00,1629.32
2026-05-18T02:45:00+00:00,1636.88
2026-05-18T03:00:00+00:00,1617.48
2026-05-18T03:15:00+00:00,1623.24
2026-05-18T03:30:00+00:00,1604.12
2026-05-18T03:45:00+00:00,1626.84
2026-05-18T04:00:00+00:00,1615.16
2026-05-18T04:15:00+00:00,1638.4
2026-05-18T04:30:00+00:00,1616.64
2026-05-18T04:45:00+00:00,1615.4
2026-05-18T05:00:00+00:00,1627.2
2026-05-18T05:15:00+00:00,4268.04
2026-05-18T05:30:00+00:00,6840.2
2026-05-18T05:45:00+00:00,9264.04
2026-05-18T06:00:00+00:00,11472.28
2026-05-18T06:15:00+00:00,13286.92
2026-05-18T06:30:00+00:00,15022.76
2026-05-18T06:45:00+00:00,16005.16
2026-05-18T07:00:00+00:00,16721.72
2026-05-18T07:15:00+00:00,16890.56
2026-05-18T07:30:00+00:00,16839.64
2026-05-18T07:45:00+00:00,16117.72
2026-05-18T08:00:00+00:00,18309.64
2026-05-18T08:15:00+00:00,16882.24
2026-05-18T08:30:00+00:00,14921.28
2026-05-18T08:45:00+00:00,12219.56
2026-05-18T09:00:00+00:00,9995.56
2026-05-18T09:15:00+00:00,9281.04
2026-05-18T09:30:00+00:00,8502.64
2026-05-18T09:45:00+00:00,7578.0
2026-05-18T10:00:00+00:00,6666.08
2026-05-18T10:15:00+00:00,5533.28
2026-05-18T10:30:00+00:00,4359.24
2026-05-18T10:45:00+00:00,3161.36
2026-05-18T11:00:00+00:00,1921.44
2026-05-18T11:15:00+00:00,1925.08
2026-05-18T11:30:00+00:00,1956.96
2026-05-18T11:45:00+00:00,1939.72
2026-05-18T12:00:00+00:00,1924.64
2026-05-18T12:15:00+00:00,1915.04
2026-05-18T12:30:00+00:00,1937.88
2026-05-18T12:45:00+00:00,1949.52
2026-05-18T13:00:00+00:00,1929.56
2026-05-18T13:15:00+00:00,3856.76
2026-05-18T13:30:00+00:00,5709.08
2026-05-18T13:45:00+00:00,7386.16
2026-05-18T14:00:00+00:00,8897.28
2026-05-18T14:15:00+00:00,10236.36
2026-05-18T14:30:00+00:00,11112.96
2026-05-18T14:45:00+00:00,11682.68
2026-05-18T15:00:00+00:00,11791.28
2026-05-18T15:15:00+00:00,11482.28
2026-05-18T15:30:00+00:00,10956.08
2026-05-18T15:45:00+00:00,10216.92
2026-05-18T16:00:00+00:00,8953.64
2026-05-18T16:15:00+00:00,7404.28
2026-05-18T16:30:00+00:00,5776.92
2026-05-18T16:45:00+00:00,3893.36
2026-05-18T17:00:00+00:00,1617.24
2026-05-18T17:15:00+00:00,2683.48
2026-05-18T17:30:00+00:00,3708.72
2026-05-18T17:45:00+00:00,4616.0
2026-05-18T18:00:00+00:00,5585.36
2026-05-18T18:15:00+00:00,6426.12
2026-05-18T18:30:00+00:00,7284.44
2026-05-18T18:45:00+00:00,7860.4
2026-05-18T19:00:00+00:00,8574.76
2026-05-18T19:15:00+00:00,8908.72
2026-05-18T19:30:00+00:00,9106.04
2026-05-18T19:45:00+00:00,9466.44
2026-05-18T20:00:00+00:00,9589.0
2026-05-18T20:15:00+00:00,9449.36
2026-05-18T20:30:00+00:00,9125.64
2026-05-18T20:45:00+00:00,8798.16
2026-05-18T21:00:00+00:00,8434.52
2026-05-18T21:15:00+00:00,9356.72
2026-05-18T21:30:00+00:00,10320.64
2026-05-18T21:45:00+00:00,10981.52
2026-05-18T22:00:00+00:00,11495.6
2026-05-18T22:15:00+00:00,11523.12
2026-05-18T22:30:00+00:00,11487.52
2026-05-18T22:45:00+00:00,10725.2
2026-05-18T23:00:00+00:00,9972.12
2026-05-18T23:15:00+00:00,9721.08
2026-05-18T23:30:00+00:00,9296.8
2026-05-18T23:45:00+00:00,8536.08
2026-05-19T00:00:00+00:00,7441.96
2026-05-19T00:15:00+00:00,6322.32
2026-05-19T00:30:00+00:00,4804.84
2026-05-19T00:45:00+00:00,3260.04
2026-05-19T01:00:00+00:00,1619.88
2026-05-19T01:15:00+00:00,1620.44
2026-05-19T01:30:00+00:00,1623.16
2026-05-19T01:45:00+00:00,1618.76
2026-05-19T02:00:00+00:00,1624.16
2026-05-19T02:15:00+00:00,1612.48
2026-05-19T02:30:00+00:00,1632.56
2026-05-19T02:45:00+00:00,1611.44
2026-05-19T03:00:00+00:00,1639.16
2026-05-19T03:15:00+00:00,1611.92
2026-05-19T03:30:00+00:00,1631.76
2026-05-19T03:45:00+00:00,1596.0
2026-05-19T04:00:00+00:00,1602.04
2026-05-19T04:15:00+00:00,1607.64
2026-05-19T04:30:00+00:00,1610.64
2026-05-19T04:45:00+00:00,1615.76
2026-05-19T05:00:00+00:00,1605.56
2026-05-19T05:15:00+00:00,4227.04
2026-05-19T05:30:00+00:00,6817.36
2026-05-19T05:45:00+00:00,9275.92
2026-05-19T06:00:00+00:00,11431.52
2026-05-19T06:15:00+00:00,13462.24
2026-05-19T06:30:00+00:00,14757.44
2026-05-19T06:45:00+00:00,15970.52
2026-05-19T07:00:00+00:00,16692.44
2026-05-19T07:15:00+00:00,17142.68
2026-05-19T07:30:00+00:00,16915.76
2026-05-19T07:45:00+00:00,16352.4
2026-05-19T08:00:00+00:00,18178.2
2026-05-19T08:15:00+00:00,16739.92
2026-05-19T08:30:00+00:00,14769.28
2026-05-19T08:45:00+00:00,12501.56
2026-05-19T09:00:00+00:00,10120.6
2026-05-19T09:15:00+00:00,9411.24
2026-05-19T09:30:00+00:00,8516.92
2026-05-19T09:45:00+00:00,7615.92
2026-05-19T10:00:00+00:00,6620.76
2026-05-19T10:15:00+00:00,5580.56
2026-05-19T10:30:00+00:00,4395.6
2026-05-19T10:45:00+00:00,3159.36
2026-05-19T11:00:00+00:00,1921.68
2026-05-19T11:15:00+00:00,1921.24
2026-05-19T11:30:00+00:00,1922.16
2026-05-19T11:45:00+00:00,1936.24
2026-05-19T12:00:00+00:00,1919.92
2026-05-19T12:15:00+00:00,1933.56
2026-05-19T12:30:00+00:00,1950.76
2026-05-19T12:45:00+00:00,1918.52
2026-05-19T13:00:00+00:00,1924.4
2026-05-19T13:15:00+00:00,3927.56
2026-05-19T13:30:00+00:00,5691.16
2026-05-19T13:45:00+00:00,7465.24
2026-05-19T14:00:00+00:00,8885.76
2026-05-19T14:15:00+00:00,10298.72
2026-05-19T14:30:00+00:00,11101.32
2026-05-19T14:45:00+00:00,11711.84
2026-05-19T15:00:00+00:00,11860.48
2026-05-19T15:15:00+00:00,11788.2
2026-05-19T15:30:00+00:00,11128.84
2026-05-19T15:45:00+00:00,10193.08
2026-05-19T16:00:00+00:00,8980.56
2026-05-19T16:15:00+00:00,7458.04
2026-05-19T16:30:00+00:00,5823.48
2026-05-19T16:45:00+00:00,3862.12
2026-05-19T17:00:00+00:00,1614.56
2026-05-19T17:15:00+00:00,2655.2
2026-05-19T17:30:00+00:00,3623.92
2026-05-19T17:45:00+00:00,4606.8
2026-05-19T18:00:00+00:00,5607.6
2026-05-19T18:15:00+00:00,6276.88
2026-05-19T18:30:00+00:00,7174.56
2026-05-19T18:45:00+00:00,7765.76
2026-05-19T19:00:00+00:00,8460.8
2026-05-19T19:15:00+00:00,8730.16
2026-05-19T19:30:00+00:00,9281.88
2026-05-19T19:45:00+00:00,9306.12
2026-05-19T20:00:00+00:00,9614.56
2026-05-19T20:15:00+00:00,9438.68
2026-05-19T20:30:00+00:00,9190.56
2026-05-19T20:45:00+00:00,8827.56
2026-05-19T21:00:00+00:00,8408.64
2026-05-19T21:15:00+00:00,9478.84
2026-05-19T21:30:00+00:00,10282.68
2026-05-19T21:45:00+00:00,11042.72
2026-05-19T22:00:00+00:00,11540.92
2026-05-19T22:15:00+00:00,11567.44
2026-05-19T22:30:00+00:00,11415.48
2026-05-19T22:45:00+00:00,10844.04
2026-05-19T23:00:00+00:00,9908.08
2026-05-19T23:15:00+00:00,9786.12
2026-05-19T23:30:00+00:00,9414.56
2026-05-19T23:45:00+00:00,8646.44
2026-05-20T00:00:00+00:00,7534.08
2026-05-20T00:15:00+00:00,6218.28
2026-05-20T00:30:00+00:00,4798.2
2026-05-20T00:45:00+00:00,3214.96
2026-05-20T01:00:00+00:00,1611.08
2026-05-20T01:15:00+00:00,1619.76
2026-05-20T01:30:00+00:00,1624.2
2026-05-20T01:45:00+00:00,1645.2
2026-05-20T02:00:00+00:00,1627.36
2026-05-20T02:15:00+00:00,1599.16
2026-05-20T02:30:00+00:00,1605.32
2026-05-20T02:45:00+00:00,1600.72
2026-05-20T03:00:00+00:00,1637.56
2026-05-20T03:15:00+00:00,1610.32
2026-05-20T03:30:00+00:00,1629.04
2026-05-20T03:45:00+00:00,1625.24
2026-05-20T04:00:00+00:00,1638.76
2026-05-20T04:15:00+00:00,1607.2
2026-05-20T04:30:00+00:00,1644.76
2026-05-20T04:45:00+00:00,1631.0
2026-05-20T05:00:00+00:00,1641.56
2026-05-20T05:15:00+00:00,4225.72
2026-05-20T05:30:00+00:00,6799.44
2026-05-20T05:45:00+00:00,9264.56
2026-05-20T06:00:00+00:00,11433.68
2026-05-20T06:15:00+00:00,13467.88
2026-05-20T06:30:00+00:00,14812.04
2026-05-20T06:45:00+00:00,16365.12
2026-05-20T07:00:00+00:00,16614.8
2026-05-20T07:15:00+00:00,17075.64
2026-05-20T07:30:00+00:00,16906.52
2026-05-20T07:45:00+00:00,16219.24
2026-05-20T08:00:00+00:00,18345.96
2026-05-20T08:15:00+00:00,16791.84
2026-05-20T08:30:00+00:00,14768.16
2026-05-20T08:45:00+00:00,12621.08
2026-05-20T09:00:00+00:00,10218.64
2026-05-20T09:15:00+00:00,9280.2
2026-05-20T09:30:00+00:00,8596.64
2026-05-20T09:45:00+00:00,7645.56
2026-05-20T10:00:00+00:00,6634.68
2026-05-20T10:15:00+00:00,5484.8
2026-05-20T10:30:00+00:00,4353.6
2026-05-20T10:45:00+00:00,3128.92
2026-05-20T11:00:00+00:00,1933.36
2026-05-20T11:15:00+00:00,1926.08
2026-05-20T11:30:00+00:00,1918.36
2026-05-20T11:45:00+00:00,1948.52
2026-05-20T12:00:00+00:00,1938.24
2026-05-20T12:15:00+00:00,1913.12
2026-05-20T12:30:00+00:00,1937.64
2026-05-20T12:45:00+00:00,1922.8
2026-05-20T13:00:00+00:00,1929.44
2026-05-20T13:15:00+00:00,3821.16
2026-05-20T13:30:00+00:00,5661.04
2026-05-20T13:45:00+00:00,7454.68
2026-05-20T14:00:00+00:00,8966.72
2026-05-20T14:15:00+00:00,10115.12
2026-05-20T14:30:00+00:00,11167.32
2026-05-20T14:45:00+00:00,11753.88
2026-05-20T15:00:00+00:00,11804.0
2026-05-20T15:15:00+00:00,11543.8
2026-05-20T15:30:00+00:00,10995.44
2026-05-20T15:45:00+00:00,10117.64
2026-05-20T16:00:00+00:00,8887.0
2026-05-20T16:15:00+00:00,7538.52
2026-05-20T16:30:00+00:00,5744.88
2026-05-20T16:45:00+00:00,3925.76
2026-05-20T17:00:00+00:00,1618.4
2026-05-20T17:15:00+00:00,2638.72
2026-05-20T17:30:00+00:00,3641.92
2026-05-20T17:45:00+00:00,4563.0
2026-05-20T18:00:00+00:00,5607.72
2026-05-20T18:15:00+00:00,6303.28
2026-05-20T18:30:00+00:00,7138.36
2026-05-20T18:45:00+00:00,7801.96
2026-05-20T19:00:00+00:00,8440.04
2026-05-20T19:15:00+00:00,8894.6
2026-05-20T19:30:00+00:00,9071.92
2026-05-20T19:45:00+00:00,9384.8
2026-05-20T20:00:00+00:00,9552.6
2026-05-20T20:15:00+00:00,9406.12
2026-05-20T20:30:00+00:00,8993.96
2026-05-20T20:45:00+00:00,8873.56
2026-05-20T21:00:00+00:00,8376.88
2026-05-20T21:15:00+00:00,9582.32
2026-05-20T21:30:00+00:00,10394.32
2026-05-20T21:45:00+00:00,11057.56
2026-05-20T22:00:00+00:00,11533.56
2026-05-20T22:15:00+00:00,11604.96
2026-05-20T22:30:00+00:00,11326.04
2026-05-20T22:45:00+00:00,10887.92
2026-05-20T23:00:00+00:00,9837.96
2026-05-20T23:15:00+00:00,9710.64
2026-05-20T23:30:00+00:00,9318.88
2026-05-20T23:45:00+00:00,8578.2
2026-05-21T00:00:00+00:00,7453.6
2026-05-21T00:15:00+00:00,6181.8
2026-05-21T00:30:00+00:00,4818.68
2026-05-21T00:45:00+00:00,3254.44
2026-05-21T01:00:00+00:00,1610.84
2026-05-21T01:15:00+00:00,1633.96
2026-05-21T01:30:00+00:00,1627.96
2026-05-21T01:45:00+00:00,1649.12
2026-05-21T02:00:00+00:00,1646.6
2026-05-21T02:15:00+00:00,1622.4
2026-05-21T02:30:00+00:00,1635.44
2026-05-21T02:45:00+00:00,1612.64
2026-05-21T03:00:00+00:00,1619.2
2026-05-21T03:15:00+00:00,1619.12
2026-05-21T03:30:00+00:00,1635.0
2026-05-21T03:45:00+00:00,1632.24
2026-05-21T04:00:00+00:00,1629.88
2026-05-21T04:15:00+00:00,1635.6
2026-05-21T04:30:00+00:00,1603.0
2026-05-21T04:45:00+00:00,1613.0
2026-05-21T05:00:00+00:00,1604.84
2026-05-21T05:15:00+00:00,4237.28
2026-05-21T05:30:00+00:00,6917.28
2026-05-21T05:45:00+00:00,9191.76
2026-05-21T06:00:00+00:00,11462.0
2026-05-21T06:15:00+00:00,13468.88
2026-05-21T06:30:00+00:00,15157.72
2026-05-21T06:45:00+00:00,15873.88
2026-05-21T07:00:00+00:00,16575.76
2026-05-21T07:15:00+00:00,16982.16
2026-05-21T07:30:00+00:00,17164.56
2026-05-21T07:45:00+00:00,16245.72
2026-05-21T08:00:00+00:00,18182.4
2026-05-21T08:15:00+00:00,16631.32
2026-05-21T08:30:00+00:00,14537.44
2026-05-21T08:45:00+00:00,12516.8
2026-05-21T09:00:00+00:00,10028.6
2026-05-21T09:15:00+00:00,9391.52
2026-05-21T09:30:00+00:00,8523.68
2026-05-21T09:45:00+00:00,7533.04
2026-05-21T10:00:00+00:00,6653.12
2026-05-21T10:15:00+00:00,5491.44
2026-05-21T10:30:00+00:00,4329.24
2026-05-21T10:45:00+00:00,3158.08
2026-05-21T11:00:00+00:00,1935.0
2026-05-21T11:15:00+00:00,1916.04
2026-05-21T11:30:00+00:00,1922.84
2026-05-21T11:45:00+00:00,1939.8
2026-05-21T12:00:00+00:00,1950.28
2026-05-21T12:15:00+00:00,1916.2
2026-05-21T12:30:00+00:00,1924.6
2026-05-21T12:45:00+00:00,1940.16
2026-05-21T13:00:00+00:00,1898.2
2026-05-21T13:15:00+00:00,3852.32
2026-05-21T13:30:00+00:00,5727.68
2026-05-21T13:45:00+00:00,7435.92
2026-05-21T14:00:00+00:00,9003.68
2026-05-21T14:15:00+00:00,10141.56
2026-05-21T14:30:00+00:00,11077.2
2026-05-21T14:45:00+00:00,11631.52
2026-05-21T15:00:00+00:00,11966.28
2026-05-21T15:15:00+00:00,11717.52
2026-05-21T15:30:00+00:00,11082.64
2026-05-21T15:45:00+00:00,10225.76
2026-05-21T16:00:00+00:00,8812.24
2026-05-21T16:15:00+00:00,7346.76
2026-05-21T16:30:00+00:00,5779.92
2026-05-21T16:45:00+00:00,3860.6
2026-05-21T17:00:00+00:00,1621.0
2026-05-21T17:15:00+00:00,2665.4
2026-05-21T17:30:00+00:00,3678.2
2026-05-21T17:45:00+00:00,4565.96
2026-05-21T18:00:00+00:00,5594.4
2026-05-21T18:15:00+00:00,6283.84
2026-05-21T18:30:00+00:00,7183.8
2026-05-21T18:45:00+00:00,7887.56
2026-05-21T19:00:00+00:00,8457.52
2026-05-21T19:15:00+00:00,9001.92
2026-05-21T19:30:00+00:00,9228.32
2026-05-21T19:45:00+00:00,9481.32
2026-05-21T20:00:00+00:00,9415.44
2026-05-21T20:15:00+00:00,9345.96
2026-05-21T20:30:00+00:00,9247.04
2026-05-21T20:45:00+00:00,8818.08
2026-05-21T21:00:00+00:00,8454.8
2026-05-21T21:15:00+00:00,9624.4
2026-05-21T21:30:00+00:00,10492.96
2026-05-21T21:45:00+00:00,10971.52
2026-05-21T22:00:00+00:00,11466.4
2026-05-21T22:15:00+00:00,11820.4
2026-05-21T22:30:00+00:00,11343.68
2026-05-21T22:45:00+00:00,10825.52
2026-05-21T23:00:00+00:00,9945.72
2026-05-21T23:15:00+00:00,9778.4
2026-05-21T23:30:00+00:00,9447.8
2026-05-21T23:45:00+00:00,8624.96
2026-05-22T00:00:00+00:00,7500.28
2026-05-22T00:15:00+00:00,6199.04
2026-05-22T00:30:00+00:00,4803.56
2026-05-22T00:45:00+00:00,3281.2
2026-05-22T01:00:00+00:00,1611.64
2026-05-22T01:15:00+00:00,1592.68
2026-05-22T01:30:00+00:00,1616.2
2026-05-22T01:45:00+00:00,1630.48
2026-05-22T02:00:00+00:00,1622.84
2026-05-22T02:15:00+00:00,1635.72
2026-05-22T02:30:00+00:00,1616.96
2026-05-22T02:45:00+00:00,1600.72
2026-05-22T03:00:00+00:00,1589.52
2026-05-22T03:15:00+00:00,1611.6
2026-05-22T03:30:00+00:00,1619.36
2026-05-22T03:45:00+00:00,1612.52
2026-05-22T04:00:00+00:00,1621.64
2026-05-22T04:15:00+00:00,1614.6
2026-05-22T04:30:00+00:00,1643.68
2026-05-22T04:45:00+00:00,1613.04
2026-05-22T05:00:00+00:00,1618.4
2026-05-22T05:15:00+00:00,4270.48
2026-05-22T05:30:00+00:00,6895.2
2026-05-22T05:45:00+00:00,9208.6
2026-05-22T06:00:00+00:00,11411.48
2026-05-22T06:15:00+00:00,13376.6
2026-05-22T06:30:00+00:00,14833.08
2026-05-22T06:45:00+00:00,16392.16
2026-05-22T07:00:00+00:00,16895.08
2026-05-22T07:15:00+00:00,17127.12
2026-05-22T07:30:00+00:00,16753.52
2026-05-22T07:45:00+00:00,16525.2
2026-05-22T08:00:00+00:00,18439.16
2026-05-22T08:15:00+00:00,16838.56
2026-05-22T08:30:00+00:00,14609.36
2026-05-22T08:45:00+00:00,12487.16
2026-05-22T09:00:00+00:00,10117.04
2026-05-22T09:15:00+00:00,9281.12
2026-05-22T09:30:00+00:00,8799.08
2026-05-22T09:45:00+00:00,7773.32
2026-05-22T10:00:00+00:00,6632.36
2026-05-22T10:15:00+00:00,5529.68
2026-05-22T10:30:00+00:00,4386.76
2026-05-22T10:45:00+00:00,3113.68
2026-05-22T11:00:00+00:00,1929.48
2026-05-22T11:15:00+00:00,1956.32
2026-05-22T11:30:00+00:00,1934.76
2026-05-22T11:45:00+00:00,1953.0
2026-05-22T12:00:00+00:00,1912.0
2026-05-22T12:15:00+00:00,1938.04
2026-05-22T12:30:00+00:00,1935.8
2026-05-22T12:45:00+00:00,1943.76
2026-05-22T13:00:00+00:00,1930.44
2026-05-22T13:15:00+00:00,3864.8
2026-05-22T13:30:00+00:00,5711.24
2026-05-22T13:45:00+00:00,7483.12
2026-05-22T14:00:00+00:00,9072.12
2026-05-22T14:15:00+00:00,10197.2
2026-05-22T14:30:00+00:00,11151.48
2026-05-22T14:45:00+00:00,11517.44
2026-05-22T15:00:00+00:00,11733.64
2026-05-22T15:15:00+00:00,11678.56
2026-05-22T15:30:00+00:00,11083.24
2026-05-22T15:45:00+00:00,10217.72
2026-05-22T16:00:00+00:00,8970.4
2026-05-22T16:15:00+00:00,7455.56
2026-05-22T16:30:00+00:00,5671.72
2026-05-22T16:45:00+00:00,3885.04
2026-05-22T17:00:00+00:00,1633.28
2026-05-22T17:15:00+00:00,2613.24
2026-05-22T17:30:00+00:00,3640.88
2026-05-22T17:45:00+00:00,4609.08
2026-05-22T18:00:00+00:00,5566.96
2026-05-22T18:15:00+00:00,6493.88
2026-05-22T18:30:00+00:00,7148.48
2026-05-22T18:45:00+00:00,7890.16
2026-05-22T19:00:00+00:00,8358.4
2026-05-22T19:15:00+00:00,8838.0
2026-05-22T19:30:00+00:00,9325.56
2026-05-22T19:45:00+00:00,9365.28
2026-05-22T20:00:00+00:00,9486.44
2026-05-22T20:15:00+00:00,9522.72
2026-05-22T20:30:00+00:00,9171.16
2026-05-22T20:45:00+00:00,8904.08
2026-05-22T21:00:00+00:00,8422.84
2026-05-22T21:15:00+00:00,9470.92
2026-05-22T21:30:00+00:00,10257.72
2026-05-22T21:45:00+00:00,11177.8
2026-05-22T22:00:00+00:00,11537.48
2026-05-22T22:15:00+00:00,11261.28
2026-05-22T22:30:00+00:00,11470.96
2026-05-22T22:45:00+00:00,10854.08
2026-05-22T23:00:00+00:00,10080.0
2026-05-22T23:15:00+00:00,9687.48
2026-05-22T23:30:00+00:00,9397.88
2026-05-22T23:45:00+00:00,8521.28
2026-05-23T00:00:00+00:00,7439.52
2026-05-23T00:15:00+00:00,6208.4
2026-05-23T00:30:00+00:00,4809.04
2026-05-23T00:45:00+00:00,3197.72
2026-05-23T01:00:00+00:00,1588.36
2026-05-23T01:15:00+00:00,1630.52
2026-05-23T01:30:00+00:00,1624.76
2026-05-23T01:45:00+00:00,1613.64
2026-05-23T02:00:00+00:00,1603.0
2026-05-23T02:15:00+00:00,1616.64
2026-05-23T02:30:00+00:00,1611.92
2026-05-23T02:45:00+00:00,1613.6
2026-05-23T03:00:00+00:00,1621.52
2026-05-23T03:15:00+00:00,1628.88
2026-05-23T03:30:00+00:00,1609.92
2026-05-23T03:45:00+00:00,1603.16
2026-05-23T04:00:00+00:00,1609.56
2026-05-23T04:15:00+00:00,1616.4
2026-05-23T04:30:00+00:00,1628.16
2026-05-23T04:45:00+00:00,1624.96
2026-05-23T05:00:00+00:00,1631.28
2026-05-23T05:15:00+00:00,4282.88
2026-05-23T05:30:00+00:00,6818.68
2026-05-23T05:45:00+00:00,9129.88
2026-05-23T06:00:00+00:00,11333.24
2026-05-23T06:15:00+00:00,13267.8
2026-05-23T06:30:00+00:00,14859.76
2026-05-23T06:45:00+00:00,16071.8
2026-05-23T07:00:00+00:00,16936.92
2026-05-23T07:15:00+00:00,17233.36
2026-05-23T07:30:00+00:00,16553.16
2026-05-23T07:45:00+00:00,16551.16
2026-05-23T08:00:00+00:00,15548.84
2026-05-23T08:15:00+00:00,14036.32
2026-05-23T08:30:00+00:00,12393.2
2026-05-23T08:45:00+00:00,10482.24
2026-05-23T09:00:00+00:00,8415.72
2026-05-23T09:15:00+00:00,7840.36
2026-05-23T09:30:00+00:00,7177.28
2026-05-23T09:45:00+00:00,6430.2
2026-05-23T10:00:00+00:00,5449.6
2026-05-23T10:15:00+00:00,4580.8
2026-05-23T10:30:00+00:00,3658.0
2026-05-23T10:45:00+00:00,2644.04
2026-05-23T11:00:00+00:00,1614.0
2026-05-23T11:15:00+00:00,1637.4
2026-05-23T11:30:00+00:00,1634.28
2026-05-23T11:45:00+00:00,1603.6
2026-05-23T12:00:00+00:00,1647.88
2026-05-23T12:15:00+00:00,1610.96
2026-05-23T12:30:00+00:00,1639.08
2026-05-23T12:45:00+00:00,1637.64
2026-05-23T13:00:00+00:00,1630.76
2026-05-23T13:15:00+00:00,3226.36
2026-05-23T13:30:00+00:00,4788.24
2026-05-23T13:45:00+00:00,6293.04
2026-05-23T14:00:00+00:00,7443.12
2026-05-23T14:15:00+00:00,8449.88
2026-05-23T14:30:00+00:00,9298.32
2026-05-23T14:45:00+00:00,9787.12
2026-05-23T15:00:00+00:00,9877.36
2026-05-23T15:15:00+00:00,9756.96
2026-05-23T15:30:00+00:00,9365.44
2026-05-23T15:45:00+00:00,8438.04
2026-05-23T16:00:00+00:00,7575.2
2026-05-23T16:15:00+00:00,6159.0
2026-05-23T16:30:00+00:00,4837.6
2026-05-23T16:45:00+00:00,3211.28
2026-05-23T17:00:00+00:00,1625.88
2026-05-23T17:15:00+00:00,2633.24
2026-05-23T17:30:00+00:00,3664.28
2026-05-23T17:45:00+00:00,4664.32
2026-05-23T18:00:00+00:00,5474.72
2026-05-23T18:15:00+00:00,6302.72
2026-05-23T18:30:00+00:00,7182.84
2026-05-23T18:45:00+00:00,7960.68
2026-05-23T19:00:00+00:00,8393.08
2026-05-23T19:15:00+00:00,8849.68
2026-05-23T19:30:00+00:00,9319.44
2026-05-23T19:45:00+00:00,9345.84
2026-05-23T20:00:00+00:00,9511.16
2026-05-23T20:15:00+00:00,9449.88
2026-05-23T20:30:00+00:00,9231.72
2026-05-23T20:45:00+00:00,8841.84
2026-05-23T21:00:00+00:00,8274.2
2026-05-23T21:15:00+00:00,9481.6
2026-05-23T21:30:00+00:00,10338.92
2026-05-23T21:45:00+00:00,10938.52
2026-05-23T22:00:00+00:00,11194.76
2026-05-23T22:15:00+00:00,11534.2
2026-05-23T22:30:00+00:00,11373.04
2026-05-23T22:45:00+00:00,10817.72
2026-05-23T23:00:00+00:00,9911.48
2026-05-23T23:15:00+00:00,9762.44
2026-05-23T23:30:00+00:00,9301.52
2026-05-23T23:45:00+00:00,8376.04
2026-05-24T00:00:00+00:00,7479.12
2026-05-24T00:15:00+00:00,6314.08
2026-05-24T00:30:00+00:00,4747.28
2026-05-24T00:45:00+00:00,3239.88
2026-05-24T01:00:00+00:00,1622.24
2026-05-24T01:15:00+00:00,1611.24
2026-05-24T01:30:00+00:00,1627.72
2026-05-24T01:45:00+00:00,1633.76
2026-05-24T02:00:00+00:00,1589.72
2026-05-24T02:15:00+00:00,1623.92
2026-05-24T02:30:00+00:00,1638.88
2026-05-24T02:45:00+00:00,1604.68
2026-05-24T03:00:00+00:00,1612.76
2026-05-24T03:15:00+00:00,1614.72
2026-05-24T03:30:00+00:00,1604.2
2026-05-24T03:45:00+00:00,1593.0
2026-05-24T04:00:00+00:00,1619.76
2026-05-24T04:15:00+00:00,1616.08
2026-05-24T04:30:00+00:00,1613.6
2026-05-24T04:45:00+00:00,1602.8
2026-05-24T05:00:00+00:00,1627.32
2026-05-24T05:15:00+00:00,4207.44
2026-05-24T05:30:00+00:00,6941.76
2026-05-24T05:45:00+00:00,9239.12
2026-05-24T06:00:00+00:00,11441.16
2026-05-24T06:15:00+00:00,13296.84
2026-05-24T06:30:00+00:00,14884.12
2026-05-24T06:45:00+00:00,16241.16
2026-05-24T07:00:00+00:00,16685.04
2026-05-24T07:15:00+00:00,16928.08
2026-05-24T07:30:00+00:00,16749.64
2026-05-24T07:45:00+00:00,16456.2
2026-05-24T08:00:00+00:00,15352.56
2026-05-24T08:15:00+00:00,14140.12
2026-05-24T08:30:00+00:00,12127.6
2026-05-24T08:45:00+00:00,10379.08
2026-05-24T09:00:00+00:00,8408.52
2026-05-24T09:15:00+00:00,7831.0
2026-05-24T09:30:00+00:00,7221.6
2026-05-24T09:45:00+00:00,6473.0
2026-05-24T10:00:00+00:00,5637.36
2026-05-24T10:15:00+00:00,4573.92
2026-05-24T10:30:00+00:00,3726.08
2026-05-24T10:45:00+00:00,2675.36
2026-05-24T11:00:00+00:00,1627.4
2026-05-24T11:15:00+00:00,1592.28
2026-05-24T11:30:00+00:00,1627.44
2026-05-24T11:45:00+00:00,1615.96
2026-05-24T12:00:00+00:00,1624.64
2026-05-24T12:15:00+00:00,1619.08
2026-05-24T12:30:00+00:00,1621.08
2026-05-24T12:45:00+00:00,1629.8
2026-05-24T13:00:00+00:00,1594.28
2026-05-24T13:15:00+00:00,3212.28
2026-05-24T13:30:00+00:00,4820.16
2026-05-24T13:45:00+00:00,6272.84
2026-05-24T14:00:00+00:00,7581.52
2026-05-24T14:15:00+00:00,8415.48
2026-05-24T14:30:00+00:00,9161.44
2026-05-24T14:45:00+00:00,9842.08
2026-05-24T15:00:00+00:00,9869.8
2026-05-24T15:15:00+00:00,9732.84
2026-05-24T15:30:00+00:00,9333.08
2026-05-24T15:45:00+00:00,8554.68
2026-05-24T16:00:00+00:00,7531.28
2026-05-24T16:15:00+00:00,6220.0
2026-05-24T16:30:00+00:00,4787.0
2026-05-24T16:45:00+00:00,3238.56
2026-05-24T17:00:00+00:00,1628.44
2026-05-24T17:15:00+00:00,2644.72
2026-05-24T17:30:00+00:00,3679.56
2026-05-24T17:45:00+00:00,4658.92
2026-05-24T18:00:00+00:00,5537.64
2026-05-24T18:15:00+00:00,6391.36
2026-05-24T18:30:00+00:00,7259.04
2026-05-24T18:45:00+00:00,7926.4
2026-05-24T19:00:00+00:00,8341.8
2026-05-24T19:15:00+00:00,8831.96
2026-05-24T19:30:00+00:00,9252.44
2026-05-24T19:45:00+00:00,9264.44
2026-05-24T20:00:00+00:00,9335.08
2026-05-24T20:15:00+00:00,9383.52
2026-05-24T20:30:00+00:00,9184.32
2026-05-24T20:45:00+00:00,8876.24
2026-05-24T21:00:00+00:00,8455.48
2026-05-24T21:15:00+00:00,9472.08
2026-05-24T21:30:00+00:00,10164.76
2026-05-24T21:45:00+00:00,11056.84
2026-05-24T22:00:00+00:00,11271.4
2026-05-24T22:15:00+00:00,11700.88
2026-05-24T22:30:00+00:00,11231.0
2026-05-24T22:45:00+00:00,10931.56
2026-05-24T23:00:00+00:00,10071.96
2026-05-24T23:15:00+00:00,9811.76
2026-05-24T23:30:00+00:00,9379.08
2026-05-24T23:45:00+00:00,8568.72
2026-05-25T00:00:00+00:00,7544.92
2026-05-25T00:15:00+00:00,6237.96
2026-05-25T00:30:00+00:00,4869.56
2026-05-25T00:45:00+00:00,3205.44
2026-05-25T01:00:00+00:00,1596.88
2026-05-25T01:15:00+00:00,1628.8
2026-05-25T01:30:00+00:00,1613.16
2026-05-25T01:45:00+00:00,1601.8
2026-05-25T02:00:00+00:00,1645.12
2026-05-25T02:15:00+00:00,1605.36
2026-05-25T02:30:00+00:00,1624.4
2026-05-25T02:45:00+00:00,1611.08
2026-05-25T03:00:00+00:00,1630.76
2026-05-25T03:15:00+00:00,1639.72
2026-05-25T03:30:00+00:00,1610.68
2026-05-25T03:45:00+00:00,1610.68
2026-05-25T04:00:00+00:00,1650.16
2026-05-25T04:15:00+00:00,1645.72
2026-05-25T04:30:00+00:00,1612.96
2026-05-25T04:45:00+00:00,1625.64
2026-05-25T05:00:00+00:00,1635.12
2026-05-25T05:15:00+00:00,4323.4
2026-05-25T05:30:00+00:00,6949.96
2026-05-25T05:45:00+00:00,9397.68
2026-05-25T06:00:00+00:00,11344.48
2026-05-25T06:15:00+00:00,13311.56
2026-05-25T06:30:00+00:00,14995.84
2026-05-25T06:45:00+00:00,15878.76
2026-05-25T07:00:00+00:00,16714.92
2026-05-25T07:15:00+00:00,16820.28
2026-05-25T07:30:00+00:00,17030.28
2026-05-25T07:45:00+00:00,16236.84
2026-05-25T08:00:00+00:00,18216.72
2026-05-25T08:15:00+00:00,16812.56
2026-05-25T08:30:00+00:00,14528.24
2026-05-25T08:45:00+00:00,12752.28
2026-05-25T09:00:00+00:00,10056.4
2026-05-25T09:15:00+00:00,9413.56
2026-05-25T09:30:00+00:00,8573.24
2026-05-25T09:45:00+00:00,7611.28
2026-05-25T10:00:00+00:00,6642.88
2026-05-25T10:15:00+00:00,5477.28
2026-05-25T10:30:00+00:00,4352.12
2026-05-25T10:45:00+00:00,3168.04
2026-05-25T11:00:00+00:00,1927.0
2026-05-25T11:15:00+00:00,1933.16
2026-05-25T11:30:00+00:00,1918.4
2026-05-25T11:45:00+00:00,1926.84
2026-05-25T12:00:00+00:00,1947.24
2026-05-25T12:15:00+00:00,1946.32
2026-05-25T12:30:00+00:00,1941.6
2026-05-25T12:45:00+00:00,1934.88
2026-05-25T13:00:00+00:00,1938.96
2026-05-25T13:15:00+00:00,3834.96
2026-05-25T13:30:00+00:00,5833.84
2026-05-25T13:45:00+00:00,7401.2
2026-05-25T14:00:00+00:00,8840.24
2026-05-25T14:15:00+00:00,10263.92
2026-05-25T14:30:00+00:00,11119.6
2026-05-25T14:45:00+00:00,11628.56
2026-05-25T15:00:00+00:00,11653.8
2026-05-25T15:15:00+00:00,11691.32
2026-05-25T15:30:00+00:00,11122.88
2026-05-25T15:45:00+00:00,10077.72
2026-05-25T16:00:00+00:00,9055.68
2026-05-25T16:15:00+00:00,7395.44
2026-05-25T16:30:00+00:00,5690.6
2026-05-25T16:45:00+00:00,3837.16
2026-05-25T17:00:00+00:00,1622.32
2026-05-25T17:15:00+00:00,2634.72
2026-05-25T17:30:00+00:00,3624.2
2026-05-25T17:45:00+00:00,4708.64
2026-05-25T18:00:00+00:00,5609.56
2026-05-25T18:15:00+00:00,6528.6
2026-05-25T18:30:00+00:00,7146.4
2026-05-25T18:45:00+00:00,7877.24
2026-05-25T19:00:00+00:00,8381.2
2026-05-25T19:15:00+00:00,8837.92
2026-05-25T19:30:00+00:00,9239.8
2026-05-25T19:45:00+00:00,9558.44
2026-05-25T20:00:00+00:00,9445.92
2026-05-25T20:15:00+00:00,9388.76
2026-05-25T20:30:00+00:00,9005.36
2026-05-25T20:45:00+00:00,8920.72
2026-05-25T21:00:00+00:00,8446.88
2026-05-25T21:15:00+00:00,9382.36
2026-05-25T21:30:00+00:00,10398.56
2026-05-25T21:45:00+00:00,10945.44
2026-05-25T22:00:00+00:00,11501.24
2026-05-25T22:15:00+00:00,11474.92
2026-05-25T22:30:00+00:00,11208.96
2026-05-25T22:45:00+00:00,10898.32
2026-05-25T23:00:00+00:00,10093.56
2026-05-25T23:15:00+00:00,9991.12
2026-05-25T23:30:00+00:00,9258.4
2026-05-25T23:45:00+00:00,8498.44
2026-05-26T00:00:00+00:00,7495.2
2026-05-26T00:15:00+00:00,6227.04
2026-05-26T00:30:00+00:00,4821.92
2026-05-26T00:45:00+00:00,3222.48
2026-05-26T01:00:00+00:00,1632.0
2026-05-26T01:15:00+00:00,1630.32
2026-05-26T01:30:00+00:00,1629.04
2026-05-26T01:45:00+00:00,1624.64
2026-05-26T02:00:00+00:00,1613.76
2026-05-26T02:15:00+00:00,1607.84
2026-05-26T02:30:00+00:00,1636.24
2026-05-26T02:45:00+00:00,1607.28
2026-05-26T03:00:00+00:00,1626.28
2026-05-26T03:15:00+00:00,1610.16
2026-05-26T03:30:00+00:00,1629.2
2026-05-26T03:45:00+00:00,1583.6
2026-05-26T04:00:00+00:00,1623.96
2026-05-26T04:15:00+00:00,1631.08
2026-05-26T04:30:00+00:00,1623.68
2026-05-26T04:45:00+00:00,1615.68
2026-05-26T05:00:00+00:00,1622.08
2026-05-26T05:15:00+00:00,4285.32
2026-05-26T05:30:00+00:00,6861.08
2026-05-26T05:45:00+00:00,9245.64
2026-05-26T06:00:00+00:00,11554.92
2026-05-26T06:15:00+00:00,13452.48
2026-05-26T06:30:00+00:00,15113.88
2026-05-26T06:45:00+00:00,16021.8
2026-05-26T07:00:00+00:00,16383.04
2026-05-26T07:15:00+00:00,16815.96
2026-05-26T07:30:00+00:00,16852.44
2026-05-26T07:45:00+00:00,16304.24
2026-05-26T08:00:00+00:00,18260.4
2026-05-26T08:15:00+00:00,16555.56
2026-05-26T08:30:00+00:00,14734.52
2026-05-26T08:45:00+00:00,12658.16
2026-05-26T09:00:00+00:00,10082.04
2026-05-26T09:15:00+00:00,9477.64
2026-05-26T09:30:00+00:00,8560.88
2026-05-26T09:45:00+00:00,7581.0
2026-05-26T10:00:00+00:00,6589.4
2026-05-26T10:15:00+00:00,5554.36
2026-05-26T10:30:00+00:00,4357.12
2026-05-26T10:45:00+00:00,3165.72
2026-05-26T11:00:00+00:00,1947.44
2026-05-26T11:15:00+00:00,1928.08
2026-05-26T11:30:00+00:00,1951.56
2026-05-26T11:45:00+00:00,1908.84
2026-05-26T12:00:00+00:00,1931.8
2026-05-26T12:15:00+00:00,1904.88
2026-05-26T12:30:00+00:00,1919.76
2026-05-26T12:45:00+00:00,1906.76
2026-05-26T13:00:00+00:00,1939.12
2026-05-26T13:15:00+00:00,3842.72
2026-05-26T13:30:00+00:00,5685.56
2026-05-26T13:45:00+00:00,7388.72
2026-05-26T14:00:00+00:00,8978.88
2026-05-26T14:15:00+00:00,10208.36
2026-05-26T14:30:00+00:00,11140.6
2026-05-26T14:45:00+00:00,11638.12
2026-05-26T15:00:00+00:00,11863.24
2026-05-26T15:15:00+00:00,11604.04
2026-05-26T15:30:00+00:00,11141.8
2026-05-26T15:45:00+00:00,10055.56
2026-05-26T16:00:00+00:00,8948.84
2026-05-26T16:15:00+00:00,7456.84
2026-05-26T16:30:00+00:00,5714.4
2026-05-26T16:45:00+00:00,3909.68
2026-05-26T17:00:00+00:00,1607.0
2026-05-26T17:15:00+00:00,2667.16
2026-05-26T17:30:00+00:00,3610.32
2026-05-26T17:45:00+00:00,4665.28
2026-05-26T18:00:00+00:00,5576.88
2026-05-26T18:15:00+00:00,6401.6
2026-05-26T18:30:00+00:00,7185.48
2026-05-26T18:45:00+00:00,7908.36
2026-05-26T19:00:00+00:00,8479.76
2026-05-26T19:15:00+00:00,8945.12
2026-05-26T19:30:00+00:00,9378.2
2026-05-26T19:45:00+00:00,9441.64
2026-05-26T20:00:00+00:00,9443.6
2026-05-26T20:15:00+00:00,9449.76
2026-05-26T20:30:00+00:00,9107.8
2026-05-26T20:45:00+00:00,8926.6
2026-05-26T21:00:00+00:00,8400.32
2026-05-26T21:15:00+00:00,9382.16
2026-05-26T21:30:00+00:00,10481.04
2026-05-26T21:45:00+00:00,11013.32
2026-05-26T22:00:00+00:00,11249.24
2026-05-26T22:15:00+00:00,11481.2
2026-05-26T22:30:00+00:00,11299.0
2026-05-26T22:45:00+00:00,10844.08
2026-05-26T23:00:00+00:00,9805.96
2026-05-26T23:15:00+00:00,9920.72
2026-05-26T23:30:00+00:00,9280.88
2026-05-26T23:45:00+00:00,8642.16
2026-05-27T00:00:00+00:00,7473.84
2026-05-27T00:15:00+00:00,6161.72
2026-05-27T00:30:00+00:00,4781.48
2026-05-27T00:45:00+00:00,3229.96
2026-05-27T01:00:00+00:00,1584.16
2026-05-27T01:15:00+00:00,1633.04
2026-05-27T01:30:00+00:00,1608.56
2026-05-27T01:45:00+00:00,1632.56
2026-05-27T02:00:00+00:00,1601.24
2026-05-27T02:15:00+00:00,1628.0
2026-05-27T02:30:00+00:00,1622.8
2026-05-27T02:45:00+00:00,1632.28
2026-05-27T03:00:00+00:00,1616.72
2026-05-27T03:15:00+00:00,1629.92
2026-05-27T03:30:00+00:00,1647.6
2026-05-27T03:45:00+00:00,1636.56
2026-05-27T04:00:00+00:00,1619.08
2026-05-27T04:15:00+00:00,1620.24
2026-05-27T04:30:00+00:00,1596.56
2026-05-27T04:45:00+00:00,1622.96
2026-05-27T05:00:00+00:00,1618.12
2026-05-27T05:15:00+00:00,4316.24
2026-05-27T05:30:00+00:00,6772.32
2026-05-27T05:45:00+00:00,9321.44
2026-05-27T06:00:00+00:00,11405.0
2026-05-27T06:15:00+00:00,13302.4
2026-05-27T06:30:00+00:00,14867.32
2026-05-27T06:45:00+00:00,16189.48
2026-05-27T07:00:00+00:00,16718.0
2026-05-27T07:15:00+00:00,17148.16
2026-05-27T07:30:00+00:00,16854.2
2026-05-27T07:45:00+00:00,16366.2
2026-05-27T08:00:00+00:00,18131.44
2026-05-27T08:15:00+00:00,16956.88
2026-05-27T08:30:00+00:00,14881.76
2026-05-27T08:45:00+00:00,12621.32
2026-05-27T09:00:00+00:00,10131.56
2026-05-27T09:15:00+00:00,9441.44
2026-05-27T09:30:00+00:00,8624.12
2026-05-27T09:45:00+00:00,7631.72
2026-05-27T10:00:00+00:00,6660.56
2026-05-27T10:15:00+00:00,5431.96
2026-05-27T10:30:00+00:00,4320.56
2026-05-27T10:45:00+00:00,3138.92
2026-05-27T11:00:00+00:00,1931.68
2026-05-27T11:15:00+00:00,1930.12
2026-05-27T11:30:00+00:00,1941.08
2026-05-27T11:45:00+00:00,1922.08
2026-05-27T12:00:00+00:00,1909.36
2026-05-27T12:15:00+00:00,1901.92
2026-05-27T12:30:00+00:00,1958.36
2026-05-27T12:45:00+00:00,1909.72
2026-05-27T13:00:00+00:00,1933.0
2026-05-27T13:15:00+00:00,3857.04
2026-05-27T13:30:00+00:00,5592.04
2026-05-27T13:45:00+00:00,7445.92
2026-05-27T14:00:00+00:00,8950.96
2026-05-27T14:15:00+00:00,10073.4
2026-05-27T14:30:00+00:00,11098.36
2026-05-27T14:45:00+00:00,11754.68
2026-05-27T15:00:00+00:00,11750.36
2026-05-27T15:15:00+00:00,11735.8
2026-05-27T15:30:00+00:00,10929.04
2026-05-27T15:45:00+00:00,10303.12
2026-05-27T16:00:00+00:00,8879.0
2026-05-27T16:15:00+00:00,7395.44
2026-05-27T16:30:00+00:00,5634.84
2026-05-27T16:45:00+00:00,3867.0
2026-05-27T17:00:00+00:00,1631.36
2026-05-27T17:15:00+00:00,2658.16
2026-05-27T17:30:00+00:00,3715.24
2026-05-27T17:45:00+00:00,4571.64
2026-05-27T18:00:00+00:00,5603.12
2026-05-27T18:15:00+00:00,6425.52
2026-05-27T18:30:00+00:00,7197.44
2026-05-27T18:45:00+00:00,7853.36
2026-05-27T19:00:00+00:00,8414.64
2026-05-27T19:15:00+00:00,8870.2
2026-05-27T19:30:00+00:00,9246.36
2026-05-27T19:45:00+00:00,9441.32
2026-05-27T20:00:00+00:00,9463.96
2026-05-27T20:15:00+00:00,9440.16
2026-05-27T20:30:00+00:00,9231.4
2026-05-27T20:45:00+00:00,8794.8
2026-05-27T21:00:00+00:00,8468.36
2026-05-27T21:15:00+00:00,9512.0
2026-05-27T21:30:00+00:00,10432.6
2026-05-27T21:45:00+00:00,11049.6
2026-05-27T22:00:00+00:00,11503.96
2026-05-27T22:15:00+00:00,11539.92
2026-05-27T22:30:00+00:00,11426.72
2026-05-27T22:45:00+00:00,10896.08
2026-05-27T23:00:00+00:00,9887.64
2026-05-27T23:15:00+00:00,9863.24
2026-05-27T23:30:00+00:00,9286.64
2026-05-27T23:45:00+00:00,8595.04
2026-05-28T00:00:00+00:00,7556.08
2026-05-28T00:15:00+00:00,6134.92
2026-05-28T00:30:00+00:00,4789.96
2026-05-28T00:45:00+00:00,3258.2
2026-05-28T01:00:00+00:00,1596.24
2026-05-28T01:15:00+00:00,1615.76
2026-05-28T01:30:00+00:00,1622.8
2026-05-28T01:45:00+00:00,1603.24
2026-05-28T02:00:00+00:00,1618.92
2026-05-28T02:15:00+00:00,1607.68
2026-05-28T02:30:00+00:00,1615.48
2026-05-28T02:45:00+00:00,1586.4
2026-05-28T03:00:00+00:00,1633.48
2026-05-28T03:15:00+00:00,1614.0
2026-05-28T03:30:00+00:00,1617.0
2026-05-28T03:45:00+00:00,1622.52
2026-05-28T04:00:00+00:00,1642.92
2026-05-28T04:15:00+00:00,1615.36
2026-05-28T04:30:00+00:00,1635.28
2026-05-28T04:45:00+00:00,1617.28
2026-05-28T05:00:00+00:00,1622.2
2026-05-28T05:15:00+00:00,4263.64
2026-05-28T05:30:00+00:00,6810.44
2026-05-28T05:45:00+00:00,9218.72
2026-05-28T06:00:00+00:00,11375.4
2026-05-28T06:15:00+00:00,13195.28
2026-05-28T06:30:00+00:00,14645.08
2026-05-28T06:45:00+00:00,16231.36
2026-05-28T07:00:00+00:00,16677.12
2026-05-28T07:15:00+00:00,16971.28
2026-05-28T07:30:00+00:00,16943.32
2026-05-28T07:45:00+00:00,16395.8
2026-05-28T08:00:00+00:00,18317.12
2026-05-28T08:15:00+00:00,16950.2
2026-05-28T08:30:00+00:00,14792.96
2026-05-28T08:45:00+00:00,12496.52
2026-05-28T09:00:00+00:00,10074.28
2026-05-28T09:15:00+00:00,9318.44
2026-05-28T09:30:00+00:00,8434.84
2026-05-28T09:45:00+00:00,7648.12
2026-05-28T10:00:00+00:00,6567.6
2026-05-28T10:15:00+00:00,5413.68
2026-05-28T10:30:00+00:00,4385.84
2026-05-28T10:45:00+00:00,3125.64
2026-05-28T11:00:00+00:00,1917.36
2026-05-28T11:15:00+00:00,1934.36
2026-05-28T11:30:00+00:00,1963.04
2026-05-28T11:45:00+00:00,1906.48
2026-05-28T12:00:00+00:00,1943.04
2026-05-28T12:15:00+00:00,1923.16
2026-05-28T12:30:00+00:00,1902.0
2026-05-28T12:45:00+00:00,1934.36
2026-05-28T13:00:00+00:00,1936.12
2026-05-28T13:15:00+00:00,3875.24
2026-05-28T13:30:00+00:00,5694.6
2026-05-28T13:45:00+00:00,7431.88
2026-05-28T14:00:00+00:00,8870.12
2026-05-28T14:15:00+00:00,10137.84
2026-05-28T14:30:00+00:00,10969.12
2026-05-28T14:45:00+00:00,11817.28
2026-05-28T15:00:00+00:00,11679.2
2026-05-28T15:15:00+00:00,11660.28
2026-05-28T15:30:00+00:00,11088.44
2026-05-28T15:45:00+00:00,10305.32
2026-05-28T16:00:00+00:00,9048.2
2026-05-28T16:15:00+00:00,7472.6
2026-05-28T16:30:00+00:00,5766.8
2026-05-28T16:45:00+00:00,3813.4
2026-05-28T17:00:00+00:00,1617.28
2026-05-28T17:15:00+00:00,2640.76
2026-05-28T17:30:00+00:00,3635.92
2026-05-28T17:45:00+00:00,4572.32
2026-05-28T18:00:00+00:00,5541.6
2026-05-28T18:15:00+00:00,6387.88
2026-05-28T18:30:00+00:00,7105.88
2026-05-28T18:45:00+00:00,7910.72
2026-05-28T19:00:00+00:00,8397.08
2026-05-28T19:15:00+00:00,8800.96
2026-05-28T19:30:00+00:00,9196.36
2026-05-28T19:45:00+00:00,9285.88
2026-05-28T20:00:00+00:00,9383.0
2026-05-28T20:15:00+00:00,9462.48
2026-05-28T20:30:00+00:00,9135.56
2026-05-28T20:45:00+00:00,8938.96
2026-05-28T21:00:00+00:00,8476.76
2026-05-28T21:15:00+00:00,9618.44
2026-05-28T21:30:00+00:00,10446.68
2026-05-28T21:45:00+00:00,10907.52
2026-05-28T22:00:00+00:00,11525.08
2026-05-28T22:15:00+00:00,11472.64
2026-05-28T22:30:00+00:00,11503.68
2026-05-28T22:45:00+00:00,10751.4
2026-05-28T23:00:00+00:00,9918.68
2026-05-28T23:15:00+00:00,9748.2
2026-05-28T23:30:00+00:00,9195.76
2026-05-28T23:45:00+00:00,8460.32
2026-05-29T00:00:00+00:00,7481.24
2026-05-29T00:15:00+00:00,6174.4
2026-05-29T00:30:00+00:00,4810.52
2026-05-29T00:45:00+00:00,3260.92
2026-05-29T01:00:00+00:00,1617.16
2026-05-29T01:15:00+00:00,1633.48
2026-05-29T01:30:00+00:00,1616.56
2026-05-29T01:45:00+00:00,1633.76
2026-05-29T02:00:00+00:00,1631.08
2026-05-29T02:15:00+00:00,1621.84
2026-05-29T02:30:00+00:00,1609.4
2026-05-29T02:45:00+00:00,1640.4
2026-05-29T03:00:00+00:00,1604.24
2026-05-29T03:15:00+00:00,1637.76
2026-05-29T03:30:00+00:00,1612.4
2026-05-29T03:45:00+00:00,1629.36
2026-05-29T04:00:00+00:00,1634.32
2026-05-29T04:15:00+00:00,1616.56
2026-05-29T04:30:00+00:00,1627.76
2026-05-29T04:45:00+00:00,1618.88
2026-05-29T05:00:00+00:00,1598.08
2026-05-29T05:15:00+00:00,4247.4
2026-05-29T05:30:00+00:00,6827.6
2026-05-29T05:45:00+00:00,9254.52
2026-05-29T06:00:00+00:00,11494.8
2026-05-29T06:15:00+00:00,13285.24
2026-05-29T06:30:00+00:00,14815.04
2026-05-29T06:45:00+00:00,15978.88
2026-05-29T07:00:00+00:00,16699.84
2026-05-29T07:15:00+00:00,17055.32
2026-05-29T07:30:00+00:00,16640.56
2026-05-29T07:45:00+00:00,16314.72
2026-05-29T08:00:00+00:00,18347.16
2026-05-29T08:15:00+00:00,16721.92
2026-05-29T08:30:00+00:00,14888.88
2026-05-29T08:45:00+00:00,12350.56
2026-05-29T09:00:00+00:00,10110.36
2026-05-29T09:15:00+00:00,9438.92
2026-05-29T09:30:00+00:00,8541.04
2026-05-29T09:45:00+00:00,7611.4
2026-05-29T10:00:00+00:00,6591.72
2026-05-29T10:15:00+00:00,5579.68
2026-05-29T10:30:00+00:00,4352.2
2026-05-29T10:45:00+00:00,3182.64
2026-05-29T11:00:00+00:00,1916.92
2026-05-29T11:15:00+00:00,1921.64
2026-05-29T11:30:00+00:00,1955.32
2026-05-29T11:45:00+00:00,1946.84
2026-05-29T12:00:00+00:00,1919.76
2026-05-29T12:15:00+00:00,1946.64
2026-05-29T12:30:00+00:00,1897.92
2026-05-29T12:45:00+00:00,1940.72
2026-05-29T13:00:00+00:00,1926.0
2026-05-29T13:15:00+00:00,3838.92
2026-05-29T13:30:00+00:00,5786.76
2026-05-29T13:45:00+00:00,7516.96
2026-05-29T14:00:00+00:00,9007.64
2026-05-29T14:15:00+00:00,10325.92
2026-05-29T14:30:00+00:00,11166.88
2026-05-29T14:45:00+00:00,11544.32
2026-05-29T15:00:00+00:00,11864.72
2026-05-29T15:15:00+00:00,11778.68
2026-05-29T15:30:00+00:00,11022.08
2026-05-29T15:45:00+00:00,10050.28
2026-05-29T16:00:00+00:00,8899.24
2026-05-29T16:15:00+00:00,7334.92
2026-05-29T16:30:00+00:00,5737.48
2026-05-29T16:45:00+00:00,3831.92
2026-05-29T17:00:00+00:00,1604.44
2026-05-29T17:15:00+00:00,2634.2
2026-05-29T17:30:00+00:00,3671.84
2026-05-29T17:45:00+00:00,4655.96
2026-05-29T18:00:00+00:00,5531.84
2026-05-29T18:15:00+00:00,6312.48
2026-05-29T18:30:00+00:00,7162.56
2026-05-29T18:45:00+00:00,7892.6
2026-05-29T19:00:00+00:00,8401.52
2026-05-29T19:15:00+00:00,8840.96
2026-05-29T19:30:00+00:00,9287.0
2026-05-29T19:45:00+00:00,9423.92
2026-05-29T20:00:00+00:00,9478.8
2026-05-29T20:15:00+00:00,9459.52
2026-05-29T20:30:00+00:00,9017.08
2026-05-29T20:45:00+00:00,9041.36
2026-05-29T21:00:00+00:00,8498.04
2026-05-29T21:15:00+00:00,9442.08
2026-05-29T21:30:00+00:00,10377.48
2026-05-29T21:45:00+00:00,11175.44
2026-05-29T22:00:00+00:00,11504.32
2026-05-29T22:15:00+00:00,11476.08
2026-05-29T22:30:00+00:00,11253.96
2026-05-29T22:45:00+00:00,10843.48
2026-05-29T23:00:00+00:00,9912.2
2026-05-29T23:15:00+00:00,9801.96
2026-05-29T23:30:00+00:00,9170.96
2026-05-29T23:45:00+00:00,8631.44
2026-05-30T00:00:00+00:00,7496.48
2026-05-30T00:15:00+00:00,6254.96
2026-05-30T00:30:00+00:00,4729.64
2026-05-30T00:45:00+00:00,3230.36
2026-05-30T01:00:00+00:00,1637.16
2026-05-30T01:15:00+00:00,1627.12
2026-05-30T01:30:00+00:00,1629.84
2026-05-30T01:45:00+00:00,1654.48
2026-05-30T02:00:00+00:00,1623.0
2026-05-30T02:15:00+00:00,1634.92
2026-05-30T02:30:00+00:00,1614.88
2026-05-30T02:45:00+00:00,1620.04
2026-05-30T03:00:00+00:00,1612.24
2026-05-30T03:15:00+00:00,1597.64
2026-05-30T03:30:00+00:00,1620.04
2026-05-30T03:45:00+00:00,1634.84
2026-05-30T04:00:00+00:00,1598.96
2026-05-30T04:15:00+00:00,1626.2
2026-05-30T04:30:00+00:00,1625.44
2026-05-30T04:45:00+00:00,1614.2
2026-05-30T05:00:00+00:00,1632.04
2026-05-30T05:15:00+00:00,4350.08
2026-05-30T05:30:00+00:00,6796.64
2026-05-30T05:45:00+00:00,9182.28
2026-05-30T06:00:00+00:00,11540.8
2026-05-30T06:15:00+00:00,13302.24
2026-05-30T06:30:00+00:00,15046.6
2026-05-30T06:45:00+00:00,15878.28
2026-05-30T07:00:00+00:00,16524.56
2026-05-30T07:15:00+00:00,16724.32
2026-05-30T07:30:00+00:00,17119.8
2026-05-30T07:45:00+00:00,16230.64
2026-05-30T08:00:00+00:00,15253.08
2026-05-30T08:15:00+00:00,14121.68
2026-05-30T08:30:00+00:00,12438.56
2026-05-30T08:45:00+00:00,10443.08
2026-05-30T09:00:00+00:00,8473.48
2026-05-30T09:15:00+00:00,7923.88
2026-05-30T09:30:00+00:00,7237.08
2026-05-30T09:45:00+00:00,6353.84
2026-05-30T10:00:00+00:00,5600.36
2026-05-30T10:15:00+00:00,4626.4
2026-05-30T10:30:00+00:00,3704.12
2026-05-30T10:45:00+00:00,2685.4
2026-05-30T11:00:00+00:00,1638.12
2026-05-30T11:15:00+00:00,1635.04
2026-05-30T11:30:00+00:00,1643.52
2026-05-30T11:45:00+00:00,1621.4
2026-05-30T12:00:00+00:00,1608.08
2026-05-30T12:15:00+00:00,1642.48
2026-05-30T12:30:00+00:00,1613.84
2026-05-30T12:45:00+00:00,1612.96
2026-05-30T13:00:00+00:00,1603.64
2026-05-30T13:15:00+00:00,3244.32
2026-05-30T13:30:00+00:00,4779.56
2026-05-30T13:45:00+00:00,6195.08
2026-05-30T14:00:00+00:00,7450.6
2026-05-30T14:15:00+00:00,8522.08
2026-05-30T14:30:00+00:00,9318.44
2026-05-30T14:45:00+00:00,9795.4
2026-05-30T15:00:00+00:00,9970.44
2026-05-30T15:15:00+00:00,9804.8
2026-05-30T15:30:00+00:00,9247.32
2026-05-30T15:45:00+00:00,8583.36
2026-05-30T16:00:00+00:00,7507.8
2026-05-30T16:15:00+00:00,6246.4
2026-05-30T16:30:00+00:00,4772.04
2026-05-30T16:45:00+00:00,3260.28
2026-05-30T17:00:00+00:00,1629.56
2026-05-30T17:15:00+00:00,2618.24
2026-05-30T17:30:00+00:00,3685.08
2026-05-30T17:45:00+00:00,4597.24
2026-05-30T18:00:00+00:00,5497.96
2026-05-30T18:15:00+00:00,6314.52
2026-05-30T18:30:00+00:00,7208.88
2026-05-30T18:45:00+00:00,7823.48
2026-05-30T19:00:00+00:00,8434.12
2026-05-30T19:15:00+00:00,8981.08
2026-05-30T19:30:00+00:00,8978.76
2026-05-30T19:45:00+00:00,9337.28
2026-05-30T20:00:00+00:00,9507.0
2026-05-30T20:15:00+00:00,9405.36
2026-05-30T20:30:00+00:00,9255.32
2026-05-30T20:45:00+00:00,8911.92
2026-05-30T21:00:00+00:00,8495.48
2026-05-30T21:15:00+00:00,9461.72
2026-05-30T21:30:00+00:00,10267.76
2026-05-30T21:45:00+00:00,10982.6
2026-05-30T22:00:00+00:00,11654.56
2026-05-30T22:15:00+00:00,11435.0
2026-05-30T22:30:00+00:00,11295.04
2026-05-30T22:45:00+00:00,10731.12
2026-05-30T23:00:00+00:00,9854.16
2026-05-30T23:15:00+00:00,9728.48
2026-05-30T23:30:00+00:00,9469.36
2026-05-30T23:45:00+00:00,8438.28
2026-05-31T00:00:00+00:00,7469.44
2026-05-31T00:15:00+00:00,6331.72
2026-05-31T00:30:00+00:00,4820.6
2026-05-31T00:45:00+00:00,3259.24
2026-05-31T01:00:00+00:00,1631.44
2026-05-31T01:15:00+00:00,1637.36
2026-05-31T01:30:00+00:00,1616.2
2026-05-31T01:45:00+00:00,1632.96
2026-05-31T02:00:00+00:00,1610.28
2026-05-31T02:15:00+00:00,1641.64
2026-05-31T02:30:00+00:00,1616.96
2026-05-31T02:45:00+00:00,1619.16
2026-05-31T03:00:00+00:00,1622.88
2026-05-31T03:15:00+00:00,1633.84
2026-05-31T03:30:00+00:00,1646.76
2026-05-31T03:45:00+00:00,1612.88
2026-05-31T04:00:00+00:00,1622.72
2026-05-31T04:15:00+00:00,1625.52
2026-05-31T04:30:00+00:00,1628.44
2026-05-31T04:45:00+00:00,1651.84
2026-05-31T05:00:00+00:00,1606.16
2026-05-31T05:15:00+00:00,4301.36
2026-05-31T05:30:00+00:00,6797.16
2026-05-31T05:45:00+00:00,9349.24
2026-05-31T06:00:00+00:00,11411.68
2026-05-31T06:15:00+00:00,13329.88
2026-05-31T06:30:00+00:00,14860.76
2026-05-31T06:45:00+00:00,16076.32
2026-05-31T07:00:00+00:00,16989.72
2026-05-31T07:15:00+00:00,17009.72
2026-05-31T07:30:00+00:00,16853.88
2026-05-31T07:45:00+00:00,16258.8
2026-05-31T08:00:00+00:00,15233.08
2026-05-31T08:15:00+00:00,14198.08
2026-05-31T08:30:00+00:00,12463.28
2026-05-31T08:45:00+00:00,10536.04
2026-05-31T09:00:00+00:00,8429.84
2026-05-31T09:15:00+00:00,7860.72
2026-05-31T09:30:00+00:00,7170.52
2026-05-31T09:45:00+00:00,6376.56
2026-05-31T10:00:00+00:00,5569.08
2026-05-31T10:15:00+00:00,4650.12
2026-05-31T10:30:00+00:00,3672.92
2026-05-31T10:45:00+00:00,2627.4
2026-05-31T11:00:00+00:00,1622.6
2026-05-31T11:15:00+00:00,1615.04
2026-05-31T11:30:00+00:00,1611.36
2026-05-31T11:45:00+00:00,1618.0
2026-05-31T12:00:00+00:00,1629.72
2026-05-31T12:15:00+00:00,1608.68
2026-05-31T12:30:00+00:00,1603.28
2026-05-31T12:45:00+00:00,1596.2
2026-05-31T13:00:00+00:00,1617.84
2026-05-31T13:15:00+00:00,3205.6
2026-05-31T13:30:00+00:00,4877.48
2026-05-31T13:45:00+00:00,6208.4
2026-05-31T14:00:00+00:00,7488.92
2026-05-31T14:15:00+00:00,8498.2
2026-05-31T14:30:00+00:00,9273.88
2026-05-31T14:45:00+00:00,9873.68
2026-05-31T15:00:00+00:00,9944.48
2026-05-31T15:15:00+00:00,9780.76
2026-05-31T15:30:00+00:00,9293.84
2026-05-31T15:45:00+00:00,8390.0
2026-05-31T16:00:00+00:00,7559.32
2026-05-31T16:15:00+00:00,6293.68
2026-05-31T16:30:00+00:00,4852.0
2026-05-31T16:45:00+00:00,3265.04
2026-05-31T17:00:00+00:00,1606.2
2026-05-31T17:15:00+00:00,2629.48
2026-05-31T17:30:00+00:00,3669.16
2026-05-31T17:45:00+00:00,4540.56
2026-05-31T18:00:00+00:00,5621.2
2026-05-31T18:15:00+00:00,6413.24
2026-05-31T18:30:00+00:00,7081.4
2026-05-31T18:45:00+00:00,7837.2
2026-05-31T19:00:00+00:00,8411.72
2026-05-31T19:15:00+00:00,8858.44
2026-05-31T19:30:00+00:00,9185.92
2026-05-31T19:45:00+00:00,9352.48
2026-05-31T20:00:00+00:00,9491.92
2026-05-31T20:15:00+00:00,9352.16
2026-05-31T20:30:00+00:00,9192.56
2026-05-31T20:45:00+00:00,8843.16
2026-05-31T21:00:00+00:00,8465.4
2026-05-31T21:15:00+00:00,9510.8
2026-05-31T21:30:00+00:00,10349.32
2026-05-31T21:45:00+00:00,11032.8
2026-05-31T22:00:00+00:00,11221.32
2026-05-31T22:15:00+00:00,11587.16
2026-05-31T22:30:00+00:00,11295.88
2026-05-31T22:45:00+00:00,10884.8
2026-05-31T23:00:00+00:00,9813.96
2026-05-31T23:15:00+00:00,9815.32
2026-05-31T23:30:00+00:00,9339.04
2026-05-31T23:45:00+00:00,8505.16
2026-06-01T00:00:00+00:00,7416.2
2026-06-01T00:15:00+00:00,6241.16
2026-06-01T00:30:00+00:00,4794.28
2026-06-01T00:45:00+00:00,3201.52
2026-06-01T01:00:00+00:00,1598.76
2026-06-01T01:15:00+00:00,1623.88
2026-06-01T01:30:00+00:00,1636.92
2026-06-01T01:45:00+00:00,1617.56
2026-06-01T02:00:00+00:00,1626.4
2026-06-01T02:15:00+00:00,1639.44
2026-06-01T02:30:00+00:00,1603.6
2026-06-01T02:45:00+00:00,1581.56
2026-06-01T03:00:00+00:00,1630.72
2026-06-01T03:15:00+00:00,1619.48
2026-06-01T03:30:00+00:00,1642.28
2026-06-01T03:45:00+00:00,1625.64
2026-06-01T04:00:00+00:00,1611.92
2026-06-01T04:15:00+00:00,1625.56
2026-06-01T04:30:00+00:00,1615.64
2026-06-01T04:45:00+00:00,1615.72
2026-06-01T05:00:00+00:00,1618.36
2026-06-01T05:15:00+00:00,4256.76
2026-06-01T05:30:00+00:00,6776.64
2026-06-01T05:45:00+00:00,9249.08
2026-06-01T06:00:00+00:00,11558.84
2026-06-01T06:15:00+00:00,13215.84
2026-06-01T06:30:00+00:00,14700.96
2026-06-01T06:45:00+00:00,16198.72
2026-06-01T07:00:00+00:00,16843.72
2026-06-01T07:15:00+00:00,17237.48
2026-06-01T07:30:00+00:00,16775.24
2026-06-01T07:45:00+00:00,16451.36
2026-06-01T08:00:00+00:00,18319.24
2026-06-01T08:15:00+00:00,16532.4
2026-06-01T08:30:00+00:00,14608.84
2026-06-01T08:45:00+00:00,12630.92
2026-06-01T09:00:00+00:00,10010.0
2026-06-01T09:15:00+00:00,9386.92
2026-06-01T09:30:00+00:00,8605.16
2026-06-01T09:45:00+00:00,7713.8
2026-06-01T10:00:00+00:00,6553.56
2026-06-01T10:15:00+00:00,5452.44
2026-06-01T10:30:00+00:00,4332.56
2026-06-01T10:45:00+00:00,3140.12
2026-06-01T11:00:00+00:00,1920.72
2026-06-01T11:15:00+00:00,1918.32
2026-06-01T11:30:00+00:00,1918.64
2026-06-01T11:45:00+00:00,1913.48
2026-06-01T12:00:00+00:00,1930.84
2026-06-01T12:15:00+00:00,1915.16
2026-06-01T12:30:00+00:00,1949.16
2026-06-01T12:45:00+00:00,1924.52
2026-06-01T13:00:00+00:00,1915.04
2026-06-01T13:15:00+00:00,3930.2
2026-06-01T13:30:00+00:00,5709.32
2026-06-01T13:45:00+00:00,7411.32
2026-06-01T14:00:00+00:00,8771.12
2026-06-01T14:15:00+00:00,10096.16
2026-06-01T14:30:00+00:00,11221.2
2026-06-01T14:45:00+00:00,11588.68
2026-06-01T15:00:00+00:00,12051.64
2026-06-01T15:15:00+00:00,11568.8
2026-06-01T15:30:00+00:00,11150.72
2026-06-01T15:45:00+00:00,10187.88
2026-06-01T16:00:00+00:00,9006.44
2026-06-01T16:15:00+00:00,7407.56
2026-06-01T16:30:00+00:00,5792.28
2026-06-01T16:45:00+00:00,3820.8
2026-06-01T17:00:00+00:00,1623.92
2026-06-01T17:15:00+00:00,2654.12
2026-06-01T17:30:00+00:00,3667.04
2026-06-01T17:45:00+00:00,4599.2
2026-06-01T18:00:00+00:00,5536.28
2026-06-01T18:15:00+00:00,6365.92
2026-06-01T18:30:00+00:00,7277.32
2026-06-01T18:45:00+00:00,7934.64
2026-06-01T19:00:00+00:00,8350.64
2026-06-01T19:15:00+00:00,8851.44
2026-06-01T19:30:00+00:00,9230.96
2026-06-01T19:45:00+00:00,9503.92
2026-06-01T20:00:00+00:00,9478.04
2026-06-01T20:15:00+00:00,9359.64
2026-06-01T20:30:00+00:00,9133.92
2026-06-01T20:45:00+00:00,8944.84
2026-06-01T21:00:00+00:00,8346.2
2026-06-01T21:15:00+00:00,9611.2
2026-06-01T21:30:00+00:00,10398.0
2026-06-01T21:45:00+00:00,11076.76
2026-06-01T22:00:00+00:00,11541.2
2026-06-01T22:15:00+00:00,11590.4
2026-06-01T22:30:00+00:00,11623.92
2026-06-01T22:45:00+00:00,10843.6
2026-06-01T23:00:00+00:00,9984.04
2026-06-01T23:15:00+00:00,9763.36
2026-06-01T23:30:00+00:00,9257.08
2026-06-01T23:45:00+00:00,8604.68
2026-06-02T00:00:00+00:00,7503.4
2026-06-02T00:15:00+00:00,6250.84
2026-06-02T00:30:00+00:00,4740.84
2026-06-02T00:45:00+00:00,3249.56
2026-06-02T01:00:00+00:00,1597.24
2026-06-02T01:15:00+00:00,1623.28
2026-06-02T01:30:00+00:00,1625.36
2026-06-02T01:45:00+00:00,1606.88
2026-06-02T02:00:00+00:00,1623.72
2026-06-02T02:15:00+00:00,1629.76
2026-06-02T02:30:00+00:00,1633.32
2026-06-02T02:45:00+00:00,1621.04
2026-06-02T03:00:00+00:00,1612.0
2026-06-02T03:15:00+00:00,1605.24
2026-06-02T03:30:00+00:00,1649.08
2026-06-02T03:45:00+00:00,1620.48
2026-06-02T04:00:00+00:00,1652.88
2026-06-02T04:15:00+00:00,1626.56
2026-06-02T04:30:00+00:00,1613.52
2026-06-02T04:45:00+00:00,1625.12
2026-06-02T05:00:00+00:00,1601.84
2026-06-02T05:15:00+00:00,4250.56
2026-06-02T05:30:00+00:00,6879.04
2026-06-02T05:45:00+00:00,9234.88
2026-06-02T06:00:00+00:00,11418.16
2026-06-02T06:15:00+00:00,13193.28
2026-06-02T06:30:00+00:00,15027.56
2026-06-02T06:45:00+00:00,16077.52
2026-06-02T07:00:00+00:00,16759.04
2026-06-02T07:15:00+00:00,16718.56
2026-06-02T07:30:00+00:00,16994.68
2026-06-02T07:45:00+00:00,16559.12
2026-06-02T08:00:00+00:00,18257.84
2026-06-02T08:15:00+00:00,16809.04
2026-06-02T08:30:00+00:00,14789.36
2026-06-02T08:45:00+00:00,12467.32
2026-06-02T09:00:00+00:00,9905.44
2026-06-02T09:15:00+00:00,9436.04
2026-06-02T09:30:00+00:00,8591.2
2026-06-02T09:45:00+00:00,7509.96
2026-06-02T10:00:00+00:00,6662.48
2026-06-02T10:15:00+00:00,5470.6
2026-06-02T10:30:00+00:00,4301.92
2026-06-02T10:45:00+00:00,3113.56
2026-06-02T11:00:00+00:00,1935.48
2026-06-02T11:15:00+00:00,1930.72
2026-06-02T11:30:00+00:00,1922.44
2026-06-02T11:45:00+00:00,1928.0
2026-06-02T12:00:00+00:00,1921.48
2026-06-02T12:15:00+00:00,1916.76
2026-06-02T12:30:00+00:00,1918.84
2026-06-02T12:45:00+00:00,1933.76
2026-06-02T13:00:00+00:00,1923.72
2026-06-02T13:15:00+00:00,3827.92
2026-06-02T13:30:00+00:00,5727.6
2026-06-02T13:45:00+00:00,7380.48
2026-06-02T14:00:00+00:00,8921.32
2026-06-02T14:15:00+00:00,10050.92
2026-06-02T14:30:00+00:00,10960.2
2026-06-02T14:45:00+00:00,11686.96
2026-06-02T15:00:00+00:00,11762.36
2026-06-02T15:15:00+00:00,11473.76
2026-06-02T15:30:00+00:00,11209.68
2026-06-02T15:45:00+00:00,10350.32
2026-06-02T16:00:00+00:00,9001.64
2026-06-02T16:15:00+00:00,7389.96
2026-06-02T16:30:00+00:00,5830.68
2026-06-02T16:45:00+00:00,3886.4
2026-06-02T17:00:00+00:00,1649.08
2026-06-02T17:15:00+00:00,2657.52
2026-06-02T17:30:00+00:00,3671.44
2026-06-02T17:45:00+00:00,4606.04
2026-06-02T18:00:00+00:00,5584.12
2026-06-02T18:15:00+00:00,6340.92
2026-06-02T18:30:00+00:00,7219.88
2026-06-02T18:45:00+00:00,7877.04
2026-06-02T19:00:00+00:00,8472.84
2026-06-02T19:15:00+00:00,9065.96
2026-06-02T19:30:00+00:00,9267.72
2026-06-02T19:45:00+00:00,9524.92
2026-06-02T20:00:00+00:00,9482.96
2026-06-02T20:15:00+00:00,9426.4
2026-06-02T20:30:00+00:00,9222.52
2026-06-02T20:45:00+00:00,8792.88
2026-06-02T21:00:00+00:00,8399.8
2026-06-02T21:15:00+00:00,9549.0
2026-06-02T21:30:00+00:00,10324.44
2026-06-02T21:45:00+00:00,10883.84
2026-06-02T22:00:00+00:00,11351.68
2026-06-02T22:15:00+00:00,11402.64
2026-06-02T22:30:00+00:00,11384.8
2026-06-02T22:45:00+00:00,10785.24
2026-06-02T23:00:00+00:00,9834.96
2026-06-02T23:15:00+00:00,9733.56
2026-06-02T23:30:00+00:00,9536.8
2026-06-02T23:45:00+00:00,8625.4
2026-06-03T00:00:00+00:00,7527.28
2026-06-03T00:15:00+00:00,6174.68
2026-06-03T00:30:00+00:00,4845.56
2026-06-03T00:45:00+00:00,3250.88
2026-06-03T01:00:00+00:00,1620.16
2026-06-03T01:15:00+00:00,1624.12
2026-06-03T01:30:00+00:00,1614.96
2026-06-03T01:45:00+00:00,1603.12
2026-06-03T02:00:00+00:00,1618.6
2026-06-03T02:15:00+00:00,1618.92
2026-06-03T02:30:00+00:00,1623.96
2026-06-03T02:45:00+00:00,1632.0
2026-06-03T03:00:00+00:00,1605.92
2026-06-03T03:15:00+00:00,1639.24
2026-06-03T03:30:00+00:00,1628.64
2026-06-03T03:45:00+00:00,1612.72
2026-06-03T04:00:00+00:00,1630.84
2026-06-03T04:15:00+00:00,1595.08
2026-06-03T04:30:00+00:00,1608.72
2026-06-03T04:45:00+00:00,1619.4
2026-06-03T05:00:00+00:00,1608.84
2026-06-03T05:15:00+00:00,4274.04
2026-06-03T05:30:00+00:00,6977.84
2026-06-03T05:45:00+00:00,9153.16
2026-06-03T06:00:00+00:00,11567.52
2026-06-03T06:15:00+00:00,13365.16
2026-06-03T06:30:00+00:00,14793.8
2026-06-03T06:45:00+00:00,15873.88
2026-06-03T07:00:00+00:00,16552.6
2026-06-03T07:15:00+00:00,16972.8
2026-06-03T07:30:00+00:00,16945.52
2026-06-03T07:45:00+00:00,16277.12
2026-06-03T08:00:00+00:00,18394.72
2026-06-03T08:15:00+00:00,16681.76
2026-06-03T08:30:00+00:00,14934.56
2026-06-03T08:45:00+00:00,12480.24
2026-06-03T09:00:00+00:00,10069.44
2026-06-03T09:15:00+00:00,9344.16
2026-06-03T09:30:00+00:00,8510.0
2026-06-03T09:45:00+00:00,7616.16
2026-06-03T10:00:00+00:00,6602.72
2026-06-03T10:15:00+00:00,5588.8
2026-06-03T10:30:00+00:00,4290.24
2026-06-03T10:45:00+00:00,3172.84
2026-06-03T11:00:00+00:00,1926.84
2026-06-03T11:15:00+00:00,1935.8
2026-06-03T11:30:00+00:00,1952.48
2026-06-03T11:45:00+00:00,1905.6
2026-06-03T12:00:00+00:00,1914.08
2026-06-03T12:15:00+00:00,1918.84
2026-06-03T12:30:00+00:00,1943.68
2026-06-03T12:45:00+00:00,1946.72
2026-06-03T13:00:00+00:00,1931.56
2026-06-03T13:15:00+00:00,3842.44
2026-06-03T13:30:00+00:00,5723.04
2026-06-03T13:45:00+00:00,7443.4
2026-06-03T14:00:00+00:00,8934.64
2026-06-03T14:15:00+00:00,10216.72
2026-06-03T14:30:00+00:00,10985.6
2026-06-03T14:45:00+00:00,11691.04
2026-06-03T15:00:00+00:00,11684.36
2026-06-03T15:15:00+00:00,11771.92
2026-06-03T15:30:00+00:00,11066.64
2026-06-03T15:45:00+00:00,10051.04
2026-06-03T16:00:00+00:00,8951.84
2026-06-03T16:15:00+00:00,7402.04
2026-06-03T16:30:00+00:00,5678.0
2026-06-03T16:45:00+00:00,3894.72
2026-06-03T17:00:00+00:00,1613.32
2026-06-03T17:15:00+00:00,2623.96
2026-06-03T17:30:00+00:00,3657.48
2026-06-03T17:45:00+00:00,4613.88
2026-06-03T18:00:00+00:00,5514.8
2026-06-03T18:15:00+00:00,6432.48
2026-06-03T18:30:00+00:00,7208.12
2026-06-03T18:45:00+00:00,7958.0
2026-06-03T19:00:00+00:00,8455.12
2026-06-03T19:15:00+00:00,8936.6
2026-06-03T19:30:00+00:00,9217.6
2026-06-03T19:45:00+00:00,9434.96
2026-06-03T20:00:00+00:00,9471.24
2026-06-03T20:15:00+00:00,9411.2
2026-06-03T20:30:00+00:00,9361.84
2026-06-03T20:45:00+00:00,8874.36
2026-06-03T21:00:00+00:00,8451.2
2026-06-03T21:15:00+00:00,9550.6
2026-06-03T21:30:00+00:00,10381.08
2026-06-03T21:45:00+00:00,10838.84
2026-06-03T22:00:00+00:00,11367.68
2026-06-03T22:15:00+00:00,11453.84
2026-06-03T22:30:00+00:00,11426.52
2026-06-03T22:45:00+00:00,10785.16
2026-06-03T23:00:00+00:00,9988.44
2026-06-03T23:15:00+00:00,9720.56
2026-06-03T23:30:00+00:00,9425.24
2026-06-03T23:45:00+00:00,8572.04
2026-06-04T00:00:00+00:00,7417.92
2026-06-04T00:15:00+00:00,6253.6
2026-06-04T00:30:00+00:00,4811.52
2026-06-04T00:45:00+00:00,3180.2
2026-06-04T01:00:00+00:00,1603.84
2026-06-04T01:15:00+00:00,1624.88
2026-06-04T01:30:00+00:00,1629.76
2026-06-04T01:45:00+00:00,1636.56
2026-06-04T02:00:00+00:00,1629.88
2026-06-04T02:15:00+00:00,1617.92
2026-06-04T02:30:00+00:00,1603.28
2026-06-04T02:45:00+00:00,1624.28
2026-06-04T03:00:00+00:00,1616.28
2026-06-04T03:15:00+00:00,1615.36
2026-06-04T03:30:00+00:00,1613.72
2026-06-04T03:45:00+00:00,1619.76
2026-06-04T04:00:00+00:00,1598.52
2026-06-04T04:15:00+00:00,1621.8
2026-06-04T04:30:00+00:00,1624.6
2026-06-04T04:45:00+00:00,1625.72
2026-06-04T05:00:00+00:00,1635.28
2026-06-04T05:15:00+00:00,4281.92
2026-06-04T05:30:00+00:00,6962.84
2026-06-04T05:45:00+00:00,9425.4
2026-06-04T06:00:00+00:00,11365.24
2026-06-04T06:15:00+00:00,13401.92
2026-06-04T06:30:00+00:00,15005.04
2026-06-04T06:45:00+00:00,16206.0
2026-06-04T07:00:00+00:00,16735.68
2026-06-04T07:15:00+00:00,16851.6
2026-06-04T07:30:00+00:00,17106.32
2026-06-04T07:45:00+00:00,16239.12
2026-06-04T08:00:00+00:00,18507.2
2026-06-04T08:15:00+00:00,16564.4
2026-06-04T08:30:00+00:00,14802.24
2026-06-04T08:45:00+00:00,12506.28
2026-06-04T09:00:00+00:00,10102.4
2026-06-04T09:15:00+00:00,9441.84
2026-06-04T09:30:00+00:00,8497.88
2026-06-04T09:45:00+00:00,7766.56
2026-06-04T10:00:00+00:00,6591.56
2026-06-04T10:15:00+00:00,5633.2
2026-06-04T10:30:00+00:00,4376.4
2026-06-04T10:45:00+00:00,3123.88
2026-06-04T11:00:00+00:00,1930.8
2026-06-04T11:15:00+00:00,1921.16
2026-06-04T11:30:00+00:00,1907.16
2026-06-04T11:45:00+00:00,1917.04
2026-06-04T12:00:00+00:00,1938.92
2026-06-04T12:15:00+00:00,1934.44
2026-06-04T12:30:00+00:00,1950.28
2026-06-04T12:45:00+00:00,1922.12
2026-06-04T13:00:00+00:00,1905.8
2026-06-04T13:15:00+00:00,3868.24
2026-06-04T13:30:00+00:00,5752.04
2026-06-04T13:45:00+00:00,7386.88
2026-06-04T14:00:00+00:00,8851.96
2026-06-04T14:15:00+00:00,10286.48
2026-06-04T14:30:00+00:00,11007.4
2026-06-04T14:45:00+00:00,11588.64
2026-06-04T15:00:00+00:00,11692.12
2026-06-04T15:15:00+00:00,11653.88
2026-06-04T15:30:00+00:00,10912.16
2026-06-04T15:45:00+00:00,10108.8
2026-06-04T16:00:00+00:00,8934.12
2026-06-04T16:15:00+00:00,7482.48
2026-06-04T16:30:00+00:00,5769.52
2026-06-04T16:45:00+00:00,3895.12
2026-06-04T17:00:00+00:00,1641.4
2026-06-04T17:15:00+00:00,2638.2
2026-06-04T17:30:00+00:00,3666.28
2026-06-04T17:45:00+00:00,4621.68
2026-06-04T18:00:00+00:00,5611.84
2026-06-04T18:15:00+00:00,6432.52
2026-06-04T18:30:00+00:00,7241.6
2026-06-04T18:45:00+00:00,7880.72
2026-06-04T19:00:00+00:00,8437.72
2026-06-04T19:15:00+00:00,8966.8
2026-06-04T19:30:00+00:00,9299.96
2026-06-04T19:45:00+00:00,9453.96
2026-06-04T20:00:00+00:00,9485.16
2026-06-04T20:15:00+00:00,9492.68
2026-06-04T20:30:00+00:00,9229.96
2026-06-04T20:45:00+00:00,9049.36
2026-06-04T21:00:00+00:00,8494.08
2026-06-04T21:15:00+00:00,9571.36
2026-06-04T21:30:00+00:00,10364.48
2026-06-04T21:45:00+00:00,11199.84
2026-06-04T22:00:00+00:00,11350.24
2026-06-04T22:15:00+00:00,11643.08
2026-06-04T22:30:00+00:00,11276.68
2026-06-04T22:45:00+00:00,10846.04
2026-06-04T23:00:00+00:00,10040.2
2026-06-04T23:15:00+00:00,9798.84
2026-06-04T23:30:00+00:00,9428.76
2026-06-04T23:45:00+00:00,8532.64
2026-06-05T00:00:00+00:00,7462.44
2026-06-05T00:15:00+00:00,6234.72
2026-06-05T00:30:00+00:00,4756.68
2026-06-05T00:45:00+00:00,3256.4
2026-06-05T01:00:00+00:00,1631.16
2026-06-05T01:15:00+00:00,1600.84
2026-06-05T01:30:00+00:00,1618.12
2026-06-05T01:45:00+00:00,1627.92
2026-06-05T02:00:00+00:00,1610.28
2026-06-05T02:15:00+00:00,1612.52
2026-06-05T02:30:00+00:00,1618.92
2026-06-05T02:45:00+00:00,1583.56
2026-06-05T03:00:00+00:00,1617.56
2026-06-05T03:15:00+00:00,1631.88
2026-06-05T03:30:00+00:00,1601.48
2026-06-05T03:45:00+00:00,1603.48
2026-06-05T04:00:00+00:00,1615.4
2026-06-05T04:15:00+00:00,1592.0
2026-06-05T04:30:00+00:00,1616.88
2026-06-05T04:45:00+00:00,1617.08
2026-06-05T05:00:00+00:00,1609.68
2026-06-05T05:15:00+00:00,4226.8
2026-06-05T05:30:00+00:00,6861.28
2026-06-05T05:45:00+00:00,9299.48
2026-06-05T06:00:00+00:00,11502.72
2026-06-05T06:15:00+00:00,13364.52
2026-06-05T06:30:00+00:00,14966.04
2026-06-05T06:45:00+00:00,16295.44
2026-06-05T07:00:00+00:00,16721.0
2026-06-05T07:15:00+00:00,16940.84
2026-06-05T07:30:00+00:00,16975.24
2026-06-05T07:45:00+00:00,16245.92
2026-06-05T08:00:00+00:00,18455.64
2026-06-05T08:15:00+00:00,16667.28
2026-06-05T08:30:00+00:00,14696.88
2026-06-05T08:45:00+00:00,12705.12
2026-06-05T09:00:00+00:00,10052.96
2026-06-05T09:15:00+00:00,9507.24
2026-06-05T09:30:00+00:00,8691.8
2026-06-05T09:45:00+00:00,7535.68
2026-06-05T10:00:00+00:00,6678.88
2026-06-05T10:15:00+00:00,5582.6
2026-06-05T10:30:00+00:00,4372.64
2026-06-05T10:45:00+00:00,3154.68
2026-06-05T11:00:00+00:00,1946.04
2026-06-05T11:15:00+00:00,1934.88
2026-06-05T11:30:00+00:00,1943.56
2026-06-05T11:45:00+00:00,1954.76
2026-06-05T12:00:00+00:00,1903.16
2026-06-05T12:15:00+00:00,1915.36
2026-06-05T12:30:00+00:00,1916.08
2026-06-05T12:45:00+00:00,1922.12
2026-06-05T13:00:00+00:00,1928.4
2026-06-05T13:15:00+00:00,3858.64
2026-06-05T13:30:00+00:00,5732.28
2026-06-05T13:45:00+00:00,7353.36
2026-06-05T14:00:00+00:00,8897.4
2026-06-05T14:15:00+00:00,10172.48
2026-06-05T14:30:00+00:00,11077.68
2026-06-05T14:45:00+00:00,11718.44
2026-06-05T15:00:00+00:00,11895.12
2026-06-05T15:15:00+00:00,11600.8
2026-06-05T15:30:00+00:00,11101.16
2026-06-05T15:45:00+00:00,10174.2
2026-06-05T16:00:00+00:00,8908.92
2026-06-05T16:15:00+00:00,7451.52
2026-06-05T16:30:00+00:00,5721.04
2026-06-05T16:45:00+00:00,3885.6
2026-06-05T17:00:00+00:00,1654.12
2026-06-05T17:15:00+00:00,2662.52
2026-06-05T17:30:00+00:00,3614.2
2026-06-05T17:45:00+00:00,4609.32
2026-06-05T18:00:00+00:00,5564.08
2026-06-05T18:15:00+00:00,6421.0
2026-06-05T18:30:00+00:00,7103.52
2026-06-05T18:45:00+00:00,7879.56
2026-06-05T19:00:00+00:00,8454.68
2026-06-05T19:15:00+00:00,8755.6
2026-06-05T19:30:00+00:00,9244.48
2026-06-05T19:45:00+00:00,9360.32
2026-06-05T20:00:00+00:00,9531.04
2026-06-05T20:15:00+00:00,9264.0
2026-06-05T20:30:00+00:00,9112.68
2026-06-05T20:45:00+00:00,8922.32
2026-06-05T21:00:00+00:00,8394.2
2026-06-05T21:15:00+00:00,9529.2
2026-06-05T21:30:00+00:00,10494.08
2026-06-05T21:45:00+00:00,10920.8
2026-06-05T22:00:00+00:00,11511.64
2026-06-05T22:15:00+00:00,11677.0
2026-06-05T22:30:00+00:00,11431.2
2026-06-05T22:45:00+00:00,10756.96
2026-06-05T23:00:00+00:00,10027.2
2026-06-05T23:15:00+00:00,9873.84
2026-06-05T23:30:00+00:00,9354.2
2026-06-05T23:45:00+00:00,8456.8
2026-06-06T00:00:00+00:00,7543.96
2026-06-06T00:15:00+00:00,6194.08
2026-06-06T00:30:00+00:00,4769.52
2026-06-06T00:45:00+00:00,3229.2
2026-06-06T01:00:00+00:00,1627.6
2026-06-06T01:15:00+00:00,1599.4
2026-06-06T01:30:00+00:00,1637.28
2026-06-06T01:45:00+00:00,1635.04
2026-06-06T02:00:00+00:00,1629.2
2026-06-06T02:15:00+00:00,1610.48
2026-06-06T02:30:00+00:00,1616.0
2026-06-06T02:45:00+00:00,1636.92
2026-06-06T03:00:00+00:00,1628.72
2026-06-06T03:15:00+00:00,1609.92
2026-06-06T03:30:00+00:00,1625.16
2026-06-06T03:45:00+00:00,1633.48
2026-06-06T04:00:00+00:00,1597.32
2026-06-06T04:15:00+00:00,1609.96
2026-06-06T04:30:00+00:00,1617.12
2026-06-06T04:45:00+00:00,1623.08
2026-06-06T05:00:00+00:00,1639.32
2026-06-06T05:15:00+00:00,4275.68
2026-06-06T05:30:00+00:00,6837.92
2026-06-06T05:45:00+00:00,9295.6
2026-06-06T06:00:00+00:00,11463.2
2026-06-06T06:15:00+00:00,13251.48
2026-06-06T06:30:00+00:00,14912.24
2026-06-06T06:45:00+00:00,16256.88
2026-06-06T07:00:00+00:00,16934.44
2026-06-06T07:15:00+00:00,17350.6
2026-06-06T07:30:00+00:00,16873.56
2026-06-06T07:45:00+00:00,16593.08
2026-06-06T08:00:00+00:00,15272.72
2026-06-06T08:15:00+00:00,13979.84
2026-06-06T08:30:00+00:00,12340.28
2026-06-06T08:45:00+00:00,10496.64
2026-06-06T09:00:00+00:00,8322.08
2026-06-06T09:15:00+00:00,7815.36
2026-06-06T09:30:00+00:00,7175.04
2026-06-06T09:45:00+00:00,6299.44
2026-06-06T10:00:00+00:00,5600.56
2026-06-06T10:15:00+00:00,4631.4
2026-06-06T10:30:00+00:00,3626.76
2026-06-06T10:45:00+00:00,2625.0
2026-06-06T11:00:00+00:00,1637.04
2026-06-06T11:15:00+00:00,1620.2
2026-06-06T11:30:00+00:00,1622.48
2026-06-06T11:45:00+00:00,1629.84
2026-06-06T12:00:00+00:00,1625.52
2026-06-06T12:15:00+00:00,1622.36
2026-06-06T12:30:00+00:00,1637.08
2026-06-06T12:45:00+00:00,1615.96
2026-06-06T13:00:00+00:00,1619.32
2026-06-06T13:15:00+00:00,3223.48
2026-06-06T13:30:00+00:00,4770.24
2026-06-06T13:45:00+00:00,6203.2
2026-06-06T14:00:00+00:00,7518.88
2026-06-06T14:15:00+00:00,8397.16
2026-06-06T14:30:00+00:00,9351.16
2026-06-06T14:45:00+00:00,9732.44
2026-06-06T15:00:00+00:00,10129.96
2026-06-06T15:15:00+00:00,9903.56
2026-06-06T15:30:00+00:00,9338.44
2026-06-06T15:45:00+00:00,8480.64
2026-06-06T16:00:00+00:00,7469.2
2026-06-06T16:15:00+00:00,6254.56
2026-06-06T16:30:00+00:00,4818.0
2026-06-06T16:45:00+00:00,3219.76
2026-06-06T17:00:00+00:00,1611.44
2026-06-06T17:15:00+00:00,2650.44
2026-06-06T17:30:00+00:00,3646.92
2026-06-06T17:45:00+00:00,4612.56
2026-06-06T18:00:00+00:00,5566.52
2026-06-06T18:15:00+00:00,6319.92
2026-06-06T18:30:00+00:00,7223.52
2026-06-06T18:45:00+00:00,7920.32
2026-06-06T19:00:00+00:00,8379.44
2026-06-06T19:15:00+00:00,8817.12
2026-06-06T19:30:00+00:00,9247.52
2026-06-06T19:45:00+00:00,9380.96
2026-06-06T20:00:00+00:00,9447.6
2026-06-06T20:15:00+00:00,9403.8
2026-06-06T20:30:00+00:00,9224.04
2026-06-06T20:45:00+00:00,8811.24
2026-06-06T21:00:00+00:00,8482.68
2026-06-06T21:15:00+00:00,9494.28
2026-06-06T21:30:00+00:00,10386.84
2026-06-06T21:45:00+00:00,11003.72
2026-06-06T22:00:00+00:00,11405.76
2026-06-06T22:15:00+00:00,11565.48
2026-06-06T22:30:00+00:00,11327.04
2026-06-06T22:45:00+00:00,10904.32
2026-06-06T23:00:00+00:00,9950.36
2026-06-06T23:15:00+00:00,9884.68
2026-06-06T23:30:00+00:00,9462.44
2026-06-06T23:45:00+00:00,8567.6
2026-06-07T00:00:00+00:00,7488.68
2026-06-07T00:15:00+00:00,6257.4
2026-06-07T00:30:00+00:00,4785.88
2026-06-07T00:45:00+00:00,3251.88
2026-06-07T01:00:00+00:00,1610.4
2026-06-07T01:15:00+00:00,1609.12
2026-06-07T01:30:00+00:00,1607.16
2026-06-07T01:45:00+00:00,1628.92
2026-06-07T02:00:00+00:00,1605.92
2026-06-07T02:15:00+00:00,1612.4
2026-06-07T02:30:00+00:00,1626.2
2026-06-07T02:45:00+00:00,1618.64
2026-06-07T03:00:00+00:00,1652.92
2026-06-07T03:15:00+00:00,1605.32
2026-06-07T03:30:00+00:00,1592.0
2026-06-07T03:45:00+00:00,1611.6
2026-06-07T04:00:00+00:00,1625.28
2026-06-07T04:15:00+00:00,1607.4
2026-06-07T04:30:00+00:00,1620.64
2026-06-07T04:45:00+00:00,1643.6
2026-06-07T05:00:00+00:00,1604.08
2026-06-07T05:15:00+00:00,4313.28
2026-06-07T05:30:00+00:00,6838.76
2026-06-07T05:45:00+00:00,9303.92
2026-06-07T06:00:00+00:00,11485.64
2026-06-07T06:15:00+00:00,13387.44
2026-06-07T06:30:00+00:00,14888.28
2026-06-07T06:45:00+00:00,16090.48
2026-06-07T07:00:00+00:00,17018.68
2026-06-07T07:15:00+00:00,17220.84
2026-06-07T07:30:00+00:00,16816.6
2026-06-07T07:45:00+00:00,16359.04
2026-06-07T08:00:00+00:00,15158.52
2026-06-07T08:15:00+00:00,13943.28
2026-06-07T08:30:00+00:00,12288.48
2026-06-07T08:45:00+00:00,10618.48
2026-06-07T09:00:00+00:00,8294.44
2026-06-07T09:15:00+00:00,7888.68
2026-06-07T09:30:00+00:00,7144.52
2026-06-07T09:45:00+00:00,6363.92
2026-06-07T10:00:00+00:00,5554.4
2026-06-07T10:15:00+00:00,4608.64
2026-06-07T10:30:00+00:00,3665.96
2026-06-07T10:45:00+00:00,2628.4
2026-06-07T11:00:00+00:00,1615.56
2026-06-07T11:15:00+00:00,1591.2
2026-06-07T11:30:00+00:00,1607.88
2026-06-07T11:45:00+00:00,1605.88
2026-06-07T12:00:00+00:00,1629.0
2026-06-07T12:15:00+00:00,1612.44
2026-06-07T12:30:00+00:00,1611.8
2026-06-07T12:45:00+00:00,1608.88
2026-06-07T13:00:00+00:00,1587.16
2026-06-07T13:15:00+00:00,3255.2
2026-06-07T13:30:00+00:00,4834.8
2026-06-07T13:45:00+00:00,6209.4
2026-06-07T14:00:00+00:00,7495.0
2026-06-07T14:15:00+00:00,8633.56
2026-06-07T14:30:00+00:00,9381.56
2026-06-07T14:45:00+00:00,9980.84
2026-06-07T15:00:00+00:00,10102.96
2026-06-07T15:15:00+00:00,9831.88
2026-06-07T15:30:00+00:00,9365.56
2026-06-07T15:45:00+00:00,8582.68
2026-06-07T16:00:00+00:00,7392.6
2026-06-07T16:15:00+00:00,6220.12
2026-06-07T16:30:00+00:00,4832.88
2026-06-07T16:45:00+00:00,3205.68
2026-06-07T17:00:00+00:00,1616.08
2026-06-07T17:15:00+00:00,2686.16
2026-06-07T17:30:00+00:00,3641.32
2026-06-07T17:45:00+00:00,4637.76
2026-06-07T18:00:00+00:00,5575.2
2026-06-07T18:15:00+00:00,6376.6
2026-06-07T18:30:00+00:00,7157.2
2026-06-07T18:45:00+00:00,7885.12
2026-06-07T19:00:00+00:00,8490.52
2026-06-07T19:15:00+00:00,8899.96
2026-06-07T19:30:00+00:00,9114.72
2026-06-07T19:45:00+00:00,9525.88
2026-06-07T20:00:00+00:00,9525.6
2026-06-07T20:15:00+00:00,9373.6
2026-06-07T20:30:00+00:00,9245.64
2026-06-07T20:45:00+00:00,8743.16
2026-06-07T21:00:00+00:00,8365.28
2026-06-07T21:15:00+00:00,9480.12
2026-06-07T21:30:00+00:00,10468.8
2026-06-07T21:45:00+00:00,10885.56
2026-06-07T22:00:00+00:00,11409.56
2026-06-07T22:15:00+00:00,11633.84
2026-06-07T22:30:00+00:00,11252.0
2026-06-07T22:45:00+00:00,10962.56
2026-06-07T23:00:00+00:00,10004.44
2026-06-07T23:15:00+00:00,9654.08
2026-06-07T23:30:00+00:00,9309.2
2026-06-07T23:45:00+00:00,8615.2
2026-06-08T00:00:00+00:00,7576.16
2026-06-08T00:15:00+00:00,6351.32
2026-06-08T00:30:00+00:00,4800.92
2026-06-08T00:45:00+00:00,3277.68
2026-06-08T01:00:00+00:00,1605.48
2026-06-08T01:15:00+00:00,1619.6
2026-06-08T01:30:00+00:00,1621.36
2026-06-08T01:45:00+00:00,1616.88
2026-06-08T02:00:00+00:00,1625.52
2026-06-08T02:15:00+00:00,1628.08
2026-06-08T02:30:00+00:00,1620.92
2026-06-08T02:45:00+00:00,1599.04
2026-06-08T03:00:00+00:00,1621.84
2026-06-08T03:15:00+00:00,1608.92
2026-06-08T03:30:00+00:00,1617.76
2026-06-08T03:45:00+00:00,1620.2
2026-06-08T04:00:00+00:00,1613.48
2026-06-08T04:15:00+00:00,1618.04
2026-06-08T04:30:00+00:00,1590.72
2026-06-08T04:45:00+00:00,1633.08
2026-06-08T05:00:00+00:00,1609.16
2026-06-08T05:15:00+00:00,4363.44
2026-06-08T05:30:00+00:00,6909.36
2026-06-08T05:45:00+00:00,9189.8
2026-06-08T06:00:00+00:00,11489.36
2026-06-08T06:15:00+00:00,13230.84
2026-06-08T06:30:00+00:00,14806.08
2026-06-08T06:45:00+00:00,16110.24
2026-06-08T07:00:00+00:00,16856.92
2026-06-08T07:15:00+00:00,17229.68
2026-06-08T07:30:00+00:00,17138.36
2026-06-08T07:45:00+00:00,16479.8
2026-06-08T08:00:00+00:00,18416.04
2026-06-08T08:15:00+00:00,16640.0
2026-06-08T08:30:00+00:00,14605.2
2026-06-08T08:45:00+00:00,12604.92
2026-06-08T09:00:00+00:00,10095.48
2026-06-08T09:15:00+00:00,9274.32
2026-06-08T09:30:00+00:00,8460.2
2026-06-08T09:45:00+00:00,7496.6
2026-06-08T10:00:00+00:00,6619.48
2026-06-08T10:15:00+00:00,5523.32
2026-06-08T10:30:00+00:00,4356.36
2026-06-08T10:45:00+00:00,3139.6
2026-06-08T11:00:00+00:00,1936.2
2026-06-08T11:15:00+00:00,1904.8
2026-06-08T11:30:00+00:00,1957.84
2026-06-08T11:45:00+00:00,1952.72
2026-06-08T12:00:00+00:00,1939.4
2026-06-08T12:15:00+00:00,1931.52
2026-06-08T12:30:00+00:00,1920.28
2026-06-08T12:45:00+00:00,1928.28
2026-06-08T13:00:00+00:00,1921.64
2026-06-08T13:15:00+00:00,3855.92
2026-06-08T13:30:00+00:00,5728.64
2026-06-08T13:45:00+00:00,7484.6
2026-06-08T14:00:00+00:00,8988.24
2026-06-08T14:15:00+00:00,10158.2
2026-06-08T14:30:00+00:00,10881.6
2026-06-08T14:45:00+00:00,11557.72
2026-06-08T15:00:00+00:00,11781.64
2026-06-08T15:15:00+00:00,11696.88
2026-06-08T15:30:00+00:00,11120.52
2026-06-08T15:45:00+00:00,10142.6
2026-06-08T16:00:00+00:00,8904.28
2026-06-08T16:15:00+00:00,7480.48
2026-06-08T16:30:00+00:00,5710.52
2026-06-08T16:45:00+00:00,3820.16
2026-06-08T17:00:00+00:00,1625.88
2026-06-08T17:15:00+00:00,2611.52
2026-06-08T17:30:00+00:00,3672.08
2026-06-08T17:45:00+00:00,4589.48
2026-06-08T18:00:00+00:00,5604.24
2026-06-08T18:15:00+00:00,6439.16
2026-06-08T18:30:00+00:00,7217.64
2026-06-08T18:45:00+00:00,7756.2
2026-06-08T19:00:00+00:00,8451.56
2026-06-08T19:15:00+00:00,8763.04
2026-06-08T19:30:00+00:00,9231.28
2026-06-08T19:45:00+00:00,9440.6
2026-06-08T20:00:00+00:00,9459.04
2026-06-08T20:15:00+00:00,9446.76
2026-06-08T20:30:00+00:00,9154.96
2026-06-08T20:45:00+00:00,8832.68
2026-06-08T21:00:00+00:00,8401.0
2026-06-08T21:15:00+00:00,9323.24
2026-06-08T21:30:00+00:00,10366.8
2026-06-08T21:45:00+00:00,11027.56
2026-06-08T22:00:00+00:00,11489.96
2026-06-08T22:15:00+00:00,11492.96
2026-06-08T22:30:00+00:00,11344.44
2026-06-08T22:45:00+00:00,10791.64
2026-06-08T23:00:00+00:00,9958.28
2026-06-08T23:15:00+00:00,9871.36
2026-06-08T23:30:00+00:00,9227.6
2026-06-08T23:45:00+00:00,8620.76
2026-06-09T00:00:00+00:00,7515.76
2026-06-09T00:15:00+00:00,6281.48
2026-06-09T00:30:00+00:00,4760.88
2026-06-09T00:45:00+00:00,3239.76
2026-06-09T01:00:00+00:00,1612.44
2026-06-09T01:15:00+00:00,1612.76
2026-06-09T01:30:00+00:00,1607.68
2026-06-09T01:45:00+00:00,1604.12
2026-06-09T02:00:00+00:00,1622.76
2026-06-09T02:15:00+00:00,1623.4
2026-06-09T02:30:00+00:00,1609.44
2026-06-09T02:45:00+00:00,1592.72
2026-06-09T03:00:00+00:00,1613.28
2026-06-09T03:15:00+00:00,1634.4
2026-06-09T03:30:00+00:00,1627.32
2026-06-09T03:45:00+00:00,1618.08
2026-06-09T04:00:00+00:00,1626.4
2026-06-09T04:15:00+00:00,1620.04
2026-06-09T04:30:00+00:00,1633.24
2026-06-09T04:45:00+00:00,1628.68
2026-06-09T05:00:00+00:00,1610.72
2026-06-09T05:15:00+00:00,4266.8
2026-06-09T05:30:00+00:00,6754.68
2026-06-09T05:45:00+00:00,9250.6
2026-06-09T06:00:00+00:00,11398.68
2026-06-09T06:15:00+00:00,13360.24
2026-06-09T06:30:00+00:00,14774.68
2026-06-09T06:45:00+00:00,16194.04
2026-06-09T07:00:00+00:00,16782.88
2026-06-09T07:15:00+00:00,17159.28
2026-06-09T07:30:00+00:00,16801.92
2026-06-09T07:45:00+00:00,16094.84
2026-06-09T08:00:00+00:00,18243.96
2026-06-09T08:15:00+00:00,16670.48
2026-06-09T08:30:00+00:00,14640.6
2026-06-09T08:45:00+00:00,12525.6
2026-06-09T09:00:00+00:00,10070.04
2026-06-09T09:15:00+00:00,9390.84
2026-06-09T09:30:00+00:00,8639.84
2026-06-09T09:45:00+00:00,7628.28
2026-06-09T10:00:00+00:00,6561.92
2026-06-09T10:15:00+00:00,5490.36
2026-06-09T10:30:00+00:00,4418.16
2026-06-09T10:45:00+00:00,3103.84
2026-06-09T11:00:00+00:00,1940.8
2026-06-09T11:15:00+00:00,1927.2
2026-06-09T11:30:00+00:00,1930.72
2026-06-09T11:45:00+00:00,1915.72
2026-06-09T12:00:00+00:00,1954.12
2026-06-09T12:15:00+00:00,1896.04
2026-06-09T12:30:00+00:00,1931.24
2026-06-09T12:45:00+00:00,1954.24
2026-06-09T13:00:00+00:00,1931.16
2026-06-09T13:15:00+00:00,3820.56
2026-06-09T13:30:00+00:00,5689.96
2026-06-09T13:45:00+00:00,7355.12
2026-06-09T14:00:00+00:00,9021.76
2026-06-09T14:15:00+00:00,10093.36
2026-06-09T14:30:00+00:00,11130.56
2026-06-09T14:45:00+00:00,11666.36
2026-06-09T15:00:00+00:00,11836.68
2026-06-09T15:15:00+00:00,11582.4
2026-06-09T15:30:00+00:00,11267.44
2026-06-09T15:45:00+00:00,10314.68
2026-06-09T16:00:00+00:00,8976.08
2026-06-09T16:15:00+00:00,7458.32
2026-06-09T16:30:00+00:00,5756.12
2026-06-09T16:45:00+00:00,3844.32
2026-06-09T17:00:00+00:00,1630.16
2026-06-09T17:15:00+00:00,2647.52
2026-06-09T17:30:00+00:00,3672.04
2026-06-09T17:45:00+00:00,4624.88
2026-06-09T18:00:00+00:00,5546.8
2026-06-09T18:15:00+00:00,6373.6
2026-06-09T18:30:00+00:00,7151.68
2026-06-09T18:45:00+00:00,7826.6
2026-06-09T19:00:00+00:00,8466.04
2026-06-09T19:15:00+00:00,8946.4
2026-06-09T19:30:00+00:00,9325.0
2026-06-09T19:45:00+00:00,9382.24
2026-06-09T20:00:00+00:00,9482.64
2026-06-09T20:15:00+00:00,9319.24
2026-06-09T20:30:00+00:00,9171.04
2026-06-09T20:45:00+00:00,8797.2
2026-06-09T21:00:00+00:00,8453.32
2026-06-09T21:15:00+00:00,9461.68
2026-06-09T21:30:00+00:00,10214.8
2026-06-09T21:45:00+00:00,11141.08
2026-06-09T22:00:00+00:00,11412.28
2026-06-09T22:15:00+00:00,11594.2
2026-06-09T22:30:00+00:00,11254.92
2026-06-09T22:45:00+00:00,10830.28
2026-06-09T23:00:00+00:00,9957.68
2026-06-09T23:15:00+00:00,9753.24
2026-06-09T23:30:00+00:00,9291.76
2026-06-09T23:45:00+00:00,8523.92
2026-06-10T00:00:00+00:00,7442.24
2026-06-10T00:15:00+00:00,6243.32
2026-06-10T00:30:00+00:00,4902.96
2026-06-10T00:45:00+00:00,3250.12
2026-06-10T01:00:00+00:00,1630.8
2026-06-10T01:15:00+00:00,1614.48
2026-06-10T01:30:00+00:00,1630.8
2026-06-10T01:45:00+00:00,1608.88
2026-06-10T02:00:00+00:00,1616.72
2026-06-10T02:15:00+00:00,1610.96
2026-06-10T02:30:00+00:00,1630.52
2026-06-10T02:45:00+00:00,1619.68
2026-06-10T03:00:00+00:00,1618.76
2026-06-10T03:15:00+00:00,1602.48
2026-06-10T03:30:00+00:00,1648.12
2026-06-10T03:45:00+00:00,1605.84
2026-06-10T04:00:00+00:00,1648.52
2026-06-10T04:15:00+00:00,1628.64
2026-06-10T04:30:00+00:00,1628.0
2026-06-10T04:45:00+00:00,1588.0
2026-06-10T05:00:00+00:00,1632.2
2026-06-10T05:15:00+00:00,4298.28
2026-06-10T05:30:00+00:00,6863.56
2026-06-10T05:45:00+00:00,9279.76
2026-06-10T06:00:00+00:00,11519.52
2026-06-10T06:15:00+00:00,13298.36
2026-06-10T06:30:00+00:00,14956.04
2026-06-10T06:45:00+00:00,15864.4
2026-06-10T07:00:00+00:00,16962.72
2026-06-10T07:15:00+00:00,16981.76
2026-06-10T07:30:00+00:00,17026.48
2026-06-10T07:45:00+00:00,16280.56
2026-06-10T08:00:00+00:00,18268.32
2026-06-10T08:15:00+00:00,16632.96
2026-06-10T08:30:00+00:00,14576.84
2026-06-10T08:45:00+00:00,12582.28
2026-06-10T09:00:00+00:00,9898.6
2026-06-10T09:15:00+00:00,9367.12
2026-06-10T09:30:00+00:00,8726.72
2026-06-10T09:45:00+00:00,7636.84
2026-06-10T10:00:00+00:00,6619.24
2026-06-10T10:15:00+00:00,5518.16
2026-06-10T10:30:00+00:00,4328.72
2026-06-10T10:45:00+00:00,3144.4
2026-06-10T11:00:00+00:00,1918.8
2026-06-10T11:15:00+00:00,1894.88
2026-06-10T11:30:00+00:00,1929.72
2026-06-10T11:45:00+00:00,1957.68
2026-06-10T12:00:00+00:00,1934.64
2026-06-10T12:15:00+00:00,1935.08
2026-06-10T12:30:00+00:00,1921.4
2026-06-10T12:45:00+00:00,1953.8
2026-06-10T13:00:00+00:00,1943.88
2026-06-10T13:15:00+00:00,3902.68
2026-06-10T13:30:00+00:00,5693.04
2026-06-10T13:45:00+00:00,7369.64
2026-06-10T14:00:00+00:00,9037.44
2026-06-10T14:15:00+00:00,10195.2
2026-06-10T14:30:00+00:00,11145.44
2026-06-10T14:45:00+00:00,11692.12
2026-06-10T15:00:00+00:00,11901.88
2026-06-10T15:15:00+00:00,11699.96
2026-06-10T15:30:00+00:00,11090.96
2026-06-10T15:45:00+00:00,10093.84
2026-06-10T16:00:00+00:00,8936.52
2026-06-10T16:15:00+00:00,7552.04
2026-06-10T16:30:00+00:00,5656.32
2026-06-10T16:45:00+00:00,3869.36
2026-06-10T17:00:00+00:00,1623.08
2026-06-10T17:15:00+00:00,2635.08
2026-06-10T17:30:00+00:00,3671.2
2026-06-10T17:45:00+00:00,4670.44
2026-06-10T18:00:00+00:00,5541.2
2026-06-10T18:15:00+00:00,6483.84
2026-06-10T18:30:00+00:00,7198.16
2026-06-10T18:45:00+00:00,7896.44
2026-06-10T19:00:00+00:00,8303.12
2026-06-10T19:15:00+00:00,8844.8
2026-06-10T19:30:00+00:00,9167.04
2026-06-10T19:45:00+00:00,9323.44
2026-06-10T20:00:00+00:00,9421.2
2026-06-10T20:15:00+00:00,9395.56
2026-06-10T20:30:00+00:00,9108.36
2026-06-10T20:45:00+00:00,8881.92
2026-06-10T21:00:00+00:00,8366.84
2026-06-10T21:15:00+00:00,9587.84
2026-06-10T21:30:00+00:00,10364.4
2026-06-10T21:45:00+00:00,11015.52
2026-06-10T22:00:00+00:00,11522.96
2026-06-10T22:15:00+00:00,11580.04
2026-06-10T22:30:00+00:00,11312.72
2026-06-10T22:45:00+00:00,10667.76
2026-06-10T23:00:00+00:00,9964.56
2026-06-10T23:15:00+00:00,9753.0
2026-06-10T23:30:00+00:00,9362.2
2026-06-10T23:45:00+00:00,8636.28
2026-06-11T00:00:00+00:00,7516.64
2026-06-11T00:15:00+00:00,6300.32
2026-06-11T00:30:00+00:00,4835.64
2026-06-11T00:45:00+00:00,3259.48
2026-06-11T01:00:00+00:00,1617.24
2026-06-11T01:15:00+00:00,1620.32
2026-06-11T01:30:00+00:00,1612.6
2026-06-11T01:45:00+00:00,1607.6
2026-06-11T02:00:00+00:00,1616.32
2026-06-11T02:15:00+00:00,1608.88
2026-06-11T02:30:00+00:00,1645.2
2026-06-11T02:45:00+00:00,1628.6
2026-06-11T03:00:00+00:00,1634.64
2026-06-11T03:15:00+00:00,1628.76
2026-06-11T03:30:00+00:00,1627.8
2026-06-11T03:45:00+00:00,1622.52
2026-06-11T04:00:00+00:00,1601.2
2026-06-11T04:15:00+00:00,1599.6
2026-06-11T04:30:00+00:00,1637.68
2026-06-11T04:45:00+00:00,1619.8
2026-06-11T05:00:00+00:00,1627.12
2026-06-11T05:15:00+00:00,4251.52
2026-06-11T05:30:00+00:00,6929.56
2026-06-11T05:45:00+00:00,9202.84
2026-06-11T06:00:00+00:00,11392.92
2026-06-11T06:15:00+00:00,13349.04
2026-06-11T06:30:00+00:00,14869.48
2026-06-11T06:45:00+00:00,16112.56
2026-06-11T07:00:00+00:00,16582.96
2026-06-11T07:15:00+00:00,17158.68
2026-06-11T07:30:00+00:00,16769.8
2026-06-11T07:45:00+00:00,16354.72
2026-06-11T08:00:00+00:00,18379.4
2026-06-11T08:15:00+00:00,16655.72
2026-06-11T08:30:00+00:00,14756.48
2026-06-11T08:45:00+00:00,12604.88
2026-06-11T09:00:00+00:00,9891.92
2026-06-11T09:15:00+00:00,9281.28
2026-06-11T09:30:00+00:00,8601.76
2026-06-11T09:45:00+00:00,7643.12
2026-06-11T10:00:00+00:00,6659.04
2026-06-11T10:15:00+00:00,5589.44
2026-06-11T10:30:00+00:00,4341.4
2026-06-11T10:45:00+00:00,3119.4
2026-06-11T11:00:00+00:00,1912.52
2026-06-11T11:15:00+00:00,1930.12
2026-06-11T11:30:00+00:00,1936.44
2026-06-11T11:45:00+00:00,1928.84
2026-06-11T12:00:00+00:00,1929.96
2026-06-11T12:15:00+00:00,1925.52
2026-06-11T12:30:00+00:00,1945.92
2026-06-11T12:45:00+00:00,1948.56
2026-06-11T13:00:00+00:00,1924.84
2026-06-11T13:15:00+00:00,3874.56
2026-06-11T13:30:00+00:00,5715.44
2026-06-11T13:45:00+00:00,7301.0
2026-06-11T14:00:00+00:00,8974.12
2026-06-11T14:15:00+00:00,10305.72
2026-06-11T14:30:00+00:00,11020.24
2026-06-11T14:45:00+00:00,11585.36
2026-06-11T15:00:00+00:00,11883.08
2026-06-11T15:15:00+00:00,11485.44
2026-06-11T15:30:00+00:00,11113.72
2026-06-11T15:45:00+00:00,10028.36
2026-06-11T16:00:00+00:00,8914.88
2026-06-11T16:15:00+00:00,7486.76
2026-06-11T16:30:00+00:00,5683.08
2026-06-11T16:45:00+00:00,3859.76
2026-06-11T17:00:00+00:00,1617.4
2026-06-11T17:15:00+00:00,2653.88
2026-06-11T17:30:00+00:00,3645.36
2026-06-11T17:45:00+00:00,4583.8
2026-06-11T18:00:00+00:00,5557.68
2026-06-11T18:15:00+00:00,6450.32
2026-06-11T18:30:00+00:00,7145.8
2026-06-11T18:45:00+00:00,7909.52
2026-06-11T19:00:00+00:00,8413.64
2026-06-11T19:15:00+00:00,8823.0
2026-06-11T19:30:00+00:00,9152.8
2026-06-11T19:45:00+00:00,9311.48
2026-06-11T20:00:00+00:00,9585.0
2026-06-11T20:15:00+00:00,9315.16
2026-06-11T20:30:00+00:00,9220.32
2026-06-11T20:45:00+00:00,8949.4
2026-06-11T21:00:00+00:00,8394.88
2026-06-11T21:15:00+00:00,9407.6
2026-06-11T21:30:00+00:00,10378.52
2026-06-11T21:45:00+00:00,10978.2
2026-06-11T22:00:00+00:00,11493.64
2026-06-11T22:15:00+00:00,11248.32
2026-06-11T22:30:00+00:00,11492.16
2026-06-11T22:45:00+00:00,10759.68
2026-06-11T23:00:00+00:00,9911.08
2026-06-11T23:15:00+00:00,9748.64
2026-06-11T23:30:00+00:00,9205.48
2026-06-11T23:45:00+00:00,8578.4
2026-06-12T00:00:00+00:00,7520.72
2026-06-12T00:15:00+00:00,6237.88
2026-06-12T00:30:00+00:00,4858.52
2026-06-12T00:45:00+00:00,3261.64
2026-06-12T01:00:00+00:00,1635.16
2026-06-12T01:15:00+00:00,1596.32
2026-06-12T01:30:00+00:00,1615.24
2026-06-12T01:45:00+00:00,1631.16
2026-06-12T02:00:00+00:00,1606.2
2026-06-12T02:15:00+00:00,1611.2
2026-06-12T02:30:00+00:00,1613.2
2026-06-12T02:45:00+00:00,1623.08
2026-06-12T03:00:00+00:00,1657.84
2026-06-12T03:15:00+00:00,1609.84
2026-06-12T03:30:00+00:00,1600.6
2026-06-12T03:45:00+00:00,1627.56
2026-06-12T04:00:00+00:00,1610.52
2026-06-12T04:15:00+00:00,1626.32
2026-06-12T04:30:00+00:00,1626.2
2026-06-12T04:45:00+00:00,1623.92
2026-06-12T05:00:00+00:00,1634.68
2026-06-12T05:15:00+00:00,4208.4
2026-06-12T05:30:00+00:00,6891.88
2026-06-12T05:45:00+00:00,9326.08
2026-06-12T06:00:00+00:00,11460.0
2026-06-12T06:15:00+00:00,13245.12
2026-06-12T06:30:00+00:00,14685.8
2026-06-12T06:45:00+00:00,16093.76
2026-06-12T07:00:00+00:00,16675.52
2026-06-12T07:15:00+00:00,16843.76
2026-06-12T07:30:00+00:00,16826.36
2026-06-12T07:45:00+00:00,16335.56
2026-06-12T08:00:00+00:00,18268.44
2026-06-12T08:15:00+00:00,16725.96
2026-06-12T08:30:00+00:00,14835.64
2026-06-12T08:45:00+00:00,12477.48
2026-06-12T09:00:00+00:00,9968.92
2026-06-12T09:15:00+00:00,9472.8
2026-06-12T09:30:00+00:00,8551.76
2026-06-12T09:45:00+00:00,7644.28
2026-06-12T10:00:00+00:00,6567.56
2026-06-12T10:15:00+00:00,5563.6
2026-06-12T10:30:00+00:00,4373.04
2026-06-12T10:45:00+00:00,3153.4
2026-06-12T11:00:00+00:00,1949.76
2026-06-12T11:15:00+00:00,1942.08
2026-06-12T11:30:00+00:00,1932.56
2026-06-12T11:45:00+00:00,1924.44
2026-06-12T12:00:00+00:00,1929.12
2026-06-12T12:15:00+00:00,1939.32
2026-06-12T12:30:00+00:00,1947.84
2026-06-12T12:45:00+00:00,1930.4
2026-06-12T13:00:00+00:00,1951.96
2026-06-12T13:15:00+00:00,3922.6
2026-06-12T13:30:00+00:00,5759.68
2026-06-12T13:45:00+00:00,7418.0
2026-06-12T14:00:00+00:00,8872.36
2026-06-12T14:15:00+00:00,10265.4
2026-06-12T14:30:00+00:00,11130.72
2026-06-12T14:45:00+00:00,11607.28
2026-06-12T15:00:00+00:00,11905.96
2026-06-12T15:15:00+00:00,11800.0
2026-06-12T15:30:00+00:00,11001.08
2026-06-12T15:45:00+00:00,10238.6
2026-06-12T16:00:00+00:00,8933.52
2026-06-12T16:15:00+00:00,7380.72
2026-06-12T16:30:00+00:00,5826.88
2026-06-12T16:45:00+00:00,3914.04
2026-06-12T17:00:00+00:00,1622.44
2026-06-12T17:15:00+00:00,2668.0
2026-06-12T17:30:00+00:00,3652.24
2026-06-12T17:45:00+00:00,4623.56
2026-06-12T18:00:00+00:00,5559.76
2026-06-12T18:15:00+00:00,6421.68
2026-06-12T18:30:00+00:00,7117.96
2026-06-12T18:45:00+00:00,7849.6
2026-06-12T19:00:00+00:00,8498.8
2026-06-12T19:15:00+00:00,8886.72
2026-06-12T19:30:00+00:00,9161.92
2026-06-12T19:45:00+00:00,9460.76
2026-06-12T20:00:00+00:00,9582.28
2026-06-12T20:15:00+00:00,9524.92
2026-06-12T20:30:00+00:00,9209.16
2026-06-12T20:45:00+00:00,8869.28
2026-06-12T21:00:00+00:00,8515.64
2026-06-12T21:15:00+00:00,9467.48
2026-06-12T21:30:00+00:00,10365.16
2026-06-12T21:45:00+00:00,11076.52
2026-06-12T22:00:00+00:00,11537.84
2026-06-12T22:15:00+00:00,11645.84
2026-06-12T22:30:00+00:00,11338.08
2026-06-12T22:45:00+00:00,10713.24
2026-06-12T23:00:00+00:00,9915.0
2026-06-12T23:15:00+00:00,9643.8
2026-06-12T23:30:00+00:00,9294.96
2026-06-12T23:45:00+00:00,8528.68
2026-06-13T00:00:00+00:00,7508.68
2026-06-13T00:15:00+00:00,6231.28
2026-06-13T00:30:00+00:00,4845.56
2026-06-13T00:45:00+00:00,3250.68
2026-06-13T01:00:00+00:00,1614.4
2026-06-13T01:15:00+00:00,1616.16
2026-06-13T01:30:00+00:00,1603.72
2026-06-13T01:45:00+00:00,1616.12
2026-06-13T02:00:00+00:00,1618.6
2026-06-13T02:15:00+00:00,1617.56
2026-06-13T02:30:00+00:00,1620.68
2026-06-13T02:45:00+00:00,1609.52
2026-06-13T03:00:00+00:00,1633.96
2026-06-13T03:15:00+00:00,1610.28
2026-06-13T03:30:00+00:00,1612.56
2026-06-13T03:45:00+00:00,1637.16
2026-06-13T04:00:00+00:00,1616.48
2026-06-13T04:15:00+00:00,1635.8
2026-06-13T04:30:00+00:00,1628.68
2026-06-13T04:45:00+00:00,1619.72
2026-06-13T05:00:00+00:00,1603.12
2026-06-13T05:15:00+00:00,4179.84
2026-06-13T05:30:00+00:00,6822.76
2026-06-13T05:45:00+00:00,9225.12
2026-06-13T06:00:00+00:00,11402.2
2026-06-13T06:15:00+00:00,13335.8
2026-06-13T06:30:00+00:00,14883.88
2026-06-13T06:45:00+00:00,15935.52
2026-06-13T07:00:00+00:00,16578.32
2026-06-13T07:15:00+00:00,17044.84
2026-06-13T07:30:00+00:00,16750.16
2026-06-13T07:45:00+00:00,16237.4
2026-06-13T08:00:00+00:00,15268.6
2026-06-13T08:15:00+00:00,14036.36
2026-06-13T08:30:00+00:00,12478.32
2026-06-13T08:45:00+00:00,10530.8
2026-06-13T09:00:00+00:00,8430.84
2026-06-13T09:15:00+00:00,7884.28
2026-06-13T09:30:00+00:00,7182.32
2026-06-13T09:45:00+00:00,6411.92
2026-06-13T10:00:00+00:00,5553.2
2026-06-13T10:15:00+00:00,4661.08
2026-06-13T10:30:00+00:00,3604.04
2026-06-13T10:45:00+00:00,2654.08
2026-06-13T11:00:00+00:00,1657.72
2026-06-13T11:15:00+00:00,1638.32
2026-06-13T11:30:00+00:00,1602.56
2026-06-13T11:45:00+00:00,1611.0
2026-06-13T12:00:00+00:00,1616.16
2026-06-13T12:15:00+00:00,1613.32
2026-06-13T12:30:00+00:00,1641.16
2026-06-13T12:45:00+00:00,1622.6
2026-06-13T13:00:00+00:00,1604.4
2026-06-13T13:15:00+00:00,3233.2
2026-06-13T13:30:00+00:00,4788.88
2026-06-13T13:45:00+00:00,6244.56
2026-06-13T14:00:00+00:00,7475.56
2026-06-13T14:15:00+00:00,8570.76
2026-06-13T14:30:00+00:00,9217.36
2026-06-13T14:45:00+00:00,9623.36
2026-06-13T15:00:00+00:00,10041.0
2026-06-13T15:15:00+00:00,9875.92
2026-06-13T15:30:00+00:00,9275.64
2026-06-13T15:45:00+00:00,8603.04
2026-06-13T16:00:00+00:00,7515.88
2026-06-13T16:15:00+00:00,6236.0
2026-06-13T16:30:00+00:00,4775.12
2026-06-13T16:45:00+00:00,3297.04
2026-06-13T17:00:00+00:00,1616.12
2026-06-13T17:15:00+00:00,2655.04
2026-06-13T17:30:00+00:00,3620.92
2026-06-13T17:45:00+00:00,4658.44
2026-06-13T18:00:00+00:00,5536.16
2026-06-13T18:15:00+00:00,6363.92
2026-06-13T18:30:00+00:00,7095.92
2026-06-13T18:45:00+00:00,7779.64
2026-06-13T19:00:00+00:00,8398.72
2026-06-13T19:15:00+00:00,8972.92
2026-06-13T19:30:00+00:00,9182.52
2026-06-13T19:45:00+00:00,9451.84
2026-06-13T20:00:00+00:00,9503.24
2026-06-13T20:15:00+00:00,9282.76
2026-06-13T20:30:00+00:00,9143.84
2026-06-13T20:45:00+00:00,8805.52
2026-06-13T21:00:00+00:00,8496.24
2026-06-13T21:15:00+00:00,9473.88
2026-06-13T21:30:00+00:00,10473.48
2026-06-13T21:45:00+00:00,10991.52
2026-06-13T22:00:00+00:00,11365.44
2026-06-13T22:15:00+00:00,11390.76
2026-06-13T22:30:00+00:00,11398.36
2026-06-13T22:45:00+00:00,10787.08
2026-06-13T23:00:00+00:00,9937.48
2026-06-13T23:15:00+00:00,9803.76
2026-06-13T23:30:00+00:00,9408.56
2026-06-13T23:45:00+00:00,8629.24
2026-06-14T00:00:00+00:00,7442.76
2026-06-14T00:15:00+00:00,6242.36
2026-06-14T00:30:00+00:00,4721.4
2026-06-14T00:45:00+00:00,3211.52
2026-06-14T01:00:00+00:00,1599.16
2026-06-14T01:15:00+00:00,1619.28
2026-06-14T01:30:00+00:00,1601.88
2026-06-14T01:45:00+00:00,1590.36
2026-06-14T02:00:00+00:00,1633.52
2026-06-14T02:15:00+00:00,1604.2
2026-06-14T02:30:00+00:00,1619.64
2026-06-14T02:45:00+00:00,1623.64
2026-06-14T03:00:00+00:00,1626.44
2026-06-14T03:15:00+00:00,1630.36
2026-06-14T03:30:00+00:00,1623.92
2026-06-14T03:45:00+00:00,1588.84
2026-06-14T04:00:00+00:00,1627.44
2026-06-14T04:15:00+00:00,1628.56
2026-06-14T04:30:00+00:00,1617.84
2026-06-14T04:45:00+00:00,1613.16
2026-06-14T05:00:00+00:00,1634.32
2026-06-14T05:15:00+00:00,4275.44
2026-06-14T05:30:00+00:00,6842.32
2026-06-14T05:45:00+00:00,9246.04
2026-06-14T06:00:00+00:00,11428.68
2026-06-14T06:15:00+00:00,13341.96
2026-06-14T06:30:00+00:00,14819.68
2026-06-14T06:45:00+00:00,15972.68
2026-06-14T07:00:00+00:00,16786.72
2026-06-14T07:15:00+00:00,17154.48
2026-06-14T07:30:00+00:00,16889.96
2026-06-14T07:45:00+00:00,16218.12
2026-06-14T08:00:00+00:00,15325.52
2026-06-14T08:15:00+00:00,14120.96
2026-06-14T08:30:00+00:00,12327.84
2026-06-14T08:45:00+00:00,10606.6
2026-06-14T09:00:00+00:00,8401.12
2026-06-14T09:15:00+00:00,7865.76
2026-06-14T09:30:00+00:00,7164.72
2026-06-14T09:45:00+00:00,6451.4
2026-06-14T10:00:00+00:00,5537.96
2026-06-14T10:15:00+00:00,4625.56
2026-06-14T10:30:00+00:00,3729.16
2026-06-14T10:45:00+00:00,2626.96
2026-06-14T11:00:00+00:00,1610.92
2026-06-14T11:15:00+00:00,1588.08
2026-06-14T11:30:00+00:00,1622.64
2026-06-14T11:45:00+00:00,1617.32
2026-06-14T12:00:00+00:00,1627.4
2026-06-14T12:15:00+00:00,1611.4
2026-06-14T12:30:00+00:00,1611.12
2026-06-14T12:45:00+00:00,1639.28
2026-06-14T13:00:00+00:00,1627.04
2026-06-14T13:15:00+00:00,3283.04
2026-06-14T13:30:00+00:00,4830.4
2026-06-14T13:45:00+00:00,6247.4
2026-06-14T14:00:00+00:00,7481.04
2026-06-14T14:15:00+00:00,8572.44
2026-06-14T14:30:00+00:00,9292.12
2026-06-14T14:45:00+00:00,9826.0
2026-06-14T15:00:00+00:00,9923.88
2026-06-14T15:15:00+00:00,9883.92
2026-06-14T15:30:00+00:00,9340.48
2026-06-14T15:45:00+00:00,8609.84
2026-06-14T16:00:00+00:00,7424.32
2026-06-14T16:15:00+00:00,6285.56
2026-06-14T16:30:00+00:00,4812.16
2026-06-14T16:45:00+00:00,3262.84
2026-06-14T17:00:00+00:00,1630.68
2026-06-14T17:15:00+00:00,2676.08
2026-06-14T17:30:00+00:00,3660.44
2026-06-14T17:45:00+00:00,4644.08
2026-06-14T18:00:00+00:00,5555.84
2026-06-14T18:15:00+00:00,6442.72
2026-06-14T18:30:00+00:00,7265.68
2026-06-14T18:45:00+00:00,7751.8
2026-06-14T19:00:00+00:00,8384.56
2026-06-14T19:15:00+00:00,8902.16
2026-06-14T19:30:00+00:00,9237.2
2026-06-14T19:45:00+00:00,9399.4
2026-06-14T20:00:00+00:00,9529.68
2026-06-14T20:15:00+00:00,9425.04
2026-06-14T20:30:00+00:00,9162.88
2026-06-14T20:45:00+00:00,8868.96
2026-06-14T21:00:00+00:00,8475.32
2026-06-14T21:15:00+00:00,9614.28
2026-06-14T21:30:00+00:00,10242.72
2026-06-14T21:45:00+00:00,11099.84
2026-06-14T22:00:00+00:00,11521.36
2026-06-14T22:15:00+00:00,11434.8
2026-06-14T22:30:00+00:00,11528.08
2026-06-14T22:45:00+00:00,10881.88
2026-06-14T23:00:00+00:00,9990.4
2026-06-14T23:15:00+00:00,9743.32
2026-06-14T23:30:00+00:00,9457.24
2026-06-14T23:45:00+00:00,8527.92
2026-06-15T00:00:00+00:00,7539.72
2026-06-15T00:15:00+00:00,6154.56
2026-06-15T00:30:00+00:00,4815.08
2026-06-15T00:45:00+00:00,3245.0
2026-06-15T01:00:00+00:00,1626.8
2026-06-15T01:15:00+00:00,1633.0
2026-06-15T01:30:00+00:00,1612.76
2026-06-15T01:45:00+00:00,1639.2
2026-06-15T02:00:00+00:00,1650.0
2026-06-15T02:15:00+00:00,1611.44
2026-06-15T02:30:00+00:00,1636.92
2026-06-15T02:45:00+00:00,1611.72
2026-06-15T03:00:00+00:00,1623.12
2026-06-15T03:15:00+00:00,1618.4
2026-06-15T03:30:00+00:00,1619.92
2026-06-15T03:45:00+00:00,1624.6
2026-06-15T04:00:00+00:00,1636.28
2026-06-15T04:15:00+00:00,1594.48
2026-06-15T04:30:00+00:00,1619.24
2026-06-15T04:45:00+00:00,1619.84
2026-06-15T05:00:00+00:00,1633.56
2026-06-15T05:15:00+00:00,4212.72
2026-06-15T05:30:00+00:00,6833.36
2026-06-15T05:45:00+00:00,9186.28
2026-06-15T06:00:00+00:00,11508.2
2026-06-15T06:15:00+00:00,13522.56
2026-06-15T06:30:00+00:00,14736.48
2026-06-15T06:45:00+00:00,16001.12
2026-06-15T07:00:00+00:00,16737.8
2026-06-15T07:15:00+00:00,17286.08
2026-06-15T07:30:00+00:00,16943.64
2026-06-15T07:45:00+00:00,16303.84
2026-06-15T08:00:00+00:00,18311.64
2026-06-15T08:15:00+00:00,16791.2
2026-06-15T08:30:00+00:00,14795.56
2026-06-15T08:45:00+00:00,12427.48
2026-06-15T09:00:00+00:00,10172.28
2026-06-15T09:15:00+00:00,9225.16
2026-06-15T09:30:00+00:00,8562.68
2026-06-15T09:45:00+00:00,7664.48
2026-06-15T10:00:00+00:00,6622.88
2026-06-15T10:15:00+00:00,5515.24
2026-06-15T10:30:00+00:00,4297.28
2026-06-15T10:45:00+00:00,3126.92
2026-06-15T11:00:00+00:00,1940.88
2026-06-15T11:15:00+00:00,1924.04
2026-06-15T11:30:00+00:00,1929.88
2026-06-15T11:45:00+00:00,1951.0
2026-06-15T12:00:00+00:00,1920.56
2026-06-15T12:15:00+00:00,1904.6
2026-06-15T12:30:00+00:00,1920.84
2026-06-15T12:45:00+00:00,1916.12
2026-06-15T13:00:00+00:00,1927.24
2026-06-15T13:15:00+00:00,3832.12
2026-06-15T13:30:00+00:00,5763.56
2026-06-15T13:45:00+00:00,7466.04
2026-06-15T14:00:00+00:00,9001.32
2026-06-15T14:15:00+00:00,10228.84
2026-06-15T14:30:00+00:00,11290.16
2026-06-15T14:45:00+00:00,11620.36
2026-06-15T15:00:00+00:00,11906.64
2026-06-15T15:15:00+00:00,11596.6
2026-06-15T15:30:00+00:00,11165.08
2026-06-15T15:45:00+00:00,10338.24
2026-06-15T16:00:00+00:00,8957.28
2026-06-15T16:15:00+00:00,7481.44
2026-06-15T16:30:00+00:00,5758.88
2026-06-15T16:45:00+00:00,3854.28
2026-06-15T17:00:00+00:00,1624.6
2026-06-15T17:15:00+00:00,2657.56
2026-06-15T17:30:00+00:00,3617.92
2026-06-15T17:45:00+00:00,4625.08
2026-06-15T18:00:00+00:00,5594.24
2026-06-15T18:15:00+00:00,6501.0
2026-06-15T18:30:00+00:00,7216.48
2026-06-15T18:45:00+00:00,7855.0
2026-06-15T19:00:00+00:00,8566.8
2026-06-15T19:15:00+00:00,8996.68
2026-06-15T19:30:00+00:00,9248.32
2026-06-15T19:45:00+00:00,9351.8
2026-06-15T20:00:00+00:00,9568.24
2026-06-15T20:15:00+00:00,9489.92
2026-06-15T20:30:00+00:00,9211.56
2026-06-15T20:45:00+00:00,8900.44
2026-06-15T21:00:00+00:00,8343.2
2026-06-15T21:15:00+00:00,9556.28
2026-06-15T21:30:00+00:00,10361.92
2026-06-15T21:45:00+00:00,10994.36
2026-06-15T22:00:00+00:00,11383.64
2026-06-15T22:15:00+00:00,11703.76
2026-06-15T22:30:00+00:00,11476.28
2026-06-15T22:45:00+00:00,10906.72
2026-06-15T23:00:00+00:00,10025.32
2026-06-15T23:15:00+00:00,9712.2
2026-06-15T23:30:00+00:00,9362.16
2026-06-15T23:45:00+00:00,8517.84
2026-06-16T00:00:00+00:00,7430.6
2026-06-16T00:15:00+00:00,6144.76
2026-06-16T00:30:00+00:00,4820.88
2026-06-16T00:45:00+00:00,3233.08
2026-06-16T01:00:00+00:00,1609.76
2026-06-16T01:15:00+00:00,1636.08
2026-06-16T01:30:00+00:00,1630.88
2026-06-16T01:45:00+00:00,1630.88
2026-06-16T02:00:00+00:00,1593.84
2026-06-16T02:15:00+00:00,1619.24
2026-06-16T02:30:00+00:00,1603.92
2026-06-16T02:45:00+00:00,1613.92
2026-06-16T03:00:00+00:00,1605.04
2026-06-16T03:15:00+00:00,1638.6
2026-06-16T03:30:00+00:00,1623.0
2026-06-16T03:45:00+00:00,1616.36
2026-06-16T04:00:00+00:00,1597.2
2026-06-16T04:15:00+00:00,1606.36
2026-06-16T04:30:00+00:00,1598.36
2026-06-16T04:45:00+00:00,1605.32
2026-06-16T05:00:00+00:00,1620.36
2026-06-16T05:15:00+00:00,4259.8
2026-06-16T05:30:00+00:00,6850.92
2026-06-16T05:45:00+00:00,9334.36
2026-06-16T06:00:00+00:00,11612.2
2026-06-16T06:15:00+00:00,13296.56
2026-06-16T06:30:00+00:00,15018.16
2026-06-16T06:45:00+00:00,15967.36
2026-06-16T07:00:00+00:00,16528.84
2026-06-16T07:15:00+00:00,17039.16
2026-06-16T07:30:00+00:00,16928.36
2026-06-16T07:45:00+00:00,16286.72
2026-06-16T08:00:00+00:00,18434.72
2026-06-16T08:15:00+00:00,16658.96
2026-06-16T08:30:00+00:00,14718.56
2026-06-16T08:45:00+00:00,12648.0
2026-06-16T09:00:00+00:00,9968.04
2026-06-16T09:15:00+00:00,9356.4
2026-06-16T09:30:00+00:00,8526.6
2026-06-16T09:45:00+00:00,7584.16
2026-06-16T10:00:00+00:00,6607.12
2026-06-16T10:15:00+00:00,5505.84
2026-06-16T10:30:00+00:00,4327.12
2026-06-16T10:45:00+00:00,3165.36
2026-06-16T11:00:00+00:00,1909.32
2026-06-16T11:15:00+00:00,1945.6
2026-06-16T11:30:00+00:00,1935.28
2026-06-16T11:45:00+00:00,1959.48
2026-06-16T12:00:00+00:00,1907.6
2026-06-16T12:15:00+00:00,1907.56
2026-06-16T12:30:00+00:00,1925.32
2026-06-16T12:45:00+00:00,1924.84
2026-06-16T13:00:00+00:00,1927.48
2026-06-16T13:15:00+00:00,3910.84
2026-06-16T13:30:00+00:00,5706.08
2026-06-16T13:45:00+00:00,7399.56
2026-06-16T14:00:00+00:00,8869.96
2026-06-16T14:15:00+00:00,10094.24
2026-06-16T14:30:00+00:00,11088.2
2026-06-16T14:45:00+00:00,11676.76
2026-06-16T15:00:00+00:00,11970.48
2026-06-16T15:15:00+00:00,11726.6
2026-06-16T15:30:00+00:00,11195.0
2026-06-16T15:45:00+00:00,10129.96
2026-06-16T16:00:00+00:00,8892.2
2026-06-16T16:15:00+00:00,7499.48
2026-06-16T16:30:00+00:00,5703.48
2026-06-16T16:45:00+00:00,3886.2
2026-06-16T17:00:00+00:00,1637.68
2026-06-16T17:15:00+00:00,2618.48
2026-06-16T17:30:00+00:00,3670.48
2026-06-16T17:45:00+00:00,4634.44
2026-06-16T18:00:00+00:00,5525.12
2026-06-16T18:15:00+00:00,6463.56
2026-06-16T18:30:00+00:00,7176.28
2026-06-16T18:45:00+00:00,7889.8
2026-06-16T19:00:00+00:00,8530.64
2026-06-16T19:15:00+00:00,8901.76
2026-06-16T19:30:00+00:00,9153.12
2026-06-16T19:45:00+00:00,9572.68
2026-06-16T20:00:00+00:00,9454.64
2026-06-16T20:15:00+00:00,9353.12
2026-06-16T20:30:00+00:00,9237.68
2026-06-16T20:45:00+00:00,8825.16
2026-06-16T21:00:00+00:00,8362.92
2026-06-16T21:15:00+00:00,9536.72
2026-06-16T21:30:00+00:00,10303.96
2026-06-16T21:45:00+00:00,11052.04
2026-06-16T22:00:00+00:00,11477.0
2026-06-16T22:15:00+00:00,11360.28
2026-06-16T22:30:00+00:00,11380.48
2026-06-16T22:45:00+00:00,10790.2
2026-06-16T23:00:00+00:00,10063.96
2026-06-16T23:15:00+00:00,9783.12
2026-06-16T23:30:00+00:00,9272.88
2026-06-16T23:45:00+00:00,8467.96
2026-06-17T00:00:00+00:00,7456.72
2026-06-17T00:15:00+00:00,6213.64
2026-06-17T00:30:00+00:00,4821.48
2026-06-17T00:45:00+00:00,3263.8
2026-06-17T01:00:00+00:00,1597.2
2026-06-17T01:15:00+00:00,1640.96
2026-06-17T01:30:00+00:00,1624.76
2026-06-17T01:45:00+00:00,1616.92
2026-06-17T02:00:00+00:00,1629.16
2026-06-17T02:15:00+00:00,1622.76
2026-06-17T02:30:00+00:00,1626.96
2026-06-17T02:45:00+00:00,1611.0
2026-06-17T03:00:00+00:00,1609.48
2026-06-17T03:15:00+00:00,1637.04
2026-06-17T03:30:00+00:00,1629.6
2026-06-17T03:45:00+00:00,1609.72
2026-06-17T04:00:00+00:00,1656.4
2026-06-17T04:15:00+00:00,1628.24
2026-06-17T04:30:00+00:00,1628.96
2026-06-17T04:45:00+00:00,1626.52
2026-06-17T05:00:00+00:00,1601.04
2026-06-17T05:15:00+00:00,4266.8
2026-06-17T05:30:00+00:00,6801.44
2026-06-17T05:45:00+00:00,9151.6
2026-06-17T06:00:00+00:00,11487.28
2026-06-17T06:15:00+00:00,13414.44
2026-06-17T06:30:00+00:00,14884.32
2026-06-17T06:45:00+00:00,15902.44
2026-06-17T07:00:00+00:00,16576.56
2026-06-17T07:15:00+00:00,16928.4
2026-06-17T07:30:00+00:00,16767.48
2026-06-17T07:45:00+00:00,16513.2
2026-06-17T08:00:00+00:00,18356.04
2026-06-17T08:15:00+00:00,16625.36
2026-06-17T08:30:00+00:00,14878.96
2026-06-17T08:45:00+00:00,12386.16
2026-06-17T09:00:00+00:00,10051.6
2026-06-17T09:15:00+00:00,9417.28
2026-06-17T09:30:00+00:00,8515.44
2026-06-17T09:45:00+00:00,7606.16
2026-06-17T10:00:00+00:00,6648.44
2026-06-17T10:15:00+00:00,5432.24
2026-06-17T10:30:00+00:00,4393.96
2026-06-17T10:45:00+00:00,3137.88
2026-06-17T11:00:00+00:00,1942.16
2026-06-17T11:15:00+00:00,1919.56
2026-06-17T11:30:00+00:00,1939.76
2026-06-17T11:45:00+00:00,1915.64
2026-06-17T12:00:00+00:00,1916.28
2026-06-17T12:15:00+00:00,1949.88
2026-06-17T12:30:00+00:00,1929.8
2026-06-17T12:45:00+00:00,1945.0
2026-06-17T13:00:00+00:00,1934.4
2026-06-17T13:15:00+00:00,3835.28
2026-06-17T13:30:00+00:00,5725.24
2026-06-17T13:45:00+00:00,7405.44
2026-06-17T14:00:00+00:00,8968.68
2026-06-17T14:15:00+00:00,10142.56
2026-06-17T14:30:00+00:00,11149.76
2026-06-17T14:45:00+00:00,11539.12
2026-06-17T15:00:00+00:00,11846.68
2026-06-17T15:15:00+00:00,11779.16
2026-06-17T15:30:00+00:00,11264.12
2026-06-17T15:45:00+00:00,10169.88
2026-06-17T16:00:00+00:00,8981.96
2026-06-17T16:15:00+00:00,7433.36
2026-06-17T16:30:00+00:00,5761.6
2026-06-17T16:45:00+00:00,3831.52
2026-06-17T17:00:00+00:00,1579.56
2026-06-17T17:15:00+00:00,2633.6
2026-06-17T17:30:00+00:00,3647.44
2026-06-17T17:45:00+00:00,4571.16
2026-06-17T18:00:00+00:00,5490.8
2026-06-17T18:15:00+00:00,6389.08
2026-06-17T18:30:00+00:00,7245.64
2026-06-17T18:45:00+00:00,7744.64
2026-06-17T19:00:00+00:00,8401.6
2026-06-17T19:15:00+00:00,8935.96
2026-06-17T19:30:00+00:00,9316.96
2026-06-17T19:45:00+00:00,9429.16
2026-06-17T20:00:00+00:00,9386.4
2026-06-17T20:15:00+00:00,9352.44
2026-06-17T20:30:00+00:00,9259.36
2026-06-17T20:45:00+00:00,8923.72
2026-06-17T21:00:00+00:00,8348.32
2026-06-17T21:15:00+00:00,9552.08
2026-06-17T21:30:00+00:00,10343.08
2026-06-17T21:45:00+00:00,10978.16
2026-06-17T22:00:00+00:00,11407.16
2026-06-17T22:15:00+00:00,11566.68
2026-06-17T22:30:00+00:00,11227.68
2026-06-17T22:45:00+00:00,10796.16
2026-06-17T23:00:00+00:00,9911.04
2026-06-17T23:15:00+00:00,9846.48
2026-06-17T23:30:00+00:00,9399.16
2026-06-17T23:45:00+00:00,8514.0
2026-06-18T00:00:00+00:00,7539.64
2026-06-18T00:15:00+00:00,6283.96
2026-06-18T00:30:00+00:00,4823.12
2026-06-18T00:45:00+00:00,3225.08
2026-06-18T01:00:00+00:00,1604.4
2026-06-18T01:15:00+00:00,1633.48
2026-06-18T01:30:00+00:00,1614.88
2026-06-18T01:45:00+00:00,1615.52
2026-06-18T02:00:00+00:00,1629.04
2026-06-18T02:15:00+00:00,1615.44
2026-06-18T02:30:00+00:00,1624.24
2026-06-18T02:45:00+00:00,1639.72
2026-06-18T03:00:00+00:00,1617.08
2026-06-18T03:15:00+00:00,1609.8
2026-06-18T03:30:00+00:00,1652.48
2026-06-18T03:45:00+00:00,1632.64
2026-06-18T04:00:00+00:00,1612.44
2026-06-18T04:15:00+00:00,1603.28
2026-06-18T04:30:00+00:00,1620.04
2026-06-18T04:45:00+00:00,1612.52
2026-06-18T05:00:00+00:00,1602.76
2026-06-18T05:15:00+00:00,4273.24
2026-06-18T05:30:00+00:00,6817.76
2026-06-18T05:45:00+00:00,9251.84
2026-06-18T06:00:00+00:00,11417.8
2026-06-18T06:15:00+00:00,13274.6
2026-06-18T06:30:00+00:00,14977.68
2026-06-18T06:45:00+00:00,15950.36
2026-06-18T07:00:00+00:00,16770.4
2026-06-18T07:15:00+00:00,16895.8
2026-06-18T07:30:00+00:00,16993.76
2026-06-18T07:45:00+00:00,16439.52
2026-06-18T08:00:00+00:00,18371.12
2026-06-18T08:15:00+00:00,16728.76
2026-06-18T08:30:00+00:00,14914.8
2026-06-18T08:45:00+00:00,12574.36
2026-06-18T09:00:00+00:00,10012.92
2026-06-18T09:15:00+00:00,9352.48
2026-06-18T09:30:00+00:00,8557.8
2026-06-18T09:45:00+00:00,7674.88
2026-06-18T10:00:00+00:00,6621.88
2026-06-18T10:15:00+00:00,5568.36
2026-06-18T10:30:00+00:00,4395.96
2026-06-18T10:45:00+00:00,3151.36
2026-06-18T11:00:00+00:00,1921.6
2026-06-18T11:15:00+00:00,1917.48
2026-06-18T11:30:00+00:00,1941.88
2026-06-18T11:45:00+00:00,1917.84
2026-06-18T12:00:00+00:00,1940.88
2026-06-18T12:15:00+00:00,1950.64
2026-06-18T12:30:00+00:00,1914.2
2026-06-18T12:45:00+00:00,1951.4
2026-06-18T13:00:00+00:00,1906.52
2026-06-18T13:15:00+00:00,3888.24
2026-06-18T13:30:00+00:00,5693.04
2026-06-18T13:45:00+00:00,7441.16
2026-06-18T14:00:00+00:00,8958.76
2026-06-18T14:15:00+00:00,10258.52
2026-06-18T14:30:00+00:00,11076.8
2026-06-18T14:45:00+00:00,11479.52
2026-06-18T15:00:00+00:00,11795.96
2026-06-18T15:15:00+00:00,11738.04
2026-06-18T15:30:00+00:00,11245.4
2026-06-18T15:45:00+00:00,10279.36
2026-06-18T16:00:00+00:00,9007.96
2026-06-18T16:15:00+00:00,7502.24
2026-06-18T16:30:00+00:00,5666.88
2026-06-18T16:45:00+00:00,3865.56
2026-06-18T17:00:00+00:00,1619.52
2026-06-18T17:15:00+00:00,2637.36
2026-06-18T17:30:00+00:00,3634.56
2026-06-18T17:45:00+00:00,4634.48
2026-06-18T18:00:00+00:00,5500.88
2026-06-18T18:15:00+00:00,6486.16
2026-06-18T18:30:00+00:00,7143.56
2026-06-18T18:45:00+00:00,7853.36
2026-06-18T19:00:00+00:00,8533.44
2026-06-18T19:15:00+00:00,8909.08
2026-06-18T19:30:00+00:00,9234.6
2026-06-18T19:45:00+00:00,9530.56
2026-06-18T20:00:00+00:00,9543.8
2026-06-18T20:15:00+00:00,9420.32
2026-06-18T20:30:00+00:00,9279.96
2026-06-18T20:45:00+00:00,8883.96
2026-06-18T21:00:00+00:00,8518.56
2026-06-18T21:15:00+00:00,9428.72
2026-06-18T21:30:00+00:00,10335.04
2026-06-18T21:45:00+00:00,10976.56
2026-06-18T22:00:00+00:00,11326.8
2026-06-18T22:15:00+00:00,11540.96
2026-06-18T22:30:00+00:00,11481.72
2026-06-18T22:45:00+00:00,10855.04
2026-06-18T23:00:00+00:00,10092.68
2026-06-18T23:15:00+00:00,9807.08
2026-06-18T23:30:00+00:00,9264.36
2026-06-18T23:45:00+00:00,8485.64
2026-06-19T00:00:00+00:00,7470.44
2026-06-19T00:15:00+00:00,6307.92
2026-06-19T00:30:00+00:00,4810.88
2026-06-19T00:45:00+00:00,3284.32
2026-06-19T01:00:00+00:00,1619.72
2026-06-19T01:15:00+00:00,1639.24
2026-06-19T01:30:00+00:00,1620.0
2026-06-19T01:45:00+00:00,1616.36
2026-06-19T02:00:00+00:00,1621.68
2026-06-19T02:15:00+00:00,1626.68
2026-06-19T02:30:00+00:00,1610.12
2026-06-19T02:45:00+00:00,1601.04
2026-06-19T03:00:00+00:00,1621.92
2026-06-19T03:15:00+00:00,1634.04
2026-06-19T03:30:00+00:00,1607.92
2026-06-19T03:45:00+00:00,1618.08
2026-06-19T04:00:00+00:00,1635.6
2026-06-19T04:15:00+00:00,1643.36
2026-06-19T04:30:00+00:00,1633.0
2026-06-19T04:45:00+00:00,1611.16
2026-06-19T05:00:00+00:00,1606.68
2026-06-19T05:15:00+00:00,4187.96
2026-06-19T05:30:00+00:00,6909.64
2026-06-19T05:45:00+00:00,9305.28
2026-06-19T06:00:00+00:00,11468.52
2026-06-19T06:15:00+00:00,13202.6
2026-06-19T06:30:00+00:00,14784.64
2026-06-19T06:45:00+00:00,15921.24
2026-06-19T07:00:00+00:00,16864.28
2026-06-19T07:15:00+00:00,17125.12
2026-06-19T07:30:00+00:00,16925.24
2026-06-19T07:45:00+00:00,16386.56
2026-06-19T08:00:00+00:00,18333.12
2026-06-19T08:15:00+00:00,16680.92
2026-06-19T08:30:00+00:00,14695.24
2026-06-19T08:45:00+00:00,12327.24
2026-06-19T09:00:00+00:00,10093.28
2026-06-19T09:15:00+00:00,9266.52
2026-06-19T09:30:00+00:00,8614.88
2026-06-19T09:45:00+00:00,7639.24
2026-06-19T10:00:00+00:00,6578.2
2026-06-19T10:15:00+00:00,5500.84
2026-06-19T10:30:00+00:00,4364.52
2026-06-19T10:45:00+00:00,3114.84
2026-06-19T11:00:00+00:00,1935.24
2026-06-19T11:15:00+00:00,1934.64
2026-06-19T11:30:00+00:00,1935.6
2026-06-19T11:45:00+00:00,1937.56
2026-06-19T12:00:00+00:00,1932.96
2026-06-19T12:15:00+00:00,1942.88
2026-06-19T12:30:00+00:00,1913.96
2026-06-19T12:45:00+00:00,1918.84
2026-06-19T13:00:00+00:00,1926.04
2026-06-19T13:15:00+00:00,3786.44
2026-06-19T13:30:00+00:00,5726.36
2026-06-19T13:45:00+00:00,7554.88
2026-06-19T14:00:00+00:00,8873.52
2026-06-19T14:15:00+00:00,10213.52
2026-06-19T14:30:00+00:00,11023.72
2026-06-19T14:45:00+00:00,11547.6
2026-06-19T15:00:00+00:00,11830.76
2026-06-19T15:15:00+00:00,11592.72
2026-06-19T15:30:00+00:00,11101.76
2026-06-19T15:45:00+00:00,10234.44
2026-06-19T16:00:00+00:00,8961.2
2026-06-19T16:15:00+00:00,7461.16
2026-06-19T16:30:00+00:00,5757.12
2026-06-19T16:45:00+00:00,3797.44
2026-06-19T17:00:00+00:00,1644.6
2026-06-19T17:15:00+00:00,2610.32
2026-06-19T17:30:00+00:00,3690.6
2026-06-19T17:45:00+00:00,4574.76
2026-06-19T18:00:00+00:00,5561.2
2026-06-19T18:15:00+00:00,6340.24
2026-06-19T18:30:00+00:00,7213.32
2026-06-19T18:45:00+00:00,7921.6
2026-06-19T19:00:00+00:00,8435.16
2026-06-19T19:15:00+00:00,8955.6
2026-06-19T19:30:00+00:00,9270.52
2026-06-19T19:45:00+00:00,9425.96
2026-06-19T20:00:00+00:00,9463.76
2026-06-19T20:15:00+00:00,9581.32
2026-06-19T20:30:00+00:00,9227.12
2026-06-19T20:45:00+00:00,8981.88
2026-06-19T21:00:00+00:00,8286.96
2026-06-19T21:15:00+00:00,9432.48
2026-06-19T21:30:00+00:00,10218.88
2026-06-19T21:45:00+00:00,10897.88
2026-06-19T22:00:00+00:00,11506.96
2026-06-19T22:15:00+00:00,11497.04
2026-06-19T22:30:00+00:00,11471.0
2026-06-19T22:45:00+00:00,10963.76
2026-06-19T23:00:00+00:00,9892.68
2026-06-19T23:15:00+00:00,9753.52
2026-06-19T23:30:00+00:00,9350.28
2026-06-19T23:45:00+00:00,8655.24
2026-06-20T00:00:00+00:00,7516.92
2026-06-20T00:15:00+00:00,6222.72
2026-06-20T00:30:00+00:00,4834.76
2026-06-20T00:45:00+00:00,3251.56
2026-06-20T01:00:00+00:00,1612.92
2026-06-20T01:15:00+00:00,1598.64
2026-06-20T01:30:00+00:00,1628.0
2026-06-20T01:45:00+00:00,1625.4
2026-06-20T02:00:00+00:00,1604.4
2026-06-20T02:15:00+00:00,1633.88
2026-06-20T02:30:00+00:00,1609.4
2026-06-20T02:45:00+00:00,1624.64
2026-06-20T03:00:00+00:00,1621.76
2026-06-20T03:15:00+00:00,1610.4
2026-06-20T03:30:00+00:00,1633.0
2026-06-20T03:45:00+00:00,1617.04
2026-06-20T04:00:00+00:00,1618.64
2026-06-20T04:15:00+00:00,1621.32
2026-06-20T04:30:00+00:00,1622.96
2026-06-20T04:45:00+00:00,1635.0
2026-06-20T05:00:00+00:00,1626.0
2026-06-20T05:15:00+00:00,4276.24
2026-06-20T05:30:00+00:00,6896.48
2026-06-20T05:45:00+00:00,9258.92
2026-06-20T06:00:00+00:00,11434.6
2026-06-20T06:15:00+00:00,13111.52
2026-06-20T06:30:00+00:00,14934.44
2026-06-20T06:45:00+00:00,16256.32
2026-06-20T07:00:00+00:00,16800.36
2026-06-20T07:15:00+00:00,17066.68
2026-06-20T07:30:00+00:00,17008.64
2026-06-20T07:45:00+00:00,16326.2
2026-06-20T08:00:00+00:00,15350.36
2026-06-20T08:15:00+00:00,14135.08
2026-06-20T08:30:00+00:00,12315.76
2026-06-20T08:45:00+00:00,10479.92
2026-06-20T09:00:00+00:00,8376.48
2026-06-20T09:15:00+00:00,7926.28
2026-06-20T09:30:00+00:00,7153.72
2026-06-20T09:45:00+00:00,6429.48
2026-06-20T10:00:00+00:00,5542.24
2026-06-20T10:15:00+00:00,4671.2
2026-06-20T10:30:00+00:00,3612.64
2026-06-20T10:45:00+00:00,2651.84
2026-06-20T11:00:00+00:00,1624.8
2026-06-20T11:15:00+00:00,1622.28
2026-06-20T11:30:00+00:00,1622.84
2026-06-20T11:45:00+00:00,1602.12
2026-06-20T12:00:00+00:00,1624.36
2026-06-20T12:15:00+00:00,1602.6
2026-06-20T12:30:00+00:00,1611.92
2026-06-20T12:45:00+00:00,1626.0
2026-06-20T13:00:00+00:00,1609.72
2026-06-20T13:15:00+00:00,3187.6
2026-06-20T13:30:00+00:00,4860.92
2026-06-20T13:45:00+00:00,6216.72
2026-06-20T14:00:00+00:00,7564.4
2026-06-20T14:15:00+00:00,8561.76
2026-06-20T14:30:00+00:00,9229.08
2026-06-20T14:45:00+00:00,9773.44
2026-06-20T15:00:00+00:00,10051.92
2026-06-20T15:15:00+00:00,9776.36
2026-06-20T15:30:00+00:00,9333.48
2026-06-20T15:45:00+00:00,8703.36
2026-06-20T16:00:00+00:00,7450.48
2026-06-20T16:15:00+00:00,6281.6
2026-06-20T16:30:00+00:00,4877.8
2026-06-20T16:45:00+00:00,3221.44
2026-06-20T17:00:00+00:00,1632.12
2026-06-20T17:15:00+00:00,2618.56
2026-06-20T17:30:00+00:00,3620.16
2026-06-20T17:45:00+00:00,4636.64
2026-06-20T18:00:00+00:00,5603.08
2026-06-20T18:15:00+00:00,6342.04
2026-06-20T18:30:00+00:00,7148.76
2026-06-20T18:45:00+00:00,7723.96
2026-06-20T19:00:00+00:00,8367.32
2026-06-20T19:15:00+00:00,8945.56
2026-06-20T19:30:00+00:00,9208.44
2026-06-20T19:45:00+00:00,9471.64
2026-06-20T20:00:00+00:00,9528.28
2026-06-20T20:15:00+00:00,9395.2
2026-06-20T20:30:00+00:00,9265.24
2026-06-20T20:45:00+00:00,8870.84
2026-06-20T21:00:00+00:00,8388.6
2026-06-20T21:15:00+00:00,9460.28
2026-06-20T21:30:00+00:00,10373.84
2026-06-20T21:45:00+00:00,11160.0
2026-06-20T22:00:00+00:00,11368.48
2026-06-20T22:15:00+00:00,11464.8
2026-06-20T22:30:00+00:00,11411.72
2026-06-20T22:45:00+00:00,10984.96
2026-06-20T23:00:00+00:00,9967.2
2026-06-20T23:15:00+00:00,9713.96
2026-06-20T23:30:00+00:00,9370.92
2026-06-20T23:45:00+00:00,8563.88
2026-06-21T00:00:00+00:00,7483.6
2026-06-21T00:15:00+00:00,6200.28
2026-06-21T00:30:00+00:00,4820.04
2026-06-21T00:45:00+00:00,3258.68
2026-06-21T01:00:00+00:00,1624.92
2026-06-21T01:15:00+00:00,1628.92
2026-06-21T01:30:00+00:00,1618.2
2026-06-21T01:45:00+00:00,1627.32
2026-06-21T02:00:00+00:00,1624.12
2026-06-21T02:15:00+00:00,1612.52
2026-06-21T02:30:00+00:00,1624.4
2026-06-21T02:45:00+00:00,1587.96
2026-06-21T03:00:00+00:00,1641.36
2026-06-21T03:15:00+00:00,1633.52
2026-06-21T03:30:00+00:00,1613.52
2026-06-21T03:45:00+00:00,1602.8
2026-06-21T04:00:00+00:00,1624.8
2026-06-21T04:15:00+00:00,1642.36
2026-06-21T04:30:00+00:00,1632.0
2026-06-21T04:45:00+00:00,1610.04
2026-06-21T05:00:00+00:00,1621.88
2026-06-21T05:15:00+00:00,4210.08
2026-06-21T05:30:00+00:00,6788.84
2026-06-21T05:45:00+00:00,9266.2
2026-06-21T06:00:00+00:00,11386.6
2026-06-21T06:15:00+00:00,13445.92
2026-06-21T06:30:00+00:00,14873.52
2026-06-21T06:45:00+00:00,15980.44
2026-06-21T07:00:00+00:00,16875.08
2026-06-21T07:15:00+00:00,17017.72
2026-06-21T07:30:00+00:00,16915.12
2026-06-21T07:45:00+00:00,16371.96
2026-06-21T08:00:00+00:00,15366.36
2026-06-21T08:15:00+00:00,13958.32
2026-06-21T08:30:00+00:00,12407.16
2026-06-21T08:45:00+00:00,10400.28
2026-06-21T09:00:00+00:00,8470.64
2026-06-21T09:15:00+00:00,7792.16
2026-06-21T09:30:00+00:00,7134.04
2026-06-21T09:45:00+00:00,6399.68
2026-06-21T10:00:00+00:00,5597.76
2026-06-21T10:15:00+00:00,4648.08
2026-06-21T10:30:00+00:00,3639.6
2026-06-21T10:45:00+00:00,2631.4
2026-06-21T11:00:00+00:00,1581.84
2026-06-21T11:15:00+00:00,1624.56
2026-06-21T11:30:00+00:00,1644.64
2026-06-21T11:45:00+00:00,1610.8
2026-06-21T12:00:00+00:00,1624.64
2026-06-21T12:15:00+00:00,1608.68
2026-06-21T12:30:00+00:00,1630.64
2026-06-21T12:45:00+00:00,1630.52
2026-06-21T13:00:00+00:00,1608.0
2026-06-21T13:15:00+00:00,3289.44
2026-06-21T13:30:00+00:00,4810.36
2026-06-21T13:45:00+00:00,6297.24
2026-06-21T14:00:00+00:00,7532.92
2026-06-21T14:15:00+00:00,8574.16
2026-06-21T14:30:00+00:00,9261.24
2026-06-21T14:45:00+00:00,9667.2
2026-06-21T15:00:00+00:00,9863.4
2026-06-21T15:15:00+00:00,9758.16
2026-06-21T15:30:00+00:00,9345.16
2026-06-21T15:45:00+00:00,8614.36
2026-06-21T16:00:00+00:00,7530.16
2026-06-21T16:15:00+00:00,6269.16
2026-06-21T16:30:00+00:00,4822.28
2026-06-21T16:45:00+00:00,3232.56
2026-06-21T17:00:00+00:00,1625.36
2026-06-21T17:15:00+00:00,2627.04
2026-06-21T17:30:00+00:00,3700.32
2026-06-21T17:45:00+00:00,4566.64
2026-06-21T18:00:00+00:00,5489.52
2026-06-21T18:15:00+00:00,6375.8
2026-06-21T18:30:00+00:00,7264.76
2026-06-21T18:45:00+00:00,7842.92
2026-06-21T19:00:00+00:00,8438.88
2026-06-21T19:15:00+00:00,8829.52
2026-06-21T19:30:00+00:00,9034.8
2026-06-21T19:45:00+00:00,9494.44
2026-06-21T20:00:00+00:00,9546.32
2026-06-21T20:15:00+00:00,9311.04
2026-06-21T20:30:00+00:00,9247.04
2026-06-21T20:45:00+00:00,8906.16
2026-06-21T21:00:00+00:00,8572.64
2026-06-21T21:15:00+00:00,9594.28
2026-06-21T21:30:00+00:00,10411.52
2026-06-21T21:45:00+00:00,11087.08
2026-06-21T22:00:00+00:00,11498.04
2026-06-21T22:15:00+00:00,11552.36
2026-06-21T22:30:00+00:00,11350.28
2026-06-21T22:45:00+00:00,10818.64
2026-06-21T23:00:00+00:00,9967.8
2026-06-21T23:15:00+00:00,9852.48
2026-06-21T23:30:00+00:00,9289.6
2026-06-21T23:45:00+00:00,8587.84
2026-06-22T00:00:00+00:00,7549.6
2026-06-22T00:15:00+00:00,6219.0
2026-06-22T00:30:00+00:00,4794.56
2026-06-22T00:45:00+00:00,3242.76
2026-06-22T01:00:00+00:00,1612.56
2026-06-22T01:15:00+00:00,1630.32
2026-06-22T01:30:00+00:00,1612.68
2026-06-22T01:45:00+00:00,1607.12
2026-06-22T02:00:00+00:00,1637.84
2026-06-22T02:15:00+00:00,1615.68
2026-06-22T02:30:00+00:00,1658.72
2026-06-22T02:45:00+00:00,1617.64
2026-06-22T03:00:00+00:00,1625.8
2026-06-22T03:15:00+00:00,1615.52
2026-06-22T03:30:00+00:00,1596.6
2026-06-22T03:45:00+00:00,1616.64
2026-06-22T04:00:00+00:00,1631.2
2026-06-22T04:15:00+00:00,1623.64
2026-06-22T04:30:00+00:00,1611.96
2026-06-22T04:45:00+00:00,1615.56
2026-06-22T05:00:00+00:00,1608.72
2026-06-22T05:15:00+00:00,4270.36
2026-06-22T05:30:00+00:00,6762.76
2026-06-22T05:45:00+00:00,9186.08
2026-06-22T06:00:00+00:00,11526.36
2026-06-22T06:15:00+00:00,13449.8
2026-06-22T06:30:00+00:00,14962.6
2026-06-22T06:45:00+00:00,16250.16
2026-06-22T07:00:00+00:00,16916.04
2026-06-22T07:15:00+00:00,17023.0
2026-06-22T07:30:00+00:00,16889.84
2026-06-22T07:45:00+00:00,16370.12
2026-06-22T08:00:00+00:00,18448.92
2026-06-22T08:15:00+00:00,16847.4
2026-06-22T08:30:00+00:00,14743.04
2026-06-22T08:45:00+00:00,12768.68
2026-06-22T09:00:00+00:00,9954.32
2026-06-22T09:15:00+00:00,9351.0
2026-06-22T09:30:00+00:00,8647.36
2026-06-22T09:45:00+00:00,7725.56
2026-06-22T10:00:00+00:00,6512.12
2026-06-22T10:15:00+00:00,5498.52
2026-06-22T10:30:00+00:00,4374.84
2026-06-22T10:45:00+00:00,3167.24
2026-06-22T11:00:00+00:00,1947.84
2026-06-22T11:15:00+00:00,1952.72
2026-06-22T11:30:00+00:00,1934.68
2026-06-22T11:45:00+00:00,1935.92
2026-06-22T12:00:00+00:00,1929.8
2026-06-22T12:15:00+00:00,1933.0
2026-06-22T12:30:00+00:00,1925.08
2026-06-22T12:45:00+00:00,1923.4
2026-06-22T13:00:00+00:00,1933.2
2026-06-22T13:15:00+00:00,3816.32
2026-06-22T13:30:00+00:00,5755.12
2026-06-22T13:45:00+00:00,7409.64
2026-06-22T14:00:00+00:00,8820.48
2026-06-22T14:15:00+00:00,10157.72
2026-06-22T14:30:00+00:00,11225.64
2026-06-22T14:45:00+00:00,11622.68
2026-06-22T15:00:00+00:00,11939.92
2026-06-22T15:15:00+00:00,11542.68
2026-06-22T15:30:00+00:00,11125.32
2026-06-22T15:45:00+00:00,10066.84
2026-06-22T16:00:00+00:00,8966.4
2026-06-22T16:15:00+00:00,7424.08
2026-06-22T16:30:00+00:00,5704.44
2026-06-22T16:45:00+00:00,3854.96
2026-06-22T17:00:00+00:00,1615.48
2026-06-22T17:15:00+00:00,2646.68
2026-06-22T17:30:00+00:00,3653.68
2026-06-22T17:45:00+00:00,4583.0
2026-06-22T18:00:00+00:00,5513.92
2026-06-22T18:15:00+00:00,6380.6
2026-06-22T18:30:00+00:00,7111.48
2026-06-22T18:45:00+00:00,7831.76
2026-06-22T19:00:00+00:00,8447.04
2026-06-22T19:15:00+00:00,8853.6
2026-06-22T19:30:00+00:00,9199.0
2026-06-22T19:45:00+00:00,9413.08
2026-06-22T20:00:00+00:00,9497.32
2026-06-22T20:15:00+00:00,9421.64
2026-06-22T20:30:00+00:00,9197.64
2026-06-22T20:45:00+00:00,8793.76
2026-06-22T21:00:00+00:00,8372.36
2026-06-22T21:15:00+00:00,9540.96
2026-06-22T21:30:00+00:00,10360.32
2026-06-22T21:45:00+00:00,11081.8
2026-06-22T22:00:00+00:00,11482.64
2026-06-22T22:15:00+00:00,11579.48
2026-06-22T22:30:00+00:00,11260.28
2026-06-22T22:45:00+00:00,10825.36
2026-06-22T23:00:00+00:00,9890.88
2026-06-22T23:15:00+00:00,9797.44
2026-06-22T23:30:00+00:00,9319.2
2026-06-22T23:45:00+00:00,8546.96
2026-06-23T00:00:00+00:00,7462.52
2026-06-23T00:15:00+00:00,6210.76
2026-06-23T00:30:00+00:00,4802.56
2026-06-23T00:45:00+00:00,3234.48
2026-06-23T01:00:00+00:00,1612.04
2026-06-23T01:15:00+00:00,1628.92
2026-06-23T01:30:00+00:00,1602.4
2026-06-23T01:45:00+00:00,1624.4
2026-06-23T02:00:00+00:00,1623.32
2026-06-23T02:15:00+00:00,1635.72
2026-06-23T02:30:00+00:00,1609.68
2026-06-23T02:45:00+00:00,1626.68
2026-06-23T03:00:00+00:00,1606.96
2026-06-23T03:15:00+00:00,1626.16
2026-06-23T03:30:00+00:00,1618.16
2026-06-23T03:45:00+00:00,1624.92
2026-06-23T04:00:00+00:00,1633.32
2026-06-23T04:15:00+00:00,1600.96
2026-06-23T04:30:00+00:00,1594.44
2026-06-23T04:45:00+00:00,1613.84
2026-06-23T05:00:00+00:00,1638.6
2026-06-23T05:15:00+00:00,4217.16
2026-06-23T05:30:00+00:00,6934.64
2026-06-23T05:45:00+00:00,9213.28
2026-06-23T06:00:00+00:00,11532.48
2026-06-23T06:15:00+00:00,13461.16
2026-06-23T06:30:00+00:00,14819.44
2026-06-23T06:45:00+00:00,15966.12
2026-06-23T07:00:00+00:00,16637.16
2026-06-23T07:15:00+00:00,17048.4
2026-06-23T07:30:00+00:00,16830.0
2026-06-23T07:45:00+00:00,16398.08
2026-06-23T08:00:00+00:00,18460.56
2026-06-23T08:15:00+00:00,16724.64
2026-06-23T08:30:00+00:00,14791.32
2026-06-23T08:45:00+00:00,12486.08
2026-06-23T09:00:00+00:00,10065.08
2026-06-23T09:15:00+00:00,9340.04
2026-06-23T09:30:00+00:00,8575.64
2026-06-23T09:45:00+00:00,7665.48
2026-06-23T10:00:00+00:00,6581.48
2026-06-23T10:15:00+00:00,5461.28
2026-06-23T10:30:00+00:00,4350.84
2026-06-23T10:45:00+00:00,3164.4
2026-06-23T11:00:00+00:00,1905.96
2026-06-23T11:15:00+00:00,1925.28
2026-06-23T11:30:00+00:00,1931.72
2026-06-23T11:45:00+00:00,1961.68
2026-06-23T12:00:00+00:00,1914.6
2026-06-23T12:15:00+00:00,1930.36
2026-06-23T12:30:00+00:00,1908.2
2026-06-23T12:45:00+00:00,1941.76
2026-06-23T13:00:00+00:00,1937.28
2026-06-23T13:15:00+00:00,3860.68
2026-06-23T13:30:00+00:00,5725.4
2026-06-23T13:45:00+00:00,7477.68
2026-06-23T14:00:00+00:00,9097.32
2026-06-23T14:15:00+00:00,10214.92
2026-06-23T14:30:00+00:00,11099.8
2026-06-23T14:45:00+00:00,11680.84
2026-06-23T15:00:00+00:00,11915.32
2026-06-23T15:15:00+00:00,11792.04
2026-06-23T15:30:00+00:00,10919.8
2026-06-23T15:45:00+00:00,10167.28
2026-06-23T16:00:00+00:00,8870.0
2026-06-23T16:15:00+00:00,7565.56
2026-06-23T16:30:00+00:00,5797.56
2026-06-23T16:45:00+00:00,3869.12
2026-06-23T17:00:00+00:00,1621.08
2026-06-23T17:15:00+00:00,2610.56
2026-06-23T17:30:00+00:00,3652.76
2026-06-23T17:45:00+00:00,4614.52
2026-06-23T18:00:00+00:00,5557.96
2026-06-23T18:15:00+00:00,6484.28
2026-06-23T18:30:00+00:00,7272.64
2026-06-23T18:45:00+00:00,7844.24
2026-06-23T19:00:00+00:00,8371.2
2026-06-23T19:15:00+00:00,8954.52
2026-06-23T19:30:00+00:00,9267.6
2026-06-23T19:45:00+00:00,9440.96
2026-06-23T20:00:00+00:00,9595.8
2026-06-23T20:15:00+00:00,9423.04
2026-06-23T20:30:00+00:00,9311.2
2026-06-23T20:45:00+00:00,8899.6
2026-06-23T21:00:00+00:00,8454.08
2026-06-23T21:15:00+00:00,9505.32
2026-06-23T21:30:00+00:00,10363.28
2026-06-23T21:45:00+00:00,11155.92
2026-06-23T22:00:00+00:00,11477.0
2026-06-23T22:15:00+00:00,11531.6
2026-06-23T22:30:00+00:00,11376.04
2026-06-23T22:45:00+00:00,10688.44
2026-06-23T23:00:00+00:00,9803.84
2026-06-23T23:15:00+00:00,9840.96
2026-06-23T23:30:00+00:00,9416.68
2026-06-23T23:45:00+00:00,8490.6
2026-06-24T00:00:00+00:00,7476.0
2026-06-24T00:15:00+00:00,6263.6
2026-06-24T00:30:00+00:00,4877.4
2026-06-24T00:45:00+00:00,3200.52
2026-06-24T01:00:00+00:00,1643.4
2026-06-24T01:15:00+00:00,1619.92
2026-06-24T01:30:00+00:00,1615.64
2026-06-24T01:45:00+00:00,1611.88
2026-06-24T02:00:00+00:00,1593.52
2026-06-24T02:15:00+00:00,1603.84
2026-06-24T02:30:00+00:00,1611.88
2026-06-24T02:45:00+00:00,1628.64
2026-06-24T03:00:00+00:00,1616.44
2026-06-24T03:15:00+00:00,1599.76
2026-06-24T03:30:00+00:00,1623.16
2026-06-24T03:45:00+00:00,1614.52
2026-06-24T04:00:00+00:00,1613.76
2026-06-24T04:15:00+00:00,1612.08
2026-06-24T04:30:00+00:00,1597.8
2026-06-24T04:45:00+00:00,1631.72
2026-06-24T05:00:00+00:00,1609.0
2026-06-24T05:15:00+00:00,4299.76
2026-06-24T05:30:00+00:00,6802.68
2026-06-24T05:45:00+00:00,9288.64
2026-06-24T06:00:00+00:00,11422.28
2026-06-24T06:15:00+00:00,13195.8
2026-06-24T06:30:00+00:00,14924.0
2026-06-24T06:45:00+00:00,16049.4
2026-06-24T07:00:00+00:00,16649.2
2026-06-24T07:15:00+00:00,17014.68
2026-06-24T07:30:00+00:00,16993.16
2026-06-24T07:45:00+00:00,16159.12
2026-06-24T08:00:00+00:00,18326.36
2026-06-24T08:15:00+00:00,16963.6
2026-06-24T08:30:00+00:00,14909.72
2026-06-24T08:45:00+00:00,12587.88
2026-06-24T09:00:00+00:00,9980.2
2026-06-24T09:15:00+00:00,9436.56
2026-06-24T09:30:00+00:00,8589.48
2026-06-24T09:45:00+00:00,7657.08
2026-06-24T10:00:00+00:00,6484.96
2026-06-24T10:15:00+00:00,5494.56
2026-06-24T10:30:00+00:00,4286.44
2026-06-24T10:45:00+00:00,3178.32
2026-06-24T11:00:00+00:00,1927.2
2026-06-24T11:15:00+00:00,1925.44
2026-06-24T11:30:00+00:00,1907.0
2026-06-24T11:45:00+00:00,1935.96
2026-06-24T12:00:00+00:00,1927.04
2026-06-24T12:15:00+00:00,1931.64
2026-06-24T12:30:00+00:00,1935.68
2026-06-24T12:45:00+00:00,1938.32
2026-06-24T13:00:00+00:00,1927.04
2026-06-24T13:15:00+00:00,3816.76
2026-06-24T13:30:00+00:00,5668.32
2026-06-24T13:45:00+00:00,7535.32
2026-06-24T14:00:00+00:00,8890.28
2026-06-24T14:15:00+00:00,10248.8
2026-06-24T14:30:00+00:00,11110.56
2026-06-24T14:45:00+00:00,11487.4
2026-06-24T15:00:00+00:00,11836.2
2026-06-24T15:15:00+00:00,11577.44
2026-06-24T15:30:00+00:00,11011.8
2026-06-24T15:45:00+00:00,10350.0
2026-06-24T16:00:00+00:00,8984.68
2026-06-24T16:15:00+00:00,7427.44
2026-06-24T16:30:00+00:00,5802.6
2026-06-24T16:45:00+00:00,3876.8
2026-06-24T17:00:00+00:00,1618.48
2026-06-24T17:15:00+00:00,2675.92
2026-06-24T17:30:00+00:00,3632.6
2026-06-24T17:45:00+00:00,4614.64
2026-06-24T18:00:00+00:00,5580.28
2026-06-24T18:15:00+00:00,6454.56
2026-06-24T18:30:00+00:00,7274.96
2026-06-24T18:45:00+00:00,7823.12
2026-06-24T19:00:00+00:00,8329.04
2026-06-24T19:15:00+00:00,8879.4
2026-06-24T19:30:00+00:00,9202.36
2026-06-24T19:45:00+00:00,9536.88
2026-06-24T20:00:00+00:00,9524.92
2026-06-24T20:15:00+00:00,9414.64
2026-06-24T20:30:00+00:00,9171.12
2026-06-24T20:45:00+00:00,8803.04
2026-06-24T21:00:00+00:00,8415.2
2026-06-24T21:15:00+00:00,9476.92
2026-06-24T21:30:00+00:00,10330.96
2026-06-24T21:45:00+00:00,11011.48
2026-06-24T22:00:00+00:00,11508.84
2026-06-24T22:15:00+00:00,11603.6
2026-06-24T22:30:00+00:00,11498.36
2026-06-24T22:45:00+00:00,10691.32
2026-06-24T23:00:00+00:00,9818.92
2026-06-24T23:15:00+00:00,9824.8
2026-06-24T23:30:00+00:00,9337.4
2026-06-24T23:45:00+00:00,8668.92
2026-06-25T00:00:00+00:00,7452.12
2026-06-25T00:15:00+00:00,6301.68
2026-06-25T00:30:00+00:00,4775.96
2026-06-25T00:45:00+00:00,3240.16
2026-06-25T01:00:00+00:00,1619.36
2026-06-25T01:15:00+00:00,1629.12
2026-06-25T01:30:00+00:00,1633.88
2026-06-25T01:45:00+00:00,1635.56
2026-06-25T02:00:00+00:00,1625.84
2026-06-25T02:15:00+00:00,1611.96
2026-06-25T02:30:00+00:00,1616.68
2026-06-25T02:45:00+00:00,1610.12
2026-06-25T03:00:00+00:00,1589.8
2026-06-25T03:15:00+00:00,1616.96
2026-06-25T03:30:00+00:00,1606.72
2026-06-25T03:45:00+00:00,1609.52
2026-06-25T04:00:00+00:00,1604.72
2026-06-25T04:15:00+00:00,1616.32
2026-06-25T04:30:00+00:00,1632.2
2026-06-25T04:45:00+00:00,1624.28
2026-06-25T05:00:00+00:00,1627.68
2026-06-25T05:15:00+00:00,4315.28
2026-06-25T05:30:00+00:00,6886.88
2026-06-25T05:45:00+00:00,9205.88
2026-06-25T06:00:00+00:00,11352.24
2026-06-25T06:15:00+00:00,13295.16
2026-06-25T06:30:00+00:00,14833.56
2026-06-25T06:45:00+00:00,16130.52
2026-06-25T07:00:00+00:00,16828.28
2026-06-25T07:15:00+00:00,17130.6
2026-06-25T07:30:00+00:00,16970.64
2026-06-25T07:45:00+00:00,16235.0
2026-06-25T08:00:00+00:00,18349.64
2026-06-25T08:15:00+00:00,16878.92
2026-06-25T08:30:00+00:00,14672.96
2026-06-25T08:45:00+00:00,12400.24
2026-06-25T09:00:00+00:00,10166.08
2026-06-25T09:15:00+00:00,9397.56
2026-06-25T09:30:00+00:00,8568.76
2026-06-25T09:45:00+00:00,7523.44
2026-06-25T10:00:00+00:00,6650.12
2026-06-25T10:15:00+00:00,5550.48
2026-06-25T10:30:00+00:00,4332.0
2026-06-25T10:45:00+00:00,3101.8
2026-06-25T11:00:00+00:00,1961.2
2026-06-25T11:15:00+00:00,1922.52
2026-06-25T11:30:00+00:00,1925.16
2026-06-25T11:45:00+00:00,1943.28
2026-06-25T12:00:00+00:00,1929.0
2026-06-25T12:15:00+00:00,1936.12
2026-06-25T12:30:00+00:00,1900.36
2026-06-25T12:45:00+00:00,1947.76
2026-06-25T13:00:00+00:00,1923.28
2026-06-25T13:15:00+00:00,3851.32
2026-06-25T13:30:00+00:00,5680.16
2026-06-25T13:45:00+00:00,7460.96
2026-06-25T14:00:00+00:00,9056.88
2026-06-25T14:15:00+00:00,10239.72
2026-06-25T14:30:00+00:00,11210.76
2026-06-25T14:45:00+00:00,11652.84
2026-06-25T15:00:00+00:00,12078.44
2026-06-25T15:15:00+00:00,11855.24
2026-06-25T15:30:00+00:00,11097.32
2026-06-25T15:45:00+00:00,10150.2
2026-06-25T16:00:00+00:00,8810.68
2026-06-25T16:15:00+00:00,7437.72
2026-06-25T16:30:00+00:00,5733.4
2026-06-25T16:45:00+00:00,3898.52
2026-06-25T17:00:00+00:00,1627.2
2026-06-25T17:15:00+00:00,2608.4
2026-06-25T17:30:00+00:00,3658.6
2026-06-25T17:45:00+00:00,4649.32
2026-06-25T18:00:00+00:00,5554.84
2026-06-25T18:15:00+00:00,6375.2
2026-06-25T18:30:00+00:00,7163.76
2026-06-25T18:45:00+00:00,7816.48
2026-06-25T19:00:00+00:00,8440.84
2026-06-25T19:15:00+00:00,8872.16
2026-06-25T19:30:00+00:00,9239.92
2026-06-25T19:45:00+00:00,9381.0
2026-06-25T20:00:00+00:00,9463.24
2026-06-25T20:15:00+00:00,9442.92
2026-06-25T20:30:00+00:00,9227.88
2026-06-25T20:45:00+00:00,8809.04
2026-06-25T21:00:00+00:00,8484.96
2026-06-25T21:15:00+00:00,9501.96
2026-06-25T21:30:00+00:00,10464.92
2026-06-25T21:45:00+00:00,11003.88
2026-06-25T22:00:00+00:00,11313.12
2026-06-25T22:15:00+00:00,11621.48
2026-06-25T22:30:00+00:00,11298.48
2026-06-25T22:45:00+00:00,10866.48
2026-06-25T23:00:00+00:00,10001.28
2026-06-25T23:15:00+00:00,9684.24
2026-06-25T23:30:00+00:00,9446.76
2026-06-25T23:45:00+00:00,8578.96
2026-06-26T00:00:00+00:00,7458.64
2026-06-26T00:15:00+00:00,6304.68
2026-06-26T00:30:00+00:00,4833.64
2026-06-26T00:45:00+00:00,3269.24
2026-06-26T01:00:00+00:00,1639.8
2026-06-26T01:15:00+00:00,1631.12
2026-06-26T01:30:00+00:00,1608.96
2026-06-26T01:45:00+00:00,1636.6
2026-06-26T02:00:00+00:00,1616.0
2026-06-26T02:15:00+00:00,1612.0
2026-06-26T02:30:00+00:00,1630.24
2026-06-26T02:45:00+00:00,1619.16
2026-06-26T03:00:00+00:00,1601.28
2026-06-26T03:15:00+00:00,1614.72
2026-06-26T03:30:00+00:00,1611.96
2026-06-26T03:45:00+00:00,1621.68
2026-06-26T04:00:00+00:00,1631.16
2026-06-26T04:15:00+00:00,1631.44
2026-06-26T04:30:00+00:00,1655.48
2026-06-26T04:45:00+00:00,1636.0
2026-06-26T05:00:00+00:00,1619.44
2026-06-26T05:15:00+00:00,4270.08
2026-06-26T05:30:00+00:00,6885.76
2026-06-26T05:45:00+00:00,9224.16
2026-06-26T06:00:00+00:00,11517.08
2026-06-26T06:15:00+00:00,13346.6
2026-06-26T06:30:00+00:00,14827.68
2026-06-26T06:45:00+00:00,15984.28
2026-06-26T07:00:00+00:00,16602.6
2026-06-26T07:15:00+00:00,16659.32
2026-06-26T07:30:00+00:00,17215.76
2026-06-26T07:45:00+00:00,16297.92
2026-06-26T08:00:00+00:00,18263.84
2026-06-26T08:15:00+00:00,16818.76
2026-06-26T08:30:00+00:00,14746.36
2026-06-26T08:45:00+00:00,12659.24
2026-06-26T09:00:00+00:00,10079.04
2026-06-26T09:15:00+00:00,9224.88
2026-06-26T09:30:00+00:00,8517.4
2026-06-26T09:45:00+00:00,7557.52
2026-06-26T10:00:00+00:00,6598.28
2026-06-26T10:15:00+00:00,5476.04
2026-06-26T10:30:00+00:00,4388.56
2026-06-26T10:45:00+00:00,3156.64
2026-06-26T11:00:00+00:00,1916.76
2026-06-26T11:15:00+00:00,1931.92
2026-06-26T11:30:00+00:00,1914.68
2026-06-26T11:45:00+00:00,1940.36
2026-06-26T12:00:00+00:00,1900.08
2026-06-26T12:15:00+00:00,1918.2
2026-06-26T12:30:00+00:00,1925.76
2026-06-26T12:45:00+00:00,1944.48
2026-06-26T13:00:00+00:00,1884.8
2026-06-26T13:15:00+00:00,3826.16
2026-06-26T13:30:00+00:00,5685.64
2026-06-26T13:45:00+00:00,7449.48
2026-06-26T14:00:00+00:00,8940.84
2026-06-26T14:15:00+00:00,10142.76
2026-06-26T14:30:00+00:00,11020.44
2026-06-26T14:45:00+00:00,11457.24
2026-06-26T15:00:00+00:00,11785.56
2026-06-26T15:15:00+00:00,11500.0
2026-06-26T15:30:00+00:00,11143.08
2026-06-26T15:45:00+00:00,10097.12
2026-06-26T16:00:00+00:00,9090.28
2026-06-26T16:15:00+00:00,7441.16
2026-06-26T16:30:00+00:00,5714.2
2026-06-26T16:45:00+00:00,3836.48
2026-06-26T17:00:00+00:00,1625.72
2026-06-26T17:15:00+00:00,2618.08
2026-06-26T17:30:00+00:00,3694.64
2026-06-26T17:45:00+00:00,4621.48
2026-06-26T18:00:00+00:00,5667.88
2026-06-26T18:15:00+00:00,6331.92
2026-06-26T18:30:00+00:00,7133.08
2026-06-26T18:45:00+00:00,7865.88
2026-06-26T19:00:00+00:00,8500.4
2026-06-26T19:15:00+00:00,8868.8
2026-06-26T19:30:00+00:00,9298.68
2026-06-26T19:45:00+00:00,9312.2
2026-06-26T20:00:00+00:00,9520.16
2026-06-26T20:15:00+00:00,9434.6
2026-06-26T20:30:00+00:00,9202.84
2026-06-26T20:45:00+00:00,8970.16
2026-06-26T21:00:00+00:00,8537.92
2026-06-26T21:15:00+00:00,9372.56
2026-06-26T21:30:00+00:00,10371.52
2026-06-26T21:45:00+00:00,11059.96
2026-06-26T22:00:00+00:00,11411.56
2026-06-26T22:15:00+00:00,11536.92
2026-06-26T22:30:00+00:00,11219.92
2026-06-26T22:45:00+00:00,10897.52
2026-06-26T23:00:00+00:00,9986.92
2026-06-26T23:15:00+00:00,9751.24
2026-06-26T23:30:00+00:00,9280.24
2026-06-26T23:45:00+00:00,8478.88
2026-06-27T00:00:00+00:00,7459.12
2026-06-27T00:15:00+00:00,6280.24
2026-06-27T00:30:00+00:00,4755.04
2026-06-27T00:45:00+00:00,3268.6
2026-06-27T01:00:00+00:00,1624.08
2026-06-27T01:15:00+00:00,1627.6
2026-06-27T01:30:00+00:00,1594.16
2026-06-27T01:45:00+00:00,1602.24
2026-06-27T02:00:00+00:00,1636.04
2026-06-27T02:15:00+00:00,1639.64
2026-06-27T02:30:00+00:00,1615.4
2026-06-27T02:45:00+00:00,1612.6
2026-06-27T03:00:00+00:00,1613.92
2026-06-27T03:15:00+00:00,1625.76
2026-06-27T03:30:00+00:00,1639.52
2026-06-27T03:45:00+00:00,1623.28
2026-06-27T04:00:00+00:00,1605.88
2026-06-27T04:15:00+00:00,1639.16
2026-06-27T04:30:00+00:00,1613.84
2026-06-27T04:45:00+00:00,1634.24
2026-06-27T05:00:00+00:00,1589.76
2026-06-27T05:15:00+00:00,4357.12
2026-06-27T05:30:00+00:00,6828.36
2026-06-27T05:45:00+00:00,9258.68
2026-06-27T06:00:00+00:00,11584.88
2026-06-27T06:15:00+00:00,13184.16
2026-06-27T06:30:00+00:00,14736.48
2026-06-27T06:45:00+00:00,15956.12
2026-06-27T07:00:00+00:00,16762.68
2026-06-27T07:15:00+00:00,17089.64
2026-06-27T07:30:00+00:00,16681.24
2026-06-27T07:45:00+00:00,16299.44
2026-06-27T08:00:00+00:00,15280.6
2026-06-27T08:15:00+00:00,14007.36
2026-06-27T08:30:00+00:00,12376.2
2026-06-27T08:45:00+00:00,10541.92
2026-06-27T09:00:00+00:00,8434.04
2026-06-27T09:15:00+00:00,7824.28
2026-06-27T09:30:00+00:00,7234.36
2026-06-27T09:45:00+00:00,6388.48
2026-06-27T10:00:00+00:00,5524.96
2026-06-27T10:15:00+00:00,4656.04
2026-06-27T10:30:00+00:00,3666.48
2026-06-27T10:45:00+00:00,2641.12
2026-06-27T11:00:00+00:00,1616.12
2026-06-27T11:15:00+00:00,1602.04
2026-06-27T11:30:00+00:00,1613.16
2026-06-27T11:45:00+00:00,1638.36
2026-06-27T12:00:00+00:00,1608.56
2026-06-27T12:15:00+00:00,1615.44
2026-06-27T12:30:00+00:00,1624.4
2026-06-27T12:45:00+00:00,1625.6
2026-06-27T13:00:00+00:00,1621.16
2026-06-27T13:15:00+00:00,3250.36
2026-06-27T13:30:00+00:00,4807.52
2026-06-27T13:45:00+00:00,6192.12
2026-06-27T14:00:00+00:00,7589.52
2026-06-27T14:15:00+00:00,8410.32
2026-06-27T14:30:00+00:00,9323.68
2026-06-27T14:45:00+00:00,9760.68
2026-06-27T15:00:00+00:00,9932.2
2026-06-27T15:15:00+00:00,9859.4
2026-06-27T15:30:00+00:00,9363.28
2026-06-27T15:45:00+00:00,8459.24
2026-06-27T16:00:00+00:00,7522.88
2026-06-27T16:15:00+00:00,6297.0
2026-06-27T16:30:00+00:00,4817.44
2026-06-27T16:45:00+00:00,3250.2
2026-06-27T17:00:00+00:00,1622.6
2026-06-27T17:15:00+00:00,2639.0
2026-06-27T17:30:00+00:00,3571.92
2026-06-27T17:45:00+00:00,4674.6
2026-06-27T18:00:00+00:00,5602.32
2026-06-27T18:15:00+00:00,6410.04
2026-06-27T18:30:00+00:00,7176.0
2026-06-27T18:45:00+00:00,7773.36
2026-06-27T19:00:00+00:00,8380.08
2026-06-27T19:15:00+00:00,8906.2
2026-06-27T19:30:00+00:00,9259.88
2026-06-27T19:45:00+00:00,9576.96
2026-06-27T20:00:00+00:00,9500.64
2026-06-27T20:15:00+00:00,9322.88
2026-06-27T20:30:00+00:00,9289.24
2026-06-27T20:45:00+00:00,8945.8
2026-06-27T21:00:00+00:00,8383.28
2026-06-27T21:15:00+00:00,9568.72
2026-06-27T21:30:00+00:00,10403.8
2026-06-27T21:45:00+00:00,11015.8
2026-06-27T22:00:00+00:00,11448.64
2026-06-27T22:15:00+00:00,11572.0
2026-06-27T22:30:00+00:00,11267.96
2026-06-27T22:45:00+00:00,10801.56
2026-06-27T23:00:00+00:00,9962.76
2026-06-27T23:15:00+00:00,9931.8
2026-06-27T23:30:00+00:00,9214.56
2026-06-27T23:45:00+00:00,8593.12
2026-06-28T00:00:00+00:00,7435.68
2026-06-28T00:15:00+00:00,6403.72
2026-06-28T00:30:00+00:00,4819.32
2026-06-28T00:45:00+00:00,3237.48
2026-06-28T01:00:00+00:00,1627.04
2026-06-28T01:15:00+00:00,1573.56
2026-06-28T01:30:00+00:00,1629.28
2026-06-28T01:45:00+00:00,1630.6
2026-06-28T02:00:00+00:00,1636.28
2026-06-28T02:15:00+00:00,1625.12
2026-06-28T02:30:00+00:00,1636.96
2026-06-28T02:45:00+00:00,1595.36
2026-06-28T03:00:00+00:00,1627.16
2026-06-28T03:15:00+00:00,1618.4
2026-06-28T03:30:00+00:00,1630.8
2026-06-28T03:45:00+00:00,1622.08
2026-06-28T04:00:00+00:00,1611.48
2026-06-28T04:15:00+00:00,1641.44
2026-06-28T04:30:00+00:00,1643.72
2026-06-28T04:45:00+00:00,1646.72
2026-06-28T05:00:00+00:00,1632.16
2026-06-28T05:15:00+00:00,4295.6
2026-06-28T05:30:00+00:00,6786.64
2026-06-28T05:45:00+00:00,9252.64
2026-06-28T06:00:00+00:00,11450.68
2026-06-28T06:15:00+00:00,13377.0
2026-06-28T06:30:00+00:00,15003.76
2026-06-28T06:45:00+00:00,16029.2
2026-06-28T07:00:00+00:00,16674.36
2026-06-28T07:15:00+00:00,17026.12
2026-06-28T07:30:00+00:00,16956.44
2026-06-28T07:45:00+00:00,16277.8
2026-06-28T08:00:00+00:00,15483.72
2026-06-28T08:15:00+00:00,14022.08
2026-06-28T08:30:00+00:00,12421.92
2026-06-28T08:45:00+00:00,10456.88
2026-06-28T09:00:00+00:00,8508.92
2026-06-28T09:15:00+00:00,7899.48
2026-06-28T09:30:00+00:00,7149.92
2026-06-28T09:45:00+00:00,6405.76
2026-06-28T10:00:00+00:00,5583.48
2026-06-28T10:15:00+00:00,4644.2
2026-06-28T10:30:00+00:00,3693.6
2026-06-28T10:45:00+00:00,2654.92
2026-06-28T11:00:00+00:00,1620.12
2026-06-28T11:15:00+00:00,1646.44
2026-06-28T11:30:00+00:00,1613.8
2026-06-28T11:45:00+00:00,1630.36
2026-06-28T12:00:00+00:00,1613.2
2026-06-28T12:15:00+00:00,1624.96
2026-06-28T12:30:00+00:00,1610.44
2026-06-28T12:45:00+00:00,1635.16
2026-06-28T13:00:00+00:00,1621.2
2026-06-28T13:15:00+00:00,3260.24
2026-06-28T13:30:00+00:00,4726.28
2026-06-28T13:45:00+00:00,6230.56
2026-06-28T14:00:00+00:00,7569.0
2026-06-28T14:15:00+00:00,8508.24
2026-06-28T14:30:00+00:00,9182.12
2026-06-28T14:45:00+00:00,9868.44
2026-06-28T15:00:00+00:00,9949.28
2026-06-28T15:15:00+00:00,9798.64
2026-06-28T15:30:00+00:00,9271.24
2026-06-28T15:45:00+00:00,8534.76
2026-06-28T16:00:00+00:00,7525.32
2026-06-28T16:15:00+00:00,6215.88
2026-06-28T16:30:00+00:00,4863.44
2026-06-28T16:45:00+00:00,3209.72
2026-06-28T17:00:00+00:00,1602.52
2026-06-28T17:15:00+00:00,2649.8
2026-06-28T17:30:00+00:00,3648.28
2026-06-28T17:45:00+00:00,4670.44
2026-06-28T18:00:00+00:00,5502.04
2026-06-28T18:15:00+00:00,6496.2
2026-06-28T18:30:00+00:00,7187.92
2026-06-28T18:45:00+00:00,7988.48
2026-06-28T19:00:00+00:00,8469.84
2026-06-28T19:15:00+00:00,8879.96
2026-06-28T19:30:00+00:00,9183.48
2026-06-28T19:45:00+00:00,9261.28
2026-06-28T20:00:00+00:00,9391.2
2026-06-28T20:15:00+00:00,9420.8
2026-06-28T20:30:00+00:00,9101.72
2026-06-28T20:45:00+00:00,8821.8
2026-06-28T21:00:00+00:00,8409.96
2026-06-28T21:15:00+00:00,9495.36
2026-06-28T21:30:00+00:00,10474.64
2026-06-28T21:45:00+00:00,11163.68
2026-06-28T22:00:00+00:00,11497.52
2026-06-28T22:15:00+00:00,11622.8
2026-06-28T22:30:00+00:00,11502.08
2026-06-28T22:45:00+00:00,10818.08
2026-06-28T23:00:00+00:00,9998.4
2026-06-28T23:15:00+00:00,9809.72
2026-06-28T23:30:00+00:00,9261.32
2026-06-28T23:45:00+00:00,8619.6
2026-06-29T00:00:00+00:00,7445.56
2026-06-29T00:15:00+00:00,6241.08
2026-06-29T00:30:00+00:00,4806.0
2026-06-29T00:45:00+00:00,3231.36
2026-06-29T01:00:00+00:00,1606.0
2026-06-29T01:15:00+00:00,1621.04
2026-06-29T01:30:00+00:00,1606.32
2026-06-29T01:45:00+00:00,1636.36
2026-06-29T02:00:00+00:00,1618.16
2026-06-29T02:15:00+00:00,1610.76
2026-06-29T02:30:00+00:00,1621.36
2026-06-29T02:45:00+00:00,1623.8
2026-06-29T03:00:00+00:00,1620.32
2026-06-29T03:15:00+00:00,1596.88
2026-06-29T03:30:00+00:00,1627.28
2026-06-29T03:45:00+00:00,1619.76
2026-06-29T04:00:00+00:00,1616.08
2026-06-29T04:15:00+00:00,1614.2
2026-06-29T04:30:00+00:00,1631.08
2026-06-29T04:45:00+00:00,1626.48
2026-06-29T05:00:00+00:00,1616.72
2026-06-29T05:15:00+00:00,4290.28
2026-06-29T05:30:00+00:00,6886.52
2026-06-29T05:45:00+00:00,9258.24
2026-06-29T06:00:00+00:00,11417.64
2026-06-29T06:15:00+00:00,13160.0
2026-06-29T06:30:00+00:00,14756.28
2026-06-29T06:45:00+00:00,16078.44
2026-06-29T07:00:00+00:00,16609.96
2026-06-29T07:15:00+00:00,17194.04
2026-06-29T07:30:00+00:00,17005.56
2026-06-29T07:45:00+00:00,16169.84
2026-06-29T08:00:00+00:00,18415.88
2026-06-29T08:15:00+00:00,16807.12
2026-06-29T08:30:00+00:00,14804.84
2026-06-29T08:45:00+00:00,12623.92
2026-06-29T09:00:00+00:00,10123.16
2026-06-29T09:15:00+00:00,9356.4
2026-06-29T09:30:00+00:00,8539.04
2026-06-29T09:45:00+00:00,7618.96
2026-06-29T10:00:00+00:00,6688.88
2026-06-29T10:15:00+00:00,5486.2
2026-06-29T10:30:00+00:00,4373.88
2026-06-29T10:45:00+00:00,3168.68
2026-06-29T11:00:00+00:00,1941.08
2026-06-29T11:15:00+00:00,1927.04
2026-06-29T11:30:00+00:00,1934.44
2026-06-29T11:45:00+00:00,1950.2
2026-06-29T12:00:00+00:00,1877.32
2026-06-29T12:15:00+00:00,1932.4
2026-06-29T12:30:00+00:00,1944.72
2026-06-29T12:45:00+00:00,1923.72
2026-06-29T13:00:00+00:00,1910.32
2026-06-29T13:15:00+00:00,3888.12
2026-06-29T13:30:00+00:00,5707.52
2026-06-29T13:45:00+00:00,7384.2
2026-06-29T14:00:00+00:00,8968.36
2026-06-29T14:15:00+00:00,10199.76
2026-06-29T14:30:00+00:00,11144.24
2026-06-29T14:45:00+00:00,11672.12
2026-06-29T15:00:00+00:00,11672.56
2026-06-29T15:15:00+00:00,11636.8
2026-06-29T15:30:00+00:00,11090.68
2026-06-29T15:45:00+00:00,10233.04
2026-06-29T16:00:00+00:00,8981.08
2026-06-29T16:15:00+00:00,7401.0
2026-06-29T16:30:00+00:00,5726.72
2026-06-29T16:45:00+00:00,3901.28
2026-06-29T17:00:00+00:00,1613.96
2026-06-29T17:15:00+00:00,2624.44
2026-06-29T17:30:00+00:00,3640.76
2026-06-29T17:45:00+00:00,4601.64
2026-06-29T18:00:00+00:00,5492.12
2026-06-29T18:15:00+00:00,6456.84
2026-06-29T18:30:00+00:00,7246.6
2026-06-29T18:45:00+00:00,7825.32
2026-06-29T19:00:00+00:00,8384.12
2026-06-29T19:15:00+00:00,8925.44
2026-06-29T19:30:00+00:00,9220.0
2026-06-29T19:45:00+00:00,9413.6
2026-06-29T20:00:00+00:00,9573.2
2026-06-29T20:15:00+00:00,9448.56
2026-06-29T20:30:00+00:00,9276.08
2026-06-29T20:45:00+00:00,8908.36
2026-06-29T21:00:00+00:00,8361.44
2026-06-29T21:15:00+00:00,9495.16
2026-06-29T21:30:00+00:00,10259.48
2026-06-29T21:45:00+00:00,11004.12
2026-06-29T22:00:00+00:00,11584.4
2026-06-29T22:15:00+00:00,11634.2
2026-06-29T22:30:00+00:00,11427.84
2026-06-29T22:45:00+00:00,10860.6
2026-06-29T23:00:00+00:00,9995.04
2026-06-29T23:15:00+00:00,9806.48
2026-06-29T23:30:00+00:00,9363.96
2026-06-29T23:45:00+00:00,8452.24
